,BR_665_620,BR_708_620,BR_708_660,BR_708_681,BR_708_673,LH_553,LH_620,LH_665,SS_665_CI,LH_673,SS_681_CI,LH_708,LH_708_,mm12,mi14,Chla
1,0.638343396,0.328427645,0.51449995,0.553200544,0.519306085,0.013782528,-0.005203952,-0.000399277,-0.000498695,0.000132256,0.000569116,-0.000609408,-0.000330592,-0.320567887,-0.186072305,4.31
2,0.750568041,0.45309549,0.603670108,0.68981883,0.638465948,0.016876662,-0.002938415,-5.65E-05,7.21E-05,0.000115499,0.00032838,-5.80E-05,0.0001918,-0.24713929,-0.150574617,4.25
3,0.668724553,0.33804577,0.505508237,0.576394022,0.525544938,0.020136283,-0.005426058,-0.000455857,-0.000421549,0.000251182,0.000655934,-0.001043949,-0.000826108,-0.328455036,-0.167462467,2.55
4,0.787275234,0.643825599,0.817789727,0.90285396,0.859922932,0.025643224,0.002402236,3.11E-05,-5.22E-05,-7.21E-05,-0.001008359,0.006466172,0.007604417,-0.100237267,-0.173964128,15.87
5,0.7131729,0.426598569,0.59816991,0.676206429,0.62619335,0.032168573,-0.005722848,-0.000562092,-0.000503861,0.000320514,0.000844368,-0.000397956,0.0001691,-0.251431395,-0.171571341,6.73
6,0.614874411,0.298041411,0.484719165,0.527078961,0.494779758,0.01370267,-0.006132843,-0.000384573,-0.000522529,9.88E-05,0.000554201,-0.000653859,-0.00040066,-0.347056095,-0.186677754,2.24
7,0.671519265,0.357303785,0.532082701,0.608064743,0.556994832,0.02590375,-0.006306875,-0.000538893,-0.000542834,0.000266776,0.000738622,-0.001024352,-0.000733233,-0.305412559,-0.174778917,3.27
8,0.676834672,0.351074632,0.518700721,0.578164744,0.531658524,0.016086706,-0.006504167,-0.000379828,-0.000364949,0.000199998,0.000563631,-0.00070577,-0.000460623,-0.316915158,-0.167626088,2.48
9,0.858863963,0.72949114,0.849367503,0.929616897,0.879630133,0.024521769,0.004408807,0.000242725,0.001133626,0.00048247,-0.001667721,0.010480165,0.01229779,-0.081450818,-0.119876363,11.79
10,0.655442408,0.337868708,0.515481916,0.578408524,0.534524781,0.013140658,-0.004193007,-0.000293014,-0.000343903,0.000112015,0.000426643,-0.00060966,-0.00044695,-0.319712218,-0.177613208,3.54
11,0.689370979,0.361539385,0.524448223,0.594936046,0.544769134,0.013330166,-0.003503493,-0.000372369,-0.000315435,0.000224774,0.000599075,-0.000823808,-0.000585565,-0.311950101,-0.162908838,5.21
12,0.786686542,0.494612205,0.628728444,0.702943313,0.644418939,0.030062843,-0.00251378,-0.000810938,0.000270733,0.001138601,0.001303939,0.000211612,0.001337657,-0.227951785,-0.134116239,4.93
13,0.666459041,0.312006758,0.46815594,0.4988718,0.46879382,0.015773095,-0.006286306,-0.000424085,-0.000489431,0.000167752,0.000777196,-0.001003293,-0.000674377,-0.362253114,-0.156149181,1.82
14,0.765576146,0.688815596,0.899734924,0.98240659,0.956807057,0.025766063,0.001657959,0.000147684,-0.000608618,-0.000586446,-0.001563337,0.007816471,0.008911926,-0.052778456,-0.210919328,36.04
15,0.706267317,0.498820124,0.706276663,0.778975445,0.735297374,0.020941266,-0.004911883,-0.00032167,-0.000442288,7.91E-05,0.000175489,0.000759947,0.001133151,-0.172142856,-0.207456539,9.86
16,0.696972378,0.380520301,0.54596181,0.601405075,0.562088666,0.023516941,-0.005028626,-0.000576137,-0.000642659,0.000242982,0.001071604,-0.00127176,-0.000784434,-0.293693019,-0.165441509,12.55
17,0.783897176,0.538055608,0.68638544,0.7831905,0.726322087,0.028933282,-0.00373294,0.000153582,0.000571345,0.00020636,-0.000209166,0.00196556,0.00239084,-0.185968494,-0.148329832,4.75
18,0.701897869,0.89472947,1.27472886,1.309629323,1.374634526,0.026280884,-0.003068535,-3.70E-05,-0.001414662,-0.000915252,-0.001987281,0.007740598,0.008467803,0.120774333,-0.37999939,60.59
19,0.727226089,0.416942978,0.573333361,0.608413851,0.586115758,0.014590133,-0.004878148,-0.000246431,-0.000361225,4.54E-05,0.000653914,-0.000519129,-0.000143897,-0.271186418,-0.156390383,4.42
20,0.690063308,0.716560642,1.038398409,1.058094455,1.099399631,0.025311582,-0.002349276,-0.000332787,-0.001674455,-0.000742959,-0.000529361,0.004952636,0.006022326,0.018837539,-0.321837767,52.54
21,0.766796673,0.674284296,0.87935214,1.042992547,0.985073694,0.028507928,-0.008361013,0.000584853,0.000465258,-0.000373485,-0.001448658,0.00328394,0.003099294,-0.064196516,-0.205067845,16.28
22,0.766089001,0.737217452,0.962313061,1.048747947,1.037974225,0.028774967,0.001102812,0.000506743,-0.000618487,-0.001016027,-0.002193196,0.009374619,0.010429287,-0.019205365,-0.225095609,43.56
23,0.729078346,0.409179815,0.561228868,0.619488193,0.5819891,0.027468194,-0.003980913,-0.000620178,-0.000675162,0.000272823,0.001663702,-0.002180021,-0.001485724,-0.281042159,-0.152049053,7.93
24,0.71270455,0.405205292,0.568545959,0.62334251,0.583858426,0.022695876,-0.006800684,-0.000523895,-0.000555188,0.000240738,0.00098636,-0.000912674,-0.000385956,-0.275066241,-0.163340667,6.26
25,0.677406562,0.367950752,0.543175653,0.604639485,0.550646766,0.015772347,-0.005252126,-0.000453358,-0.000374925,0.000279838,0.000513182,-0.000583375,-0.000342222,-0.296028741,-0.175224901,4.34
26,0.757662351,0.524153093,0.691803007,0.75852864,0.731818604,0.034787928,-0.006818777,-4.14E-05,-0.000424039,-0.000238701,0.000596095,0.000821339,0.001555685,-0.182170732,-0.167649914,19.67
27,0.718847813,0.517903829,0.720463802,0.854027178,0.789733577,0.026839239,-0.00741436,0.000202238,0.000167481,-0.000124677,-0.000686213,0.001523841,0.001426764,-0.162477233,-0.202559973,11.39
28,0.867937439,0.830631867,0.957018132,1.143073126,1.084452671,0.029478311,-0.007526123,0.001462676,0.001526631,-0.000687991,-0.002795134,0.006350752,0.005998883,-0.021962938,-0.126386266,26.61
29,0.76914161,0.603486255,0.784623075,0.948295331,0.874806674,0.030212889,-0.008245035,0.000645235,0.000742637,-0.000256601,-0.001412868,0.002863715,0.002580876,-0.120684826,-0.18113682,13.7
30,0.802333441,0.791000979,0.985875621,1.139680162,1.088886435,0.031183932,-0.000723155,0.001494118,0.001210114,-0.000939551,-0.004492489,0.012041615,0.012031934,-0.007112419,-0.194874642,41.84
31,0.750469776,0.468622004,0.62443821,0.700088245,0.656234896,0.032213767,-0.005611633,-0.000243042,-0.000201385,0.000149756,0.000851043,-4.08E-06,0.00068777,-0.231194876,-0.155816206,6.76
32,0.697923688,0.429250823,0.615039769,0.684220809,0.637818742,0.020280228,-0.005586706,-0.000364657,-0.00040559,0.000154585,0.000438856,-0.000190412,0.000109289,-0.238359599,-0.185788945,8.24
33,0.74417181,0.497083298,0.667968461,0.761243742,0.713418881,0.024336763,-0.007082119,2.48E-05,2.48E-06,-2.75E-05,1.15E-05,0.000398388,0.000528445,-0.19906344,-0.170885162,8.86
34,0.78233473,0.703699449,0.899486399,1.10635551,1.031954638,0.026988296,-0.006787353,0.001233006,0.001195585,-0.000641866,-0.002753016,0.005564672,0.005008896,-0.052916199,-0.19578695,22.69
35,0.680961618,0.382221744,0.561297045,0.639481071,0.589640136,0.02164146,-0.007592267,-0.000262874,-0.000287393,0.000114819,0.000360187,-0.000342631,-0.000153124,-0.28098622,-0.179075301,4.22
36,0.914792083,1.095273086,1.197291829,1.459198833,1.371949144,0.044144632,-0.010791322,0.003785508,0.004346973,-0.001512205,-0.010181242,0.022614999,0.021176487,0.089788633,-0.102018743,52.99
37,0.723726323,0.60237173,0.832319774,0.991241882,0.938091282,0.030144123,-0.007492986,0.000521977,0.000248519,-0.000446332,-0.001341289,0.003075701,0.002915394,-0.091512534,-0.229948045,15.3
38,0.84331042,0.965428822,1.144808364,1.34611638,1.295216377,0.035577702,-0.005332962,0.002317253,0.002022797,-0.001358203,-0.006681597,0.016374935,0.015895585,0.067515759,-0.179379542,48.44
39,0.822810451,0.766537979,0.931609435,1.091639308,1.038370975,0.052306436,-0.010648888,0.002167919,0.002044012,-0.001167941,-0.004793414,0.01214702,0.011924207,-0.035406001,-0.165071456,25.53
40,0.737474241,0.60546385,0.820996607,0.982735253,0.923546584,0.030182379,-0.007087853,0.000676045,0.000467525,-0.000479353,-0.00163358,0.003511447,0.003245144,-0.098299685,-0.215532757,33.12
41,0.714621089,0.457647395,0.640405667,0.733334882,0.684065456,0.022079809,-0.006992213,-6.43E-05,-0.000118903,-4.89E-06,7.48E-05,0.000295148,0.000445469,-0.219210614,-0.182758272,8.21
42,0.771202471,0.550224248,0.713462766,0.798959052,0.768637565,0.023200504,-0.007032708,0.000178484,1.24E-05,-0.000201797,-4.32E-06,0.000842599,0.001094416,-0.167226998,-0.163238518,12.69
43,1.014152683,2.041318698,2.012831728,2.782487842,2.618860205,0.044684233,-0.014641706,0.005176495,0.005414455,-0.002426964,-0.017033975,0.034966027,0.031689427,0.336172684,0.02848697,114.57
44,0.759864617,0.565986764,0.74485211,0.844888594,0.806382608,0.02975817,-0.004590304,0.000405116,0.000105617,-0.000405551,-0.000556355,0.002426185,0.002708301,-0.146228949,-0.178865347,46.33
45,0.939234975,1.488608768,1.584916242,2.202260357,2.04846714,0.036267172,-0.009586323,0.004187167,0.004358383,-0.001977537,-0.011433242,0.022953774,0.0205983,0.22628054,-0.096307475,86.98
46,0.774306172,0.619725083,0.800361802,0.887717982,0.847728352,0.032232362,-0.004507082,9.72E-05,-0.00010887,-0.000188214,-0.000680449,0.004365555,0.005134296,-0.110887822,-0.180636719,18.81
47,0.76323519,0.566580012,0.742340002,0.852958278,0.793793927,0.028287847,-0.00530682,0.000174121,0.00030331,5.01E-07,-0.000717006,0.00282321,0.003094803,-0.147881583,-0.17575999,16.26
48,0.773809464,0.632179552,0.81697056,0.922878665,0.884868686,0.035080077,-0.00629791,0.000538038,0.000204358,-0.00049518,-0.001193722,0.004556049,0.00496451,-0.100733299,-0.184791009,22.84
49,0.832329014,0.582702805,0.7000871,0.785296924,0.726102744,0.036957576,-0.00257218,6.89E-07,0.001364796,0.000924217,0.000154955,0.003285548,0.004407362,-0.176410315,-0.117384295,11.47
50,0.765385171,0.52747225,0.689159224,0.783263531,0.72516687,0.030871474,-0.003706287,-0.000131416,0.000263142,0.00033313,-0.000143329,0.002199127,0.002748802,-0.184021004,-0.161686974,9.97
51,0.768365308,0.995829545,1.29603658,1.534526358,1.50222612,0.057431954,-0.000727101,0.003860369,0.001933523,-0.003236158,-0.014432435,0.034683279,0.033439676,0.128933738,-0.300207034,71.13
52,0.811560499,0.656279666,0.808663886,0.927165329,0.867205171,0.038516863,-0.003526349,0.001028775,0.001542288,-0.00016634,-0.002615626,0.008359603,0.008762666,-0.105788652,-0.152384219,22.88
53,0.814746197,0.805704475,0.988902406,1.113856571,1.067428457,0.025011037,0.001243552,0.001165365,0.000957341,-0.000723676,-0.004474703,0.013823781,0.014368635,-0.005579758,-0.183197931,50.69
54,0.761157753,0.503090827,0.660954744,0.745101251,0.692852263,0.02377485,-0.0018981,-0.000235867,2.87E-05,0.000297236,0.000376897,0.001110239,0.001753618,-0.204126727,-0.157863916,10.35
55,0.745477753,0.535990952,0.718989869,0.808207253,0.758285068,0.031940512,-0.002398257,-0.000268906,-0.000289683,0.000120371,-0.000207929,0.003207146,0.004009673,-0.163473989,-0.182998917,14.16
56,0.850038621,0.620348681,0.729788818,0.795462638,0.740177938,0.025400364,3.87E-05,-0.000813566,0.000809158,0.001506629,0.000994482,0.003990168,0.00600921,-0.156210503,-0.109440138,8.05
57,0.715930807,0.530133482,0.74048145,0.843876683,0.788385588,0.027155397,-0.005417968,-0.000154759,-0.000255179,9.32E-06,-0.000483957,0.002190464,0.002460109,-0.149107335,-0.210347968,16.5
58,0.800779732,0.858662736,1.072283302,1.251075839,1.192142001,0.037766528,-0.001773905,0.002037623,0.001711992,-0.001239517,-0.007236655,0.01815687,0.017765463,0.034880995,-0.213620567,51.61
59,0.757627409,1.795974423,2.370524616,3.573992621,3.373022145,0.048665356,-0.010055781,0.004038737,0.003255687,-0.002550102,-0.016757631,0.034003709,0.030660549,0.406620563,-0.574550193,44.09
60,0.860839573,1.017247003,1.181691728,1.381049524,1.311135126,0.03342398,-0.002083881,0.002471722,0.002665747,-0.001104355,-0.008816478,0.022106592,0.021625473,0.083280202,-0.164444725,60.26
61,0.794233245,0.58488892,0.73641959,0.820576364,0.771495431,0.038245846,-0.000660135,-2.68E-05,0.000409911,0.000309394,-0.000238482,0.005407978,0.006852541,-0.151795345,-0.151530669,14.69
62,0.821602781,0.600536197,0.730932527,0.81390154,0.756351927,0.033710495,-0.000892362,-0.000221283,0.000952425,0.000906154,-9.51E-05,0.005021199,0.006465342,-0.15544654,-0.13039633,10.69
63,0.769157025,0.524576567,0.682014921,0.765258132,0.713285918,0.037046345,-0.003953758,-0.000330819,6.24E-05,0.000431953,0.000390752,0.002260615,0.003263876,-0.189050094,-0.157438353,12.94
64,0.817269879,0.594556416,0.72749092,0.80757938,0.750170336,0.025220591,-0.000845641,-0.000329251,0.000591418,0.000788635,9.08E-05,0.003784054,0.005004667,-0.157748488,-0.132934504,22.16
65,0.724433662,0.464454365,0.641127531,0.715136148,0.669024986,0.02470073,-0.004255161,-0.00043492,-0.000462921,0.000198482,0.000593624,0.00033296,0.000917301,-0.218674333,-0.176673166,7.97
66,0.751781951,0.841531886,1.119382934,1.313445483,1.271725359,0.029030241,-0.00326468,0.001224692,0.000528706,-0.00108407,-0.004537106,0.011240141,0.010951252,0.0563291,-0.277851048,55.32
67,0.762163537,0.527625784,0.692273716,0.782542636,0.725663917,0.033632698,-0.004212838,-0.000272654,0.000110166,0.000395794,-2.89E-05,0.00232905,0.003011316,-0.18184191,-0.164647932,10.85
68,0.822323377,0.547819052,0.666184456,0.736267166,0.682987731,0.030755927,-0.001263548,-0.000613919,0.000709295,0.001203805,0.00151971,0.001835076,0.003628802,-0.200347292,-0.118365405,4.77
69,0.77173411,0.498245987,0.645618719,0.732020016,0.673496649,0.030349542,-0.004642255,-0.00030062,0.000300247,0.000557565,0.000437611,0.000903344,0.001533472,-0.215348353,-0.147372732,6.64
70,0.728436419,0.453062509,0.621965757,0.704512431,0.647287055,0.028834707,-0.004966045,-0.000597851,-0.000294253,0.000504698,0.000609195,0.000174234,0.000723157,-0.233071655,-0.168903248,7.42
71,0.820843111,0.553494633,0.674300151,0.733953188,0.68422067,0.027112006,-0.001633233,-0.000928119,0.000121873,0.001175721,0.001795316,0.001536345,0.003463999,-0.194528949,-0.120805517,5.52
72,0.750147409,0.60519578,0.80676914,0.939010328,0.876655026,0.033877355,-0.007452005,0.000398713,0.000378502,-0.000213055,-0.001578525,0.004300019,0.004317514,-0.106948284,-0.20157336,52.96
73,0.809456384,0.770849591,0.952305283,1.132229346,1.070054223,0.031403615,-0.005768739,0.001460848,0.001399978,-0.000771681,-0.003561735,0.00832331,0.00794487,-0.024429948,-0.181455692,39.76
74,0.735848117,0.532088259,0.723095224,0.82921285,0.780468809,0.032143371,-0.005253256,0.00019785,5.99E-06,-0.000228961,-0.000599513,0.002540965,0.002822715,-0.160701958,-0.191006965,16.63
75,0.779029758,0.51051078,0.655316148,0.737436192,0.684959032,0.036067387,-0.003957171,-0.00025552,0.000326247,0.000522069,0.000711198,0.001440116,0.00245571,-0.208228412,-0.144805368,8.25
76,0.735303424,0.646082484,0.878661058,1.036967902,0.967956712,0.039504161,-0.005968355,0.000711539,0.000539772,-0.00047219,-0.003188856,0.007785073,0.007547201,-0.06458799,-0.232578574,12.17
77,0.7086537,0.430379937,0.607320525,0.689953906,0.634632589,0.027474499,-0.006375171,-0.000490333,-0.000374408,0.000323738,0.000506281,-6.41E-05,0.000328794,-0.244306888,-0.176940588,5.07
78,0.763188354,0.4466703,0.585268759,0.645714518,0.599467931,0.028883969,-0.004887386,-0.000760091,-0.000350705,0.000657518,0.001726567,-0.001190105,-0.000144636,-0.261615729,-0.138598458,2.84
79,0.839828249,0.555401717,0.661327739,0.732574782,0.674113781,0.032688135,-0.001978311,-0.000687295,0.001177014,0.001607235,0.001558535,0.001638797,0.003404664,-0.203856382,-0.105926022,3.41
81,0.849034443,0.577363001,0.680023062,0.75654826,0.697364424,0.034118126,-0.000625837,-0.000350476,0.001712788,0.001573672,0.001096366,0.00312999,0.004971345,-0.190459849,-0.10266006,3.91
82,0.774745085,0.459738882,0.593406646,0.656302407,0.603798345,0.03170045,-0.004086433,-0.001088911,-0.000206994,0.0011422,0.002062873,-0.001078968,0.000274063,-0.255172372,-0.133667764,2.71
83,0.779509755,0.49713342,0.637751377,0.718658789,0.661245653,0.032604733,-0.003387783,-0.000417312,0.000295108,0.000691519,0.000739779,0.000702854,0.001518312,-0.221186578,-0.140617957,7.46
84,0.771578158,0.471587732,0.611198914,0.680080664,0.630852966,0.033736706,-0.003690871,-0.000659942,-0.000106152,0.000705317,0.001570256,-0.000474206,0.000660903,-0.241311661,-0.139611182,3.51
85,0.889233826,0.662293132,0.744790754,0.811378623,0.761798292,0.028361344,-0.000521747,7.32E-06,0.001327862,0.000891378,0.00061435,0.004621051,0.006521692,-0.146269256,-0.082497622,7.69
86,0.884585804,0.649164524,0.733862696,0.794153011,0.745337342,0.032843907,0.000663497,-0.000475694,0.001564631,0.001620734,0.001659984,0.005781555,0.008885423,-0.153493875,-0.084698173,4.86
87,0.904926969,0.70685888,0.781122571,0.846282038,0.791513616,0.031916515,-0.000771829,-0.000322444,0.002001123,0.001736084,0.000304372,0.008504518,0.011329524,-0.122887348,-0.07426369,8.09
88,0.726011852,0.399072288,0.549677374,0.615457608,0.563311074,0.034319193,-0.006870379,-0.000976104,-0.000539883,0.000783713,0.001626588,-0.001849308,-0.001085021,-0.290591212,-0.150605086,1.88
89,0.822253062,0.582041489,0.707861747,0.762955068,0.725158434,0.035991085,0.000608003,-0.000722006,-0.000200106,0.000714735,0.002128651,0.00338488,0.006144163,-0.171054978,-0.125820258,7.69
90,0.699423482,0.388490117,0.555443344,0.625158925,0.571744131,0.025224118,-0.006817153,-0.000750777,-0.00056233,0.000503113,0.000995232,-0.000979349,-0.00046561,-0.285807039,-0.166953226,2.77
91,0.765566967,0.502630359,0.656546561,0.727612342,0.680381437,0.035237825,-0.002375948,-0.00062431,-0.000313281,0.000522963,0.00114141,0.001413069,0.002770829,-0.207330991,-0.153916202,6.57
92,0.752984793,0.533432774,0.708424365,0.806114544,0.745084587,0.025963795,-0.000301935,-0.000245667,0.00010646,0.000361497,-0.000402842,0.002725028,0.003222722,-0.170669326,-0.174991591,13.83
93,0.858196346,0.652787283,0.760650272,0.822112984,0.779157328,0.031330927,0.000769594,-0.000254704,0.000630237,0.000727146,0.000762904,0.005534394,0.007832788,-0.135943936,-0.107862988,8.49
94,0.838013265,0.576478055,0.687910417,0.75798404,0.703201815,0.034241214,-0.000558541,-0.000618825,0.00101063,0.00141382,0.001367654,0.003175594,0.005251704,-0.184897006,-0.111432362,5.82
95,0.824386011,0.542966109,0.65863091,0.727507162,0.670517675,0.030096657,-0.001485462,-0.00087897,0.000717793,0.001521735,0.001662415,0.001405123,0.003184778,-0.205813776,-0.115664801,2.9
96,0.752412439,0.442002445,0.587447019,0.665086756,0.606519641,0.029084135,-0.004458369,-0.000681401,-5.74E-06,0.000798649,0.001090842,-0.000680584,1.55E-06,-0.259884567,-0.145444574,2.65
97,0.760330646,0.470713604,0.619090663,0.727597032,0.664134424,0.024431495,-0.002386352,0.000273258,0.000746485,0.000184113,-0.000201986,0.00123474,0.001444407,-0.235261277,-0.148377059,5.2
98,0.690488475,0.39919556,0.578135008,0.637826884,0.577551044,0.022989953,-0.005328854,-0.001151508,-0.00081566,0.000803384,0.001065258,-0.000764144,-0.000128164,-0.267318696,-0.178939448,3.95
99,0.718507754,0.398259691,0.554287256,0.624689596,0.57330558,0.02230586,-0.003715796,-0.000476575,-0.000301937,0.000356653,0.000817845,-0.000866359,-0.000462844,-0.28676343,-0.156027564,3.57
100,0.706833298,0.393955243,0.557352411,0.625117711,0.57470909,0.026493992,-0.004577961,-0.000656406,-0.000511787,0.000426223,0.000999832,-0.000928438,-0.000395526,-0.284230844,-0.163397168,2.19
101,0.822068899,0.567720035,0.690599091,0.759492835,0.711040497,0.032875332,-0.000234268,-0.000421783,0.000517966,0.000847833,0.001246526,0.002717108,0.004555638,-0.183012584,-0.122879056,7.55
102,0.770583195,0.475643305,0.617251075,0.691227807,0.636058819,0.035408244,-0.003066092,-0.000854866,3.71E-05,0.001031989,0.001525703,-3.99E-05,0.001190468,-0.23666636,-0.14160777,5.26
103,0.759837385,0.460878632,0.606549033,0.673883817,0.622234274,0.037104674,-0.00356668,-0.001043153,-0.000364509,0.000981546,0.001843149,-0.000608093,0.000708686,-0.244904425,-0.145670402,4.28
104,0.690613508,0.366247355,0.530321736,0.600788856,0.546205296,0.033153699,-0.007770382,-0.000911823,-0.000657978,0.000627962,0.001220702,-0.001693986,-0.001213182,-0.306914718,-0.164074381,1.56
105,0.964218373,0.727785893,0.754793637,0.80389137,0.753175163,0.024932752,0.002346375,-0.000556638,0.002647669,0.002450127,0.002261088,0.006961395,0.010912324,-0.139735156,-0.027007744,4.1
106,0.758113187,0.44633561,0.588745344,0.663503659,0.606169648,0.03679817,-0.002760221,-0.000984767,-2.36E-05,0.001143814,0.001672868,-0.00119302,-0.000192168,-0.258854987,-0.142409735,2.89
107,1.036034737,0.911573057,0.879867271,0.902822374,0.860082393,0.021178981,0.003763752,-0.001388756,0.002711131,0.003473191,0.001874331,0.013743809,0.019435043,-0.063904899,0.031705786,4.4
108,0.876865325,0.64013042,0.730021364,0.791362683,0.74087599,0.024331001,0.002035327,-0.000453018,0.001052726,0.001247069,0.001186952,0.004228231,0.006476159,-0.156055088,-0.089890944,6.2
109,0.953885869,0.858590526,0.900097752,0.964742429,0.910580567,0.02451007,0.004835334,0.00017072,0.00253255,0.001515436,-0.002055894,0.015478963,0.01849525,-0.052577426,-0.041507225,18.65
110,0.991498372,0.778935638,0.785614642,0.828871049,0.779853507,0.022394352,0.002624921,-0.000572979,0.002744983,0.002535331,0.002088794,0.00881454,0.013186714,-0.1200625,-0.006679004,2.82
112,0.726690365,0.704948312,0.97008072,0.985848616,1.015062724,0.016967795,-0.001053912,-0.000254746,-0.001155674,-0.000483256,-6.47E-05,0.003234897,0.004162487,-0.01518683,-0.265132408,37.57
113,0.767393418,0.576178157,0.750824992,0.814046495,0.792580943,0.014919354,-0.003966442,-6.58E-06,-0.000143079,-8.92E-05,9.70E-05,0.000696466,0.000986482,-0.142318626,-0.174646835,16.71
114,0.872558878,0.564547993,0.647002749,0.704033265,0.659232156,0.013919612,0.000975278,-0.000181986,0.000620062,0.000634603,0.001455349,0.000158155,0.001391308,-0.214327056,-0.082454757,6.27
115,0.727418751,0.648350252,0.891302638,0.905397209,0.912841325,0.015986064,-0.000272129,-0.000502348,-0.001193752,-0.000217445,0.000342132,0.002680656,0.003771606,-0.057472221,-0.242952386,35.41
116,1.007535114,0.896914271,0.890206464,0.921706182,0.883052738,0.018251725,0.003000455,-0.000373793,0.001766622,0.001637623,0.00043416,0.011768526,0.015688323,-0.058085473,0.006707807,15.31
117,0.744970144,0.583128273,0.782753883,0.916437202,0.852723857,0.045284199,-0.004357644,0.000672489,0.000665853,-0.000340743,-0.002430394,0.006269024,0.00618943,-0.121859848,-0.19962561,20.09
118,0.703476036,0.541566986,0.769844257,0.861445359,0.818566084,0.016514112,-0.003338896,-0.000130072,-0.000319194,-6.31E-05,-0.000205673,0.001335,0.001572047,-0.130042936,-0.22827727,15.58
119,0.929610683,0.791677249,0.851622365,0.909023368,0.867606443,0.034794918,0.005610212,0.000386671,0.002452561,0.001206879,-0.00072832,0.01656676,0.02099385,-0.080133853,-0.059945116,22.27
120,0.805219241,0.867400087,1.077222256,1.25040892,1.202138292,0.022989847,-0.002315791,0.00117836,0.000882427,-0.000789757,-0.003810705,0.009768151,0.009624783,0.037175731,-0.209822168,51.92
121,0.873163789,0.772619691,0.884850816,0.965668206,0.922305756,0.033194096,0.00572352,0.000869091,0.001636386,8.55E-05,-0.002827549,0.015358595,0.017709976,-0.061091936,-0.112231125,31.35
122,0.800073586,0.591967004,0.739890698,0.846085691,0.782106031,0.048852165,-0.003422309,0.0004724,0.001575415,0.000511399,-0.001673283,0.006929386,0.007666489,-0.149497496,-0.147923694,12.21
123,0.72602816,0.48230641,0.664308131,0.759166272,0.700938331,0.033397956,-0.005655731,-0.000338626,-0.000182975,0.000274809,-1.12E-06,0.001361569,0.001773249,-0.201700552,-0.182001721,14.52
124,0.755362886,0.701174705,0.928262055,1.107744836,1.036213153,0.046683997,-0.005390858,0.00151255,0.001321812,-0.000885553,-0.005173311,0.011912211,0.011308858,-0.037203421,-0.22708735,32.5
125,0.742624511,0.620403971,0.835420811,0.998983686,0.925455428,0.030503127,-0.005468929,0.00059789,0.000589799,-0.000304429,-0.002023131,0.004507469,0.004225744,-0.089668368,-0.21501684,21.52
126,0.740475963,0.459696558,0.620812263,0.738862045,0.672791313,0.017057091,-0.004718152,0.000130502,0.000266628,2.70E-05,-0.000192035,0.000445516,0.000424129,-0.233949203,-0.161115705,7.33
127,0.733888647,0.905159184,1.233374011,1.602325716,1.505449548,0.032950269,-0.004334336,0.001848451,0.001399793,-0.001228316,-0.005937695,0.011896688,0.010666122,0.104493922,-0.328214827,39.98
128,0.690782714,0.546157027,0.790635052,0.873906752,0.865423303,0.022891493,-0.002894565,8.58E-05,-0.000696258,-0.000572965,-0.000256871,0.002243923,0.002714705,-0.116922177,-0.244478025,23.1
129,0.839494057,0.62427617,0.743633817,0.822364419,0.773811404,0.029270814,0.001230171,0.000194665,0.000937312,0.000406017,-1.58E-05,0.004672163,0.006075116,-0.147029829,-0.119357647,15.97
130,0.681120363,0.461438874,0.677470384,0.758448739,0.718073046,0.025936102,-0.0054717,-0.000336352,-0.000653684,-4.69E-05,0.000196582,0.000673831,0.001038117,-0.192271422,-0.21603151,16.17
131,0.713663227,0.458687076,0.642722028,0.737008815,0.686226747,0.025556558,-0.005837378,-0.000111805,-0.000180349,9.44E-06,8.32E-05,0.000465148,0.000673829,-0.217491436,-0.184034951,10.32
132,0.713739827,0.520568578,0.729353413,0.848477273,0.786071448,0.023039558,-0.004424664,9.91E-06,-2.23E-05,-2.68E-05,-0.000543441,0.001578627,0.001614424,-0.156501606,-0.208784834,16.1
133,0.710994755,0.685871992,0.964665333,1.173730607,1.106916028,0.029693928,-0.005839948,0.000730869,0.000379265,-0.000603743,-0.002524699,0.00534407,0.004907385,-0.017985082,-0.278793341,27.06
134,0.78520187,0.823775226,1.0491254,1.298096324,1.226399374,0.025888735,-0.005962874,0.001178837,0.001009457,-0.00070422,-0.00304091,0.006292789,0.005723196,0.023973838,-0.225350174,30.56
135,0.876570129,4.870205796,5.555979649,8.825768115,9.249058115,0.058240546,-0.017008855,0.005817669,0.004327496,-0.00391884,-0.037819269,0.066399791,0.055721156,0.69493499,-0.685773853,531.7
136,0.792197612,1.054240822,1.330780106,1.72582157,1.652619982,0.027740871,-0.006501486,0.001718433,0.001367281,-0.00109722,-0.004809781,0.009786503,0.008835053,0.141918195,-0.276539284,38.02
137,0.850962077,0.73645499,0.865438084,0.970142849,0.918145591,0.030234396,0.000576377,0.000996912,0.001505305,-0.000153879,-0.002585915,0.009761891,0.010614087,-0.072134217,-0.128983095,35.12
138,0.688809546,0.506143678,0.734809325,0.846147725,0.793001329,0.032322457,-0.006147922,-0.00010894,-0.000396522,-0.000140447,-0.00060887,0.002183321,0.002349073,-0.152864451,-0.228665647,15.05
139,0.689010328,0.453669299,0.658436137,0.73778131,0.697514845,0.02132941,-0.004456588,-0.000249143,-0.000473214,-2.73E-05,0.000236873,0.000423104,0.000744226,-0.205955391,-0.204766839,12.39
140,0.716271761,0.568619893,0.793860549,0.93807216,0.898616109,0.027638575,-0.005853601,0.000544055,0.000132019,-0.000551297,-0.001069441,0.002516454,0.00240807,-0.114913866,-0.225240656,17.16
141,0.794905036,1.29539505,1.629622396,2.282714658,2.138379258,0.044992201,-0.010247034,0.003431139,0.003017128,-0.001996177,-0.010949973,0.021499482,0.019096885,0.239434528,-0.334227346,111.87
142,0.801667798,1.050973694,1.310984047,1.707126451,1.589835734,0.030940273,-0.006359859,0.00207198,0.00197386,-0.001102494,-0.006457949,0.013025497,0.011713303,0.134567803,-0.260010352,54.72
143,0.875663903,1.844359499,2.106241325,2.986958336,2.822644809,0.041251061,-0.010529635,0.004100998,0.003809562,-0.002248028,-0.014929532,0.030556137,0.027657052,0.356135023,-0.261881826,110.88
144,0.815042877,0.99787886,1.224326828,1.633764506,1.516951671,0.028683652,-0.006688288,0.002067712,0.002001011,-0.001079064,-0.005332896,0.010165114,0.008902373,0.100851559,-0.226447968,31.45
145,0.892714178,1.135605788,1.272082169,1.531065855,1.454366528,0.040223475,-0.006749057,0.003441923,0.003636296,-0.00158922,-0.010542609,0.02427323,0.023042918,0.119750145,-0.136476381,120.78
146,0.718391524,0.582947523,0.81146214,0.975675349,0.912924555,0.034837839,-0.006147876,0.000757647,0.000459432,-0.000580946,-0.002112991,0.004452653,0.004081134,-0.104080486,-0.228514617,22.04
147,0.699085254,0.555059028,0.793979025,0.923799554,0.868270729,0.025758703,-0.004522035,0.000114087,-0.000137247,-0.000227392,-0.000949348,0.002605358,0.002621717,-0.114840236,-0.238919997,15.91
148,0.767677572,0.581597052,0.757605892,0.918000308,0.84689415,0.027583111,-0.006460569,0.000718361,0.000811413,-0.000296111,-0.001385198,0.002812053,0.002536094,-0.137911524,-0.176008841,16.24
149,0.795282564,1.097989516,1.380628177,1.786864175,1.690709009,0.038581459,-0.006485695,0.002917901,0.002501708,-0.001741037,-0.009212666,0.019052359,0.017323062,0.159885605,-0.282638661,73.33
150,0.706247653,0.512016462,0.724981471,0.839961999,0.793635718,0.026749512,-0.007377126,0.000116096,-8.83E-05,-0.000196601,-0.000376124,0.001248262,0.001320209,-0.159432744,-0.212965009,12.97
151,0.863279102,1.318630288,1.52746694,1.985274079,1.871573316,0.047075264,-0.009208919,0.004390739,0.004270297,-0.002277002,-0.014177345,0.02971225,0.027170018,0.208693903,-0.208836652,116
152,0.784101742,1.622608055,2.069384582,3.188569454,3.011944209,0.044144115,-0.007431817,0.00498865,0.004155572,-0.003058967,-0.016668159,0.032394864,0.028637041,0.348403582,-0.446776526,113.49
153,0.802589893,1.347536146,1.678984694,2.233843203,2.129803408,0.047760994,-0.008081934,0.004064286,0.003383839,-0.002493335,-0.014280682,0.029872717,0.027294955,0.253448516,-0.331448548,92.55
154,0.733807673,0.610153484,0.831489648,0.987669198,0.923773181,0.026608572,-0.004308178,0.000482467,0.000345096,-0.00033434,-0.001531425,0.003659056,0.003520678,-0.092007264,-0.221336165,22.55
155,0.792994362,0.621395233,0.783606117,0.938842124,0.867549321,0.029033301,-0.005023354,0.001009785,0.001263862,-0.000332684,-0.002003682,0.004298936,0.003969857,-0.121323806,-0.162210884,18.89
156,0.873624571,0.882274241,1.0099009,1.162394562,1.096974261,0.047557733,-0.001574161,0.003138998,0.004053733,-0.000949512,-0.009292571,0.025296208,0.025393911,0.004926064,-0.127626659,46.9
157,0.731609729,0.459295626,0.627787751,0.71845744,0.66277612,0.027017857,-0.005792349,-0.000242146,-7.17E-05,0.000236602,0.000282213,0.000434078,0.000795449,-0.228661414,-0.168492125,8.88
158,0.839389453,0.997270492,1.18809033,1.434564822,1.351797823,0.028968685,-0.002015341,0.002362971,0.002446572,-0.001124822,-0.00772718,0.017619235,0.016665429,0.085960953,-0.190819838,66.56
159,0.677346399,0.38830296,0.57327087,0.672063246,0.608016905,0.023180294,-0.006771585,-0.000308475,-0.000217723,0.000215748,0.000155474,-0.000128374,-4.07E-05,-0.27123691,-0.18496791,5.56
160,0.888864587,1.009052141,1.135214695,1.312454254,1.249337838,0.038854122,-0.000519137,0.003280227,0.00373531,-0.001331669,-0.010360413,0.027047614,0.026806403,0.063326042,-0.126162554,45.6
161,0.833456419,0.809523139,0.971284306,1.136101685,1.060592985,0.043552881,-0.001197684,0.00244488,0.003230046,-0.000690272,-0.007948948,0.02008392,0.019696381,-0.014566998,-0.161761166,41.23
162,0.885480385,0.85050086,0.960496555,1.096348356,1.030525951,0.03857142,-0.001512312,0.002351165,0.003540566,-0.000369433,-0.00672621,0.019514848,0.019950653,-0.020149714,-0.109995696,39.43
163,0.81009225,0.706652083,0.872310633,1.01904571,0.953245986,0.03856599,-0.003206571,0.001636661,0.001994772,-0.00057561,-0.004302146,0.011173497,0.011055764,-0.068198815,-0.16565855,28.04
164,0.709558155,0.618345787,0.871451878,1.021662342,0.966794129,0.035733425,-0.002298501,0.000638389,3.19E-05,-0.000730256,-0.002885452,0.00729531,0.007156115,-0.068688981,-0.253106091,29.32
165,0.677141952,0.372943157,0.550760673,0.622401352,0.575086276,0.018917091,-0.006074726,-0.000389641,-0.000433882,0.000164836,0.000562556,-0.000686073,-0.000435832,-0.289689657,-0.177817516,3.97
166,0.874405995,0.947496987,1.083589307,1.259876815,1.186868094,0.048184751,-0.003105444,0.003292584,0.004134355,-0.001075758,-0.010787241,0.027788987,0.027424829,0.040117938,-0.136092321,61.91
167,0.698422062,0.614966791,0.880508827,1.011221135,0.959924699,0.029751192,-0.004149481,9.81E-05,-0.000346709,-0.000350559,-0.001642358,0.005093222,0.005299097,-0.063541937,-0.265542037,29.45
168,0.792978732,1.979703882,2.496540955,3.800660453,3.602930455,0.062229896,-0.010502163,0.006821269,0.005691063,-0.004176663,-0.027737931,0.05046965,0.04317388,0.428006128,-0.516837073,180.38
169,0.830889864,0.724346727,0.871772251,1.011478418,0.940590744,0.050237852,-0.003021731,0.002013051,0.003109822,-0.000263158,-0.005796049,0.015865844,0.015953408,-0.068506064,-0.147425524,33.49
170,0.696800798,1.850377845,2.655533476,4.553598341,4.463160755,0.061115275,-0.011588198,0.005611185,0.003900102,-0.003965326,-0.020832212,0.037679367,0.03213173,0.452884233,-0.805155632,166.81
171,0.590151397,1.06847498,1.810509957,3.301383572,3.166783297,0.053202531,-0.008068809,0.003871129,0.002258317,-0.003028692,-0.011265664,0.019037593,0.015631872,0.288385371,-0.742034977,35.15
172,0.751619584,0.724739,0.96423645,1.162289894,1.09691494,0.051490568,-0.00484229,0.002104391,0.001554907,-0.001424623,-0.006258938,0.013847995,0.012947116,-0.018207355,-0.23949745,33.54
173,0.769495129,1.306565998,1.697952267,2.396446073,2.298266667,0.058766963,-0.00995919,0.005069767,0.003917972,-0.003315545,-0.015826424,0.031211892,0.027781097,0.258697041,-0.391386269,89.16
174,0.720625818,0.569499481,0.790284592,0.944800339,0.883494999,0.036850081,-0.004791067,0.000771399,0.000470887,-0.000589379,-0.002123769,0.004763427,0.004477305,-0.117140822,-0.220785111,17.74
175,0.664885106,0.368953918,0.554913796,0.638657137,0.578933347,0.017510119,-0.005069871,-0.000351188,-0.000304932,0.000206945,0.000296494,-0.000377865,-0.000250907,-0.286244939,-0.185959878,3.63
176,1.084516952,0.953757121,0.879430349,0.893883499,0.851670045,0.018071604,0.002389842,-0.001723263,0.003505512,0.004405579,0.003107564,0.016171012,0.0236021,-0.064152232,0.074326772,5.12
177,0.824205873,0.62696432,0.760688974,0.834498925,0.80368572,0.022390371,0.003333334,0.000525195,0.000369358,-0.00036822,2.37E-05,0.004784271,0.006253375,-0.135918966,-0.133724654,16.14
178,1.119082395,1.074383942,0.960057943,0.961580238,0.928980843,0.013022341,0.001940378,-0.001414663,0.003333238,0.003925354,0.001522142,0.015770263,0.021788754,-0.020377998,0.114325999,4.81
179,0.833088364,0.664762272,0.797949294,0.877512414,0.839962274,0.03350725,0.005569258,0.000746095,0.000874825,-0.000285797,-0.000945122,0.009080699,0.011062724,-0.112378423,-0.133187022,21.67
180,0.694256556,0.392696549,0.565636069,0.641513706,0.581469269,0.030516982,-0.006126438,-0.00089393,-0.000582635,0.000657954,0.00089373,-0.001007401,-0.000584825,-0.277436078,-0.17293952,3.44
181,0.904413636,0.612680832,0.677434315,0.734402477,0.68330599,0.0295749,0.002351846,-0.000575527,0.00196136,0.002007208,0.00282235,0.002250365,0.005230798,-0.192297059,-0.064753483,2.99
182,0.613168965,0.612475533,0.998869102,1.063123218,1.084764382,0.017975865,0.001400559,-0.000390374,-0.001685732,-0.000682778,-0.000836926,0.004469026,0.005141689,-0.000565769,-0.386393569,43.02
183,0.588226684,0.620788819,1.055356439,1.048964326,1.141937927,0.012734303,-9.91E-05,-0.000319976,-0.001457782,-0.000611192,-0.000112402,0.002508537,0.003177161,0.026932768,-0.43456762,42.01
184,0.865907205,0.674161865,0.778561329,0.85267099,0.806801406,0.020184214,0.003402883,0.000276109,0.001022691,0.000367962,-0.000196668,0.005596769,0.007132594,-0.124504377,-0.104399465,19.99
185,0.705388047,0.579428855,0.821432767,0.883725394,0.874724235,0.01648904,0.001569601,-0.000212528,-0.001080934,-0.000482323,-7.60E-05,0.002892409,0.003707022,-0.098036687,-0.242003912,33.76
186,0.925513911,0.8164186,0.882124612,0.947216841,0.906952644,0.022565019,0.005145812,0.000720608,0.001921499,0.000453633,-0.001614545,0.013983391,0.016905907,-0.062628897,-0.065706012,28.91
187,0.632489194,0.559010716,0.883826508,0.93754758,0.955003468,0.014923901,0.000260897,-0.000285796,-0.001288678,-0.000536834,-0.000164654,0.002418417,0.003017178,-0.061668891,-0.324815792,36.06
188,0.64926411,0.414643192,0.638635627,0.666606059,0.642829504,0.011685371,-0.003153417,-0.000412429,-0.000600941,7.84E-05,0.000501971,-0.000166243,0.000192183,-0.220527594,-0.223992435,10.24
189,0.682148019,0.427498229,0.626694232,0.68609916,0.646775032,0.009728686,-0.001586224,-0.000290135,-0.000384972,8.08E-05,0.000345222,-7.42E-05,0.000184436,-0.229487362,-0.199196003,8.31
190,0.710666995,0.565944971,0.796357471,0.886948318,0.840141602,0.025069853,0.000347351,-0.000417203,-0.000762412,-2.54E-05,-0.000639305,0.003699798,0.004300302,-0.113364145,-0.2304125,28.35
191,0.642462562,0.347284235,0.540551708,0.580372887,0.522712088,0.01331667,-0.004970413,-0.000649877,-0.000548494,0.000393654,0.000588705,-0.00058254,-0.00027963,-0.298236203,-0.193267473,3.04
192,0.77288882,0.538614955,0.696885427,0.761942466,0.733987011,0.023039798,-0.000693748,-3.78E-05,-0.000370916,-0.000206862,0.000721544,0.001256787,0.002225253,-0.178629959,-0.158270471,11.18
193,0.878935517,0.786687951,0.895046265,0.968268957,0.928166982,0.026397063,0.004977045,0.000543252,0.00112335,0.000121551,-0.00208972,0.012983004,0.015215392,-0.055383205,-0.108358314,32.08
194,0.760333734,0.578973925,0.761473415,0.839339117,0.803465844,0.024429747,0.002431415,-0.000116732,-0.000518868,-0.000214193,-0.000146324,0.003911556,0.004977711,-0.135413105,-0.18249949,25.88
195,0.704895682,0.458796529,0.650871528,0.72237686,0.639133068,0.012839619,-0.001508808,-0.000903737,-0.000421975,0.000778396,0.000354699,0.000212708,0.000566029,-0.211481309,-0.192074998,8.61
196,0.754609946,0.530991987,0.703664178,0.781072053,0.73837328,0.032687483,0.000488205,-0.000346311,-0.000460036,9.61E-05,0.000421324,0.002504748,0.003606887,-0.173940279,-0.172672191,14.92
197,0.82472558,0.820290045,0.994621805,1.159345861,1.095639855,0.026707117,-0.004405383,0.001055679,0.001121202,-0.000483429,-0.00320064,0.008143054,0.008004064,-0.002696348,-0.17433176,35.15
198,0.663971917,0.39019167,0.587662912,0.594492542,0.59083799,0.01336427,-0.00469354,-0.000331669,-0.00057382,1.71E-06,0.000655412,-0.000411503,-2.44E-06,-0.259713246,-0.197471242,6.7
199,0.826544362,1.444606085,1.747765941,2.230037684,2.155322937,0.030070712,-0.005605902,0.002282313,0.001850529,-0.001433811,-0.008757397,0.019273973,0.0179826,0.272135967,-0.303159856,88.92
200,0.881472981,0.944623981,1.071642581,1.271089838,1.198337914,0.027797624,-0.006726801,0.001534763,0.001778075,-0.00060247,-0.00405543,0.009325832,0.008849124,0.034582501,-0.1270186,26.39
201,0.818723813,0.749784356,0.915796444,1.017818723,0.971818505,0.025956209,0.002600018,0.000618707,0.000632447,-0.000300041,-0.002746115,0.0103339,0.011228965,-0.043952246,-0.166012087,36.51
202,0.799924639,0.706816331,0.88360365,1.021552875,0.963069923,0.026035405,-0.00430318,0.000673122,0.000708733,-0.000312425,-0.001911297,0.005439267,0.005530981,-0.061794502,-0.176787319,28.86
203,0.718937925,0.45547711,0.633541637,0.719389297,0.671428816,0.018688649,-0.004373105,-0.000114887,-0.000150171,3.35E-05,0.000176193,0.000145039,0.000332481,-0.224333653,-0.178064527,8.03
204,0.730441515,0.489621483,0.670308947,0.776320198,0.713036899,0.027344211,-0.004169424,-9.59E-05,7.84E-05,0.00016606,-0.000275907,0.001193476,0.001330439,-0.197383277,-0.180687464,7.92
205,1.029836011,3.872917315,3.760712652,5.516883908,5.883250396,0.040097804,-0.013654114,0.004375251,0.003413963,-0.002839165,-0.018948632,0.039126258,0.035551048,0.57989483,0.112204663,143.23
206,0.796310108,0.61557716,0.773036979,0.90565066,0.855604404,0.023720865,-0.007031571,0.000532482,0.000503024,-0.000286208,-0.000761726,0.00158703,0.001447603,-0.128008059,-0.157459819,18.4
207,0.952552731,1.327880257,1.394022833,1.65237303,1.609714087,0.025522053,-0.006067502,0.002441967,0.002350639,-0.001282884,-0.006963126,0.016526602,0.015863936,0.16458608,-0.066142576,97.5
208,0.914618039,0.959920475,1.049531536,1.218714388,1.136520634,0.026913208,-0.005152564,0.001245838,0.001907416,-0.000174517,-0.003849234,0.009973764,0.009861323,0.024167247,-0.08961106,49.79
209,0.798705085,0.935618091,1.171418723,1.28823813,1.296888415,0.025403937,0.003746991,0.001527644,2.74E-05,-0.001780657,-0.00535054,0.016957515,0.017738709,0.078943191,-0.235800632,71.27
210,0.840261908,0.600115367,0.714200371,0.794536789,0.738337799,0.030589352,-0.003044875,-3.79E-05,0.000998825,0.000721613,0.000211388,0.0031499,0.004276569,-0.16672475,-0.114085005,13.98
211,0.733359404,0.462896484,0.631200039,0.716304378,0.665400952,0.020622934,-0.006027079,-0.000112905,-7.75E-05,8.04E-05,0.000184994,9.07E-06,0.000162482,-0.226091192,-0.168303555,7.64
212,0.775581812,0.479844611,0.618689871,0.68862356,0.633187243,0.028127189,-0.004320997,-0.000612955,-2.47E-05,0.000705158,0.001019904,-0.000119169,0.000675322,-0.235567131,-0.13884526,6.82
213,0.853698835,1.066032711,1.248722228,1.585086085,1.484599892,0.038068188,-0.011237663,0.002327532,0.002382215,-0.001126703,-0.00650558,0.013063846,0.011724482,0.110606025,-0.182689517,52.36
214,0.85674782,1.061924853,1.239483577,1.61122272,1.485122624,0.035402088,-0.010305865,0.002350209,0.002577689,-0.001020923,-0.006525127,0.012766498,0.011321111,0.106936965,-0.177558724,42.9
215,0.972531078,2.509101951,2.579970973,3.601809552,3.545134656,0.032116227,-0.010181978,0.003373268,0.003001394,-0.001938683,-0.012958264,0.027630708,0.025450518,0.441336252,-0.070869021,74.3
216,0.963684063,1.511992024,1.568970664,1.942847925,1.877233967,0.023958014,-0.006403304,0.002412726,0.0023828,-0.001226646,-0.007291182,0.01632621,0.015335652,0.22147807,-0.05697864,49.63
217,0.731324696,0.63610859,0.86980324,0.9590986,0.929487566,0.031777634,-0.006095664,-1.80E-05,-0.000534043,-0.000340735,-0.000861623,0.004097665,0.004637682,-0.069631262,-0.23369465,20.22
218,0.899846734,1.00023835,1.111565239,1.333434619,1.24377721,0.032358012,-0.008441248,0.001870078,0.002381788,-0.000588213,-0.005293043,0.011751792,0.011002319,0.052835327,-0.111326889,30.36
219,0.838233952,1.062053233,1.267012904,1.625996816,1.564202194,0.063048203,-0.013165724,0.005216193,0.004429495,-0.003141303,-0.012632701,0.025799892,0.023330046,0.117781819,-0.20495967,52.87
220,0.772447345,0.430151195,0.556867982,0.572195238,0.552338736,0.014773852,-0.005738292,-0.000306571,-0.000342813,0.000128722,0.000823231,-0.000798943,-0.000370613,-0.284630439,-0.126716788,5.63
221,0.916505407,1.576474773,1.72009326,2.256324479,2.129851963,0.043640327,-0.01113562,0.004229288,0.004280963,-0.002079619,-0.014293837,0.029848615,0.027252836,0.264731092,-0.143618487,100.53
222,0.830482476,1.033495111,1.244451437,1.56932246,1.543491405,0.041421458,-0.008701598,0.003317007,0.002460697,-0.002238891,-0.007393157,0.015114339,0.013673499,0.108913667,-0.210956326,51.57
223,0.891376644,1.198963656,1.345069634,1.571648815,1.507969049,0.029762467,-0.003271039,0.002388547,0.002423177,-0.001170802,-0.008878621,0.021720322,0.021071542,0.14714686,-0.146105978,81.47
224,0.874621311,0.940537176,1.075365034,1.309022072,1.224909436,0.034085427,-0.007522487,0.002193227,0.002515658,-0.000878077,-0.005522918,0.012246502,0.011459732,0.03631411,-0.134827858,42.47
225,0.732704588,0.435364557,0.594188387,0.669819636,0.654905422,0.024377758,-0.007314555,0.00028557,-0.000149603,-0.000437735,0.000459856,-7.31E-05,0.000279317,-0.254556875,-0.15882383,6.22
226,0.841911779,0.856945412,1.017856542,1.30080892,1.156890341,0.033154473,-0.006575644,0.001798226,0.0027137,-0.000278625,-0.00546978,0.010853573,0.009687979,0.008849262,-0.16091113,29.29
227,0.762271317,1.26685564,1.661948459,2.430977469,2.233671278,0.062607813,-0.012987463,0.004785734,0.004260657,-0.002748753,-0.015816442,0.029899153,0.026078688,0.248670652,-0.395092819,68.01
228,0.756691029,0.538118779,0.711147296,0.815757685,0.756553982,0.021863893,-0.006799214,2.53E-05,0.000106973,4.27E-05,-0.000216376,0.00073191,0.000777485,-0.168806452,-0.173028517,13.36
229,0.893549843,5.279806114,5.90879866,11.07513871,10.54291537,0.074853606,-0.021708226,0.008759085,0.00771502,-0.005087187,-0.05654168,0.062617746,0.035545619,0.710514071,-0.628992546,140.89
230,0.781971676,1.000909323,1.279981558,1.633806342,1.45096976,0.058691489,-0.008242029,0.002529416,0.003779829,-0.000417206,-0.013994967,0.028413695,0.02562649,0.122799922,-0.279072234,59.87
231,0.977193442,4.526123756,4.631758219,8.255789042,7.896528692,0.061254635,-0.019219076,0.007654404,0.006997875,-0.004272183,-0.039433874,0.055574748,0.040300873,0.644871118,-0.105634464,93.65
232,0.839223395,1.200415821,1.430388891,1.846245886,1.720076633,0.044829484,-0.010410862,0.003148998,0.003199712,-0.001540126,-0.010638346,0.022204034,0.020268725,0.177086429,-0.22997307,72.35
233,0.744087308,0.437712986,0.588254875,0.675176361,0.630942981,0.024647038,-0.006555667,8.13E-05,6.99E-05,-4.83E-05,0.000359489,-0.00025624,-4.11E-05,-0.259243734,-0.150541889,8.95
234,0.829416057,0.875558615,1.055632584,1.307910798,1.22837342,0.043828456,-0.009167832,0.002698973,0.002698749,-0.001349638,-0.006524421,0.013715613,0.01255841,0.027063486,-0.180073969,41.19
235,0.775111811,0.772746414,0.996948315,1.18414271,1.101835901,0.034816782,-0.00566577,0.001059764,0.001159579,-0.00046223,-0.004491672,0.010589636,0.010140627,-0.001528174,-0.224201901,52.5
236,0.86763619,0.963851737,1.110893883,1.260766195,1.211479763,0.038859677,-0.00069632,0.002552704,0.002564083,-0.001268639,-0.00861184,0.024143874,0.024446769,0.052534087,-0.147042147,39.63
237,0.807446103,0.884622242,1.095580545,1.274821095,1.255714328,0.032637776,-0.002442611,0.002428192,0.001383139,-0.00192241,-0.005918205,0.015002759,0.0147293,0.045610533,-0.210958303,69.27
238,0.788242022,0.874522128,1.109458902,1.317180227,1.258612618,0.042708226,-0.004020672,0.002329419,0.001778919,-0.001537827,-0.007695026,0.018140817,0.017371252,0.051889564,-0.234936774,54.02
239,0.808548065,0.818774813,1.012648287,1.187174415,1.10127343,0.041944001,-0.003838672,0.001429549,0.002032984,-0.00030578,-0.006655616,0.016552003,0.016147468,0.0062844,-0.193873474,63.91
240,0.739889117,0.647241403,0.874781624,0.985564039,0.948873012,0.032380275,-0.005697922,0.000318978,-0.000223917,-0.000527451,-0.001586431,0.005620411,0.006031587,-0.066790913,-0.227540221,45.48
241,0.724017732,0.649614508,0.897235634,1.038117562,1.006616476,0.043872899,-0.003650633,0.001203236,4.54E-06,-0.001414065,-0.003377588,0.009356665,0.009441331,-0.054165315,-0.247621125,31.98
242,0.860903128,1.014580452,1.178507104,1.373431394,1.32949226,0.043510732,-0.002907475,0.003669463,0.003174517,-0.002170195,-0.010613022,0.026717107,0.026170019,0.081940106,-0.163926651,35.23
243,0.750604523,0.880172358,1.172617977,1.342608116,1.328121729,0.041055781,0.000178974,0.001948907,0.00024736,-0.002127724,-0.007550433,0.020166145,0.020128071,0.079451601,-0.29244562,70.64
244,0.726071037,0.811787949,1.118055819,1.266547649,1.19924842,0.030293164,-0.002811748,1.14E-05,-0.000265541,-0.000193431,-0.003432554,0.009585205,0.009694362,0.055737823,-0.306267871,45.97
245,0.837381302,1.078910173,1.288433562,1.417093539,1.38675801,0.037873809,0.000674276,0.001694703,0.000880069,-0.001399492,-0.010870151,0.026887905,0.026183169,0.126039736,-0.209523389,106.76
246,0.742184668,0.907063433,1.22215329,1.383905805,1.373295176,0.035928836,-6.14E-05,0.001294233,-0.000154335,-0.001628924,-0.006297124,0.017484245,0.017654161,0.099972082,-0.315089857,93.65
247,0.798903591,0.898207472,1.124300206,1.249175856,1.193582022,0.032488475,0.005209376,0.000540287,0.000369573,-0.00038585,-0.006997953,0.021435162,0.022231575,0.058513484,-0.226092734,69.37
248,0.748734303,0.738232627,0.985974095,1.127830324,1.078343164,0.039773589,-0.001063223,0.000845762,0.000182537,-0.0008724,-0.004619183,0.012681154,0.012762093,-0.007062481,-0.247741468,46.75
249,0.665618335,0.510039557,0.766264284,0.880202064,0.839173869,0.034261088,-0.004914766,-4.11E-05,-0.000722949,-0.000441643,-0.000846486,0.002749669,0.002893529,-0.132333376,-0.256224727,22.62
250,0.686355385,0.564197971,0.822020172,0.927363248,0.888664102,0.037058467,-0.002779551,-0.000137788,-0.000936982,-0.000472782,-0.001230759,0.005001458,0.005514728,-0.097682688,-0.257822201,25.22
251,0.748652241,0.629909375,0.841391157,0.937292869,0.888660055,0.027480804,0.002265194,-0.000183619,-0.000418919,-6.77E-05,-0.001441812,0.006401258,0.007166831,-0.086135334,-0.211481782,28.93
252,0.820190972,0.983020289,1.198526102,1.397154405,1.345304064,0.040941464,0.00172228,0.003031958,0.002412267,-0.001935992,-0.011000432,0.027664089,0.027088461,0.090299634,-0.215505814,84.24
253,0.729497914,0.670057529,0.918518773,1.023263216,0.921586643,0.029622089,0.002531508,-0.001772846,-0.000725453,0.001596323,-0.002403343,0.008583742,0.009227608,-0.042470904,-0.248461244,32.44
254,0.747078359,0.824682198,1.103876439,1.242805723,1.21090856,0.036861202,0.005167074,0.001081177,-0.000285965,-0.001467208,-0.00679225,0.019745232,0.020197069,0.049373831,-0.27919424,64.3
255,0.700392855,0.734097247,1.048122123,1.182529509,1.134425355,0.037976781,0.004648334,1.04E-06,-0.001215247,-0.000824893,-0.005638973,0.016406564,0.016785904,0.023495729,-0.314024877,56.4
256,0.676568294,0.688780951,1.018050886,1.06852778,1.042291571,0.0246724,0.001267174,-0.001169874,-0.00202095,8.10E-06,-0.001204355,0.006457276,0.007433207,0.008944713,-0.329269935,54.5
257,0.717850124,0.630371565,0.878138129,0.982347927,0.955926823,0.035967625,0.001660549,0.000358741,-0.000912543,-0.001041018,-0.002231589,0.008316109,0.00901875,-0.064884403,-0.247766564,35.04
258,0.754950345,0.474836777,0.628964249,0.716724569,0.65458011,0.032928187,-0.004016012,-0.000461971,0.000152076,0.000647173,0.000457431,0.000628591,0.001191602,-0.22777403,-0.154127472,10.8
259,0.691348432,0.388112819,0.561385261,0.635865082,0.576105072,0.016723337,-0.005261748,-0.000388055,-0.000260655,0.000280377,0.000391277,-0.000469016,-0.000292489,-0.280913847,-0.173272441,4.74
260,0.741734542,0.639800136,0.862572929,0.96622871,0.926369211,0.031208529,0.001113067,0.000195548,-0.00040297,-0.000503436,-0.001856125,0.007293524,0.007992066,-0.073783458,-0.222772793,34.52
261,0.735865449,0.501943903,0.682113698,0.788454327,0.727186717,0.02425697,-0.003345274,-2.97E-05,0.000102239,0.00010428,-0.000317216,0.001673681,0.001922518,-0.18898027,-0.180169795,12.34
262,0.820023079,0.679600832,0.828758177,0.916052305,0.861075863,0.035856907,0.001823492,-6.85E-05,0.000691,0.000549031,-0.001713879,0.009492469,0.010973203,-0.093638309,-0.149157345,25.81
263,0.740684824,0.484769914,0.65448879,0.737646587,0.692434955,0.03002848,-0.002947649,-0.000170053,-0.000233301,4.22E-05,0.000426139,0.001002124,0.001652844,-0.208832609,-0.169718876,13.46
264,0.681682886,0.404119994,0.592826961,0.646123835,0.624467312,0.02337363,-0.005471176,-0.000374355,-0.000840045,-0.000128457,0.000940768,-0.000501236,0.00011303,-0.255629173,-0.188706967,8.59
265,0.719697329,0.454461925,0.631462569,0.704799866,0.65876172,0.028699239,-0.003608034,-0.000556075,-0.000598299,0.000249419,0.000779244,9.28E-05,0.000755485,-0.225893893,-0.177000644,9.69
266,0.826849477,0.581196751,0.702905145,0.778895597,0.715711229,0.036782123,-0.000533449,-0.000906748,0.000941409,0.001706014,0.000717196,0.003771458,0.005498405,-0.174463537,-0.121708393,10.8
267,0.806503693,0.502599883,0.623183611,0.697511693,0.64065774,0.036416671,-0.001559834,-0.000587504,0.000705637,0.001170214,0.001514155,0.000308049,0.001634516,-0.232146497,-0.120583728,5.46
268,0.86548366,0.710252105,0.820641842,0.889549672,0.840630587,0.026142334,0.002319257,-0.000162454,0.000813438,0.000742666,-0.000532694,0.007883828,0.009839044,-0.098513697,-0.110389737,22.88
269,0.723478249,0.522254467,0.721866163,0.801796456,0.770818494,0.034803585,-0.001612561,-0.000126189,-0.000893759,-0.000457148,0.000127237,0.002913523,0.00390003,-0.161530462,-0.199611695,22.88
270,0.699397563,0.489263728,0.699550233,0.750676401,0.736642553,0.025660484,-0.003727982,-0.000384683,-0.001086635,-0.000283426,0.000759669,0.000877255,0.00176176,-0.176781928,-0.210286505,19.7
271,0.792118111,0.505080929,0.637633355,0.715972946,0.654798015,0.034987796,-0.003137977,-0.000665826,0.000455788,0.001093118,0.000975052,0.000868224,0.001925398,-0.221274587,-0.132552427,6.29
272,1.144169634,2.301629209,2.011615358,2.531619762,2.281491172,0.007793986,-0.002944525,0.001133597,0.001751612,-0.000147921,-0.00552137,0.008782216,0.006946923,0.335904569,0.29001385,332.3767747
273,1.451347338,6.689383043,4.60908486,6.470305742,5.683637533,0.00607382,-0.003089445,0.000751049,0.001063505,-0.000163749,-0.005902888,0.009443432,0.007497802,0.643435596,2.080298183,747.0780418
274,1.139653873,2.96742842,2.603797952,3.664791415,3.183729786,0.009022692,-0.003591577,0.001118171,0.001586721,-0.000241513,-0.005723166,0.008773415,0.006771113,0.44502993,0.363630468,507.6957992
275,1.130229831,2.588087402,2.289877096,3.209541483,2.774245759,0.012374406,-0.004814988,0.001718549,0.002506808,-0.00032501,-0.007952873,0.012846192,0.010262206,0.392074554,0.298210306,360.0107227
276,1.110693981,2.767768186,2.49192688,3.565005997,3.076205749,0.008802957,-0.003337696,0.00112617,0.001585327,-0.000251879,-0.005468577,0.008492219,0.006612042,0.427250321,0.275841306,539.7317274
277,1.221907289,3.871546949,3.168445743,4.746412979,4.057162082,0.005387697,-0.002279739,0.000812635,0.001115344,-0.000201149,-0.004338624,0.006144504,0.004473126,0.520204862,0.703101206,831.3533806
278,1.057958885,1.760389364,1.66394875,2.156733057,1.911157433,0.012032209,-0.00402134,0.001631982,0.002527885,-0.000208767,-0.006571561,0.011216386,0.009263451,0.249234806,0.096440614,205.6016241
279,1.084163772,1.805517466,1.665354915,2.010292827,1.838509964,0.006512154,-0.002080796,0.000915205,0.0014668,-8.37E-05,-0.00418413,0.006346088,0.004861615,0.249630888,0.140162551,228.2593263
280,1.323601412,8.084615887,6.108044168,10.48668857,8.437430384,0.007145248,-0.003120463,0.000826049,0.00113308,-0.000204926,-0.007058205,0.009750127,0.006956551,0.718628648,1.976571719,1376.567116
281,0.763858083,1.515852091,1.984468223,2.302546413,2.278639556,0.018778401,-0.000468555,0.001036961,0.000342983,-0.000988843,-0.008309835,0.016922397,0.015282917,0.329863865,-0.468616131,94.03091241
282,0.83552791,1.662742256,1.990049927,2.248496454,2.237079768,0.015760436,-0.002125712,0.000898557,0.000465256,-0.00074296,-0.006781277,0.01460409,0.01350694,0.331114848,-0.327307671,130.434745
283,0.849060623,1.767425548,2.08162468,2.343696711,2.340798307,0.017249726,-0.002340083,0.001054135,0.000562757,-0.000860113,-0.008070451,0.016792965,0.015309216,0.350991698,-0.314199132,131.0515767
284,0.878188295,2.597868483,2.958213513,3.281708469,3.364441842,0.016445733,-0.003515457,0.001002162,0.000446381,-0.000877777,-0.010161891,0.019563832,0.017216483,0.494721547,-0.36034503,155.5401996
285,0.779191794,1.801193425,2.311617548,2.6607252,2.675446457,0.015642068,-0.002096813,0.000783084,0.000242003,-0.000758274,-0.006671413,0.014660404,0.013669792,0.396065527,-0.510424123,117.4019379
286,0.753674721,1.842396156,2.444550818,2.857915577,2.852379093,0.018700878,-0.002006166,0.000919405,0.000267592,-0.000901486,-0.008702995,0.017814611,0.016125311,0.41937277,-0.602154662,117.4175717
287,0.963143368,2.213799798,2.29851533,2.517274764,2.555417543,0.009340806,-0.002441339,0.000714193,0.000485259,-0.000512263,-0.005116024,0.010469731,0.009475918,0.393666605,-0.084715533,229.2515156
288,0.94762572,2.338746403,2.468006464,2.717010307,2.763328287,0.010273751,-0.002784355,0.00071233,0.000459147,-0.000527767,-0.0055145,0.011378367,0.010335381,0.423299806,-0.129260062,198.4992703
289,0.862953072,2.713586792,3.144535759,3.533156616,3.642826573,0.008888709,-0.001854503,0.000561044,0.000240361,-0.000497873,-0.005526904,0.010724899,0.009473791,0.517436906,-0.430948966,210.8290332
290,0.851883504,1.899026932,2.229209656,2.553200787,2.519402058,0.013295005,-0.002318462,0.000780687,0.000523787,-0.000564464,-0.006374855,0.012856825,0.011561189,0.380653406,-0.330182723,109.2597554
291,0.893372199,2.392160335,2.677674925,3.020254282,3.038106649,0.013204035,-0.002799674,0.000879907,0.000557109,-0.000658738,-0.007847404,0.014903786,0.013029207,0.456178145,-0.28551459,164.3035855
292,0.792897648,1.33818978,1.687720708,1.934429574,1.886226658,0.015822382,-0.00058409,0.000783508,0.000401308,-0.000650801,-0.006017036,0.012375548,0.011225476,0.255875064,-0.349530928,59.79190177
293,0.961430776,2.193423921,2.281416381,2.52596213,2.524890895,0.012233961,-0.003354045,0.000855542,0.000687163,-0.000541895,-0.006472724,0.013049634,0.011732722,0.390507096,-0.08799246,101.3951303
294,1.128482456,3.403999449,3.016439849,3.334311879,3.358239999,0.007894593,-0.003301376,0.000741776,0.000717356,-0.000387439,-0.006054632,0.011063105,0.009484705,0.50204657,0.387559601,168.2160805
295,1.08565264,2.875504958,2.648641796,2.899405711,2.920783259,0.009762188,-0.003641095,0.000892903,0.000828918,-0.000489819,-0.006866442,0.012995625,0.011341704,0.451850822,0.226863162,149.6108212
296,0.997433381,1.992290013,1.997416621,2.179183489,2.164256626,0.010535508,-0.003076859,0.000806967,0.00075479,-0.000438848,-0.005637504,0.010761977,0.009432033,0.332758754,-0.005126608,152.504053
297,0.706963854,0.775571676,1.097045728,1.196498411,1.203689866,0.006511223,-0.000648502,5.46E-05,-0.000204419,-0.000202843,-0.000514159,0.001726688,0.001831199,0.046277354,-0.321474052,36.65
298,0.686092253,0.838196157,1.221695994,1.306292216,1.329771352,0.006508757,-0.000630549,-2.35E-07,-0.000307291,-0.000207998,-0.000626428,0.002137514,0.002275086,0.099786827,-0.383499837,35.19
299,0.685833304,0.516960878,0.75377045,0.85329042,0.813253002,0.008475328,-0.000601593,-4.29E-05,-0.000207606,-9.02E-05,-0.000152209,0.000742975,0.00084416,-0.140400102,-0.236809571,10.01
300,0.787450483,0.56582463,0.718552649,0.79902017,0.74333549,0.00782199,-0.00043139,-0.000129715,3.64E-05,0.000177475,4.19E-05,0.00023852,0.000344923,-0.163769991,-0.152728019,5.38
301,0.799082479,0.570758522,0.714267347,0.791091479,0.735224134,0.010615282,-0.000402283,-0.000205572,8.51E-05,0.000299767,0.000137649,0.000653157,0.000963184,-0.166679167,-0.143508825,6.11
302,0.840162179,0.557134111,0.663126864,0.730607408,0.674163103,0.006401992,-0.000349932,-0.00014394,0.000177146,0.000289595,0.000320439,0.000211098,0.00053603,-0.202554082,-0.105992753,2.10802857
303,0.67689287,1.745783836,2.579113939,2.829079107,2.750402372,0.004050899,-4.62E-05,-6.09E-05,-0.000190744,-5.75E-05,-0.002148007,0.000150385,-0.001553368,0.441202478,-0.833330103,11.56005
304,0.605463747,0.949081635,1.567528427,1.458531996,1.605596362,0.002644673,-5.34E-06,-0.000124883,-0.000360863,-9.75E-05,-0.000217818,0.00115911,0.001332966,0.221040757,-0.618446792,43.44934
305,0.616851118,0.818703739,1.327230697,1.398243974,1.440927719,0.003694585,0.000322023,-7.59E-05,-0.000356004,-0.00015185,-0.00048964,0.001656573,0.001759806,0.14060948,-0.508526958,39.6154
306,0.613367996,0.774093058,1.262036923,1.320027611,1.366576843,0.004527006,0.000259412,-9.47E-05,-0.000417068,-0.000171098,-0.000443757,0.001681685,0.001829894,0.115841134,-0.487943865,31.77258
307,0.610399802,0.760958062,1.246655158,1.304880883,1.349214455,0.00457451,0.000244912,-9.86E-05,-0.000416998,-0.000166502,-0.000422896,0.001637514,0.001789327,0.109787725,-0.485697096,35.02118
308,0.645517285,0.871212905,1.349635285,1.257702908,1.3551764,0.003781104,0.00011449,-0.000231162,-0.000576204,-0.000118281,-0.000165914,0.001485252,0.00180021,0.148804066,-0.47842238,16.67685
309,0.693766877,0.782333965,1.127661166,1.142583058,1.165139027,0.005195488,0.00016947,-0.000193477,-0.000522336,-0.000126155,-0.000298023,0.001776148,0.002071666,0.060000703,-0.345327201,19.420475
310,0.66613084,0.675238508,1.01367249,1.062047072,1.067590431,0.005524655,0.000202857,-0.000148864,-0.000444522,-0.000125958,-0.000230003,0.001457489,0.001711839,0.006789828,-0.338433983,14.081075
311,0.792962048,0.651208769,0.821235733,0.990530089,0.913141207,0.004869799,-0.00072096,0.000161689,0.000202263,-5.33E-05,-0.000366591,0.000792721,0.000734391,-0.09815548,-0.170026964,18.3
312,0.863903484,1.750419556,2.0261749,2.561884988,2.427862039,0.006711276,-0.001727743,0.000414667,0.000401314,-0.000216383,-0.002099835,0.004711862,0.004429606,0.339099667,-0.275755344,120
313,0.791091357,0.785441717,0.992858423,1.254996194,1.149712947,0.00602561,-0.000619537,0.000350077,0.000390841,-0.000147409,-0.000950201,0.001877528,0.001672638,-0.003583585,-0.207416706,28.9
314,0.822502102,0.734646279,0.893184683,0.974698874,0.941888578,0.002976767,-0.000471907,2.68E-05,1.20E-05,-2.34E-05,-0.000103662,0.000545503,0.000626386,-0.05642097,-0.158538404,24.4
315,0.904099383,0.880371936,0.973755709,1.117669674,1.057957049,0.002169827,-0.000176525,0.000142972,0.000186232,-4.22E-05,-0.000329944,0.000917905,0.000927353,-0.013296626,-0.093383773,30.1
316,0.780464324,0.947512366,1.214036743,1.571809904,1.458435298,0.010072198,-0.001090701,0.000705339,0.000665148,-0.00037991,-0.002171075,0.00434295,0.003890886,0.096672625,-0.266524377,47
317,0.719150368,0.809206801,1.125226153,1.18133527,1.198460155,0.002300927,2.82E-05,-1.38E-05,-0.000131455,-7.29E-05,-0.000183526,0.000823281,0.000923298,0.058923683,-0.316019351,35.9
318,0.750833031,1.167407957,1.554816994,1.996732891,1.873320797,0.008373209,-0.001168021,0.000471629,0.000381365,-0.000296993,-0.002140165,0.004582233,0.00422785,0.217165063,-0.387409037,79.5
319,0.746614036,0.78417368,1.050306641,1.35958622,1.258033489,0.00738605,-0.000657929,0.00044444,0.00039362,-0.000256665,-0.001229873,0.002342652,0.002050945,0.024536155,-0.26613296,36
320,0.811564857,0.936965762,1.154517416,1.397979273,1.309180844,0.004369347,-0.000699515,0.000204856,0.000212118,-9.75E-05,-0.000727178,0.001658778,0.001569229,0.071717877,-0.217551654,41.8
321,1.036635849,1.196799596,1.154503385,1.351495807,1.264806097,0.002178292,-0.000367258,0.00031754,0.000467217,-5.73E-05,-0.000813045,0.00184918,0.001747399,0.071711832,0.042296211,39.9
322,0.844191862,0.928768991,1.100187093,1.36722208,1.274196049,0.00546225,-0.000683268,0.000419697,0.000455815,-0.000185369,-0.001108142,0.002273983,0.002060605,0.04770389,-0.171418102,37.9
323,0.944776057,0.921887129,0.97577317,1.107566846,1.050726758,0.001568371,-0.000245889,0.0001123,0.000157239,-2.57E-05,-0.000238686,0.000665248,0.000672453,-0.012261949,-0.053886042,20.6
324,0.933155827,1.444037397,1.547477233,1.809098362,1.731419799,0.004922441,-0.001347359,0.000301486,0.00033378,-0.000128854,-0.001322786,0.003119847,0.002987986,0.214909569,-0.103439836,80.2
325,0.88875943,0.86799592,0.976637649,1.138206398,1.085155904,0.003419564,-0.000625699,0.000203856,0.00022199,-8.96E-05,-0.000411502,0.001026167,0.001002003,-0.011819238,-0.108641729,29
326,0.932258122,1.106011828,1.186379396,1.214950668,1.214744628,0.000826828,3.73E-05,1.59E-05,-3.08E-06,-2.09E-05,-0.000167139,0.000751209,0.000842732,0.085245679,-0.080367568,49.7
327,0.669732567,0.653179051,0.975283394,0.998954354,1.014727174,0.002418226,-0.000128431,-6.62E-05,-0.00017868,-4.32E-05,-2.32E-05,0.000407897,0.000512641,-0.012512942,-0.322104343,33.5
328,0.532874787,1.307661443,2.453975073,1.990333342,2.327283341,0.001986105,0.000388597,-0.00024421,-0.000549558,-8.49E-05,-0.00042138,0.001890088,0.002119673,0.420957025,-1.14631363,201
329,0.523302548,1.242245135,2.373856464,2.17665634,2.38932005,0.001311125,0.000158692,-9.93E-05,-0.000230089,-3.90E-05,-0.000316502,0.00107066,0.001137346,0.407206554,-1.131611329,196
330,0.731076693,0.606119912,0.829078423,0.971441623,0.902961688,0.003295974,-0.000436435,3.08E-05,2.56E-05,-1.88E-05,-0.000182872,0.000481282,0.000478195,-0.093446828,-0.222958512,15.1
331,0.755157535,0.610325147,0.80820904,0.992008382,0.900271193,0.00462767,-0.000984361,9.58E-05,0.000130614,-2.43E-05,-0.000288137,0.000562196,0.000497901,-0.106066807,-0.197883894,14.7
332,0.834159284,0.622318228,0.746042441,0.814831422,0.769760221,0.00137009,-0.000158537,-5.27E-06,1.39E-05,1.56E-05,1.38E-05,0.000142574,0.000197008,-0.145447529,-0.123724213,10.5
333,0.822136837,0.908183232,1.10466189,1.345516035,1.249631075,0.004637243,-0.000868225,0.000206604,0.000236301,-8.32E-05,-0.000683884,0.001526654,0.001432326,0.0497286,-0.196478658,36.9
334,0.792736695,0.998186722,1.25916553,1.709858228,1.537559634,0.008332319,-0.001650351,0.000525981,0.000579388,-0.000226792,-0.001657188,0.003138242,0.002739621,0.114717371,-0.260978809,52.3
335,0.788203186,0.848953797,1.07707481,1.32461405,1.231467913,0.005065817,-0.000746383,0.000229503,0.000234692,-0.000111235,-0.000750816,0.001608561,0.001484544,0.037107383,-0.228121013,33
336,0.805388944,1.096294804,1.361199222,1.652957214,1.574193147,0.004297201,-0.000553885,0.000248692,0.000211972,-0.000149234,-0.000986137,0.002265509,0.002148922,0.152972785,-0.264904418,53
337,0.764555707,1.43542239,1.877459519,2.439761916,2.272421607,0.009039661,-0.001764517,0.000463697,0.000409385,-0.00026866,-0.002554839,0.005470887,0.005048085,0.304942437,-0.442037129,102
338,0.927799388,1.548587227,1.669097056,2.023994441,1.946928413,0.003220477,-0.000832986,0.000261368,0.000260234,-0.000131453,-0.001013574,0.002336556,0.002219155,0.250682925,-0.120509829,83.2
339,0.750784706,0.731252662,0.973984495,1.229458958,1.134467043,0.006028943,-0.000785273,0.000267266,0.000252837,-0.000143413,-0.000756373,0.001504224,0.001344064,-0.013179184,-0.242731833,28.4
340,0.741432713,0.675329166,0.910843499,1.067907953,1.017536731,0.00266583,-0.000115166,7.72E-05,3.61E-05,-6.64E-05,-0.000241585,0.000634861,0.000630497,-0.046658191,-0.235514333,21.4
341,0.726031402,0.658502221,0.906988621,1.033037994,1.005564839,0.005077973,-0.000385217,9.00E-05,-3.07E-05,-0.000126787,-0.000299348,0.000959025,0.001005852,-0.048773956,-0.248486401,23.7
342,0.747027781,0.694176206,0.929250858,1.145940394,1.065615029,0.007933256,-0.001117542,0.000280702,0.000247212,-0.00016305,-0.000794094,0.00162238,0.001467305,-0.036671821,-0.235074651,23
343,0.949280421,1.691016056,1.7813662,2.209892165,2.073756092,0.005179027,-0.001280034,0.000468996,0.000542037,-0.000184993,-0.002035866,0.0044811,0.004181012,0.280928919,-0.090350144,102
344,0.568607666,0.910536879,1.601344711,1.691093563,1.779451818,0.004946971,0.001634523,-0.000126649,-0.000685438,-0.000315411,-0.001187059,0.003751077,0.003921033,0.231166869,-0.690807832,65.3434084
345,0.62078071,0.762805679,1.228784443,1.314344574,1.347451991,0.005178464,0.000878832,-7.50E-05,-0.000482505,-0.000238741,-0.000645993,0.002289138,0.002456723,0.102649874,-0.465978764,40.231313
346,0.637497294,0.686629461,1.077070393,1.167778429,1.176518314,0.005835612,0.000504135,-6.22E-05,-0.00040646,-0.000202192,-0.000470649,0.001782994,0.001940001,0.037105335,-0.390440932,31.576053
347,0.611823667,0.794426261,1.298456244,1.336898996,1.402911697,0.004999543,0.000975361,-0.000136215,-0.000607649,-0.000251419,-0.000585077,0.002390358,0.002638226,0.12985074,-0.504029984,38.292088
348,0.606963702,0.863273994,1.422282734,1.487671038,1.558032539,0.004621704,0.00119162,-9.93E-05,-0.000574193,-0.000272225,-0.000840178,0.002902052,0.003097226,0.174332553,-0.55900874,52.1607629
349,0.614721995,0.742064323,1.207154339,1.294378268,1.325224849,0.005464785,0.000814219,-8.11E-05,-0.000490894,-0.000237144,-0.000618389,0.002197466,0.002359753,0.093855846,-0.465090016,43.0532019
350,0.608049801,0.745655845,1.226307193,1.311041706,1.347122382,0.005630972,0.000919331,-9.29E-05,-0.000533442,-0.000252087,-0.000654027,0.002331583,0.002505488,0.101651378,-0.480651349,48.7740451
351,0.604493105,0.768856158,1.271902279,1.341947136,1.388853405,0.004993602,0.00098074,-0.000111134,-0.000542608,-0.000236876,-0.0006252,0.002303354,0.00249218,0.119680447,-0.503046121,50.0134029
352,0.593391779,1.007089195,1.697174162,1.7369103,1.852399876,0.00411353,0.001487873,-0.000132475,-0.000668305,-0.000296936,-0.001158433,0.003809161,0.004020031,0.258483183,-0.690084967,74.5128811
353,0.554918502,1.096684093,1.97629758,1.943620036,2.141148428,0.003529773,0.001730045,-0.000198017,-0.000792054,-0.000303616,-0.001231773,0.004096137,0.004334243,0.328024182,-0.879613487,94.9627167
354,0.580618082,0.886043145,1.526034363,1.552552477,1.661871424,0.004409011,0.001429973,-0.000157555,-0.000703168,-0.000291027,-0.000846134,0.003053987,0.003290351,0.208245134,-0.639991218,64.7062382
355,0.600684809,0.800644535,1.332886272,1.368585238,1.443394078,0.005025253,0.00119973,-0.000152779,-0.000670662,-0.00027462,-0.000648296,0.002594149,0.002852286,0.142692885,-0.532241737,53.4752566
356,0.571559447,1.016230751,1.777996598,1.745841465,1.912308927,0.004051896,0.001587289,-0.000207034,-0.000813245,-0.00030736,-0.001048725,0.003751682,0.00403448,0.280056714,-0.761765846,91.9691132
357,0.562152644,1.071978474,1.906917073,2.077226867,2.184348773,0.006055427,0.001724502,-4.59E-05,-0.000679025,-0.000406128,-0.00198047,0.005487771,0.00553785,0.311985877,-0.834938599,99.0498141
358,0.561744494,1.122315944,1.997911785,2.086882819,2.244176075,0.005690939,0.001805706,-0.00011461,-0.000807175,-0.0004121,-0.001929338,0.005632167,0.005767643,0.332868962,-0.875595841,87.7701642
359,0.531991598,1.223492681,2.299834595,2.39611021,2.620061061,0.005872378,0.001966365,-0.000127048,-0.00088054,-0.000447176,-0.002293605,0.006487527,0.006585546,0.393909015,-1.076341915,116.807646
360,0.575045507,1.114765167,1.938568608,1.969445812,2.14096641,0.00546645,0.001511317,-0.0001396,-0.000813451,-0.000386921,-0.001628581,0.005024069,0.005220207,0.319396527,-0.823803441,84.3062955
361,0.52810563,1.245646777,2.358707627,2.370052723,2.623828449,0.005403865,0.001628169,-0.000188589,-0.00088692,-0.000379019,-0.001960802,0.005814074,0.005979049,0.404532867,-1.11306085,122.573342
362,0.5610874,1.113491572,1.984524285,1.934508326,2.150064282,0.005376034,0.001495597,-0.000221975,-0.000944491,-0.000378717,-0.001433997,0.004854804,0.005158118,0.329876453,-0.871032713,98.9770392
363,0.530510691,1.261029295,2.377010146,2.276669198,2.576678208,0.005115842,0.001717152,-0.000264629,-0.001033094,-0.000388534,-0.001828158,0.005820077,0.006094896,0.407760145,-1.115980851,107.925836
364,0.836806287,0.901217921,1.076973172,1.178168811,1.182969894,0.012873748,-0.00229547,0.000447581,0.000117177,-0.000447731,-0.001099111,0.00389221,0.004176558,0.037060263,-0.175755251,31.4705372
365,0.803012618,0.953907391,1.187910837,1.266287922,1.299290248,0.008648425,-0.001244029,0.000233455,-0.000121986,-0.000357638,-0.000860641,0.003198814,0.003467251,0.085885966,-0.234003446,37.1869936
366,0.810441443,0.950207704,1.172456952,1.311810456,1.304524561,0.013901584,-0.001704311,0.000579002,0.000194518,-0.000550096,-0.001947842,0.005753642,0.005910859,0.079383369,-0.222249248,41.6320286
367,0.788841257,0.846732524,1.073387728,1.225361028,1.198266408,0.011272116,-0.001319911,0.000422738,0.000187108,-0.000371074,-0.00133054,0.003717392,0.003760291,0.035395081,-0.226655204,32.2498252
368,0.885352458,0.932343806,1.05307643,1.149596687,1.152948901,0.00892653,-0.001885746,0.000401904,0.00020818,-0.000332254,-0.000771846,0.002832463,0.003062199,0.025852145,-0.120732624,37.9517012
369,0.831500674,0.956836276,1.150734216,1.227376144,1.25491193,0.008180005,-0.001453245,0.000246711,-4.38E-05,-0.000320276,-0.000732952,0.002809603,0.003064086,0.070085004,-0.193897939,32.1226747
370,0.851170398,0.907143703,1.065760399,1.161141234,1.163924627,0.008571411,-0.001527418,0.000326214,0.000106308,-0.000312155,-0.000769173,0.002795589,0.003016328,0.031833508,-0.158616696,34.185992
371,0.896871523,0.960652291,1.071114721,1.121018574,1.139057819,0.007622111,-0.001598118,0.000246,1.98E-05,-0.000276312,-0.000524522,0.002564375,0.002914291,0.034336447,-0.11046243,36.4667448
372,0.845731253,0.904924304,1.069990379,1.16739349,1.166594022,0.008508551,-0.001485184,0.000301687,9.67E-05,-0.0002898,-0.000772136,0.002779232,0.002992601,0.033811935,-0.165066075,33.9080011
373,0.870715835,0.891269939,1.023605983,1.133452124,1.117881083,0.009456939,-0.001910813,0.000391155,0.000258804,-0.000285282,-0.000840456,0.002790125,0.002951156,0.011665306,-0.132336045,33.3038213
374,0.886853569,0.958027978,1.080254973,1.164449161,1.168921128,0.009200033,-0.001922316,0.000372006,0.000163771,-0.000327141,-0.00084186,0.003127403,0.003389495,0.038579392,-0.122226994,31.7791455
375,0.898333932,0.990169533,1.102228801,1.172499989,1.190691414,0.00656814,-0.00140768,0.000292058,9.22E-05,-0.000281458,-0.000622053,0.002418391,0.002644641,0.04862877,-0.112059268,33.4095357
376,0.928707051,1.026790287,1.105612675,1.163298128,1.182928609,0.006147409,-0.001430692,0.000285433,0.000106913,-0.000263713,-0.000577834,0.002441179,0.002710346,0.050157693,-0.078822387,32.849848
377,0.960780852,1.047284671,1.090034911,1.165340252,1.171661277,0.006838464,-0.001779314,0.000388128,0.000270747,-0.000273622,-0.000718702,0.002704293,0.002938469,0.043078185,-0.042750241,27.9652511
378,0.761044086,1.161924275,1.526750284,1.587674279,1.660505652,0.010421864,-4.80E-05,0.000217558,-0.000559978,-0.000635775,-0.002428259,0.007715538,0.008076021,0.208469467,-0.364826009,62.1978977
379,0.82663965,1.119671191,1.354485224,1.441841247,1.477197771,0.010429625,-0.001086058,0.000400103,-0.000106135,-0.000543169,-0.001981007,0.006294085,0.006588063,0.150557421,-0.234814033,52.8157606
380,0.764781692,1.194663329,1.562097185,1.626797406,1.706160592,0.009028824,-0.000190211,0.00021621,-0.000439245,-0.000552358,-0.002130008,0.006721763,0.007023995,0.219389486,-0.367433856,68.4938039
381,0.797058473,1.045450639,1.311636065,1.425714193,1.441686678,0.014982568,-0.001607565,0.000476594,-9.69E-05,-0.000626983,-0.00244764,0.007424177,0.007680584,0.134811906,-0.266185425,51.6520689
382,0.806983694,1.083350765,1.342469213,1.437522782,1.466890624,0.011916147,-0.001156352,0.000388951,-0.000151156,-0.000560548,-0.002096207,0.006551292,0.006829394,0.146200092,-0.259118448,52.2737843
383,0.791082571,1.141190364,1.442567951,1.513263294,1.568017723,0.010944583,-0.001150994,0.000262017,-0.000324938,-0.000528834,-0.001973496,0.00633496,0.006647441,0.181189617,-0.301377587,56.616524
384,0.730734134,0.689215336,0.943182074,1.066835436,1.029349512,0.006860613,0.000409779,0.000104172,-7.51E-05,-0.00017362,-0.000638778,0.002056012,0.002158829,-0.02923963,-0.253966738,27.2997959
385,0.722212932,0.685015859,0.948495698,1.080741981,1.042882492,0.009216288,0.000723883,0.000165574,-9.36E-05,-0.000258432,-0.000909558,0.002822008,0.002936424,-0.026432854,-0.263479839,27.9976793
386,0.697693795,0.684973587,0.981768207,1.12413766,1.088396087,0.005742839,0.000385211,9.06E-05,-0.00010306,-0.000176561,-0.000610876,0.00178958,0.001834384,-0.00919976,-0.29679462,22.0285895
387,0.63208285,0.732487014,1.158846525,1.304657596,1.306523316,0.005282424,0.00051885,3.21E-05,-0.000277693,-0.000225981,-0.000675648,0.001995089,0.002049418,0.073579351,-0.426359511,42.600456
388,0.72329887,0.740705512,1.024065628,1.169851049,1.135774698,0.014515732,0.001541924,0.000365855,-0.000119423,-0.000511839,-0.001896712,0.005567388,0.005709804,0.011889747,-0.283360116,31.4838428
389,0.724677571,0.729568684,1.006749365,1.14504936,1.114248353,0.012774269,0.001294771,0.000307395,-0.000132026,-0.000451528,-0.001542688,0.004654312,0.004808354,0.003363332,-0.277180681,31.5294422
390,0.715698963,0.728676388,1.01813252,1.162445021,1.129452793,0.014876924,0.001551417,0.000338542,-0.000179946,-0.00052069,-0.00186784,0.0054861,0.005627397,0.008984801,-0.289456132,32.2583772
391,0.72048872,0.75468374,1.047460868,1.179624967,1.154517397,0.012225971,0.001358609,0.000245078,-0.000232093,-0.000445955,-0.00157564,0.004864658,0.005055604,0.023180354,-0.292777128,33.7394054
392,0.715569363,0.773885105,1.081495581,1.221456953,1.199219349,0.011435692,0.001408809,0.000264661,-0.000223607,-0.000463268,-0.001642402,0.004921905,0.005075829,0.039152416,-0.307610477,36.9403516
393,0.684224646,0.771943605,1.128201987,1.293402341,1.270326454,0.008777443,0.001213704,0.000202837,-0.000214822,-0.000384499,-0.001404737,0.003912639,0.003954279,0.060239577,-0.356258382,40.140963
394,0.687144805,0.773105915,1.125098973,1.295854809,1.268675603,0.010857595,0.001369412,0.000268259,-0.000217774,-0.000463552,-0.001748126,0.004785961,0.004812588,0.058867363,-0.351993058,40.5102417
395,0.645584518,0.790537151,1.22452929,1.398587866,1.39654189,0.009977892,0.001629974,0.000179583,-0.000431615,-0.000504047,-0.001720294,0.004828915,0.004891226,0.100933393,-0.433992139,45.082863
396,0.683220876,0.791235855,1.15809672,1.344049937,1.312872183,0.010785106,0.001571226,0.000297007,-0.000192851,-0.000480518,-0.001944981,0.005156191,0.005134693,0.073257477,-0.366860865,42.0808937
397,0.612434492,0.995407196,1.625328437,1.906375078,1.915697092,0.009518888,0.001930567,0.000247459,-0.000426927,-0.000580814,-0.002835438,0.007018627,0.006836321,0.238190555,-0.629921241,74.5473542
398,0.624789481,1.051015168,1.682190881,1.91460328,1.953619366,0.008744191,0.00179262,0.000196012,-0.000487703,-0.000561413,-0.002692401,0.006886793,0.006781025,0.254340914,-0.631175714,79.7324595
399,0.62935688,1.003981876,1.595250499,1.863103396,1.867620779,0.010099051,0.001798042,0.000282002,-0.000390856,-0.000597048,-0.002948774,0.007258074,0.007056028,0.229361481,-0.591268623,71.71721
400,0.609836872,1.07752849,1.766912662,2.063893135,2.087809151,0.007191231,0.001572617,0.000193927,-0.000352433,-0.000467274,-0.002453476,0.006007447,0.005829789,0.277172703,-0.689384172,90.3910841
401,0.594537191,1.083471795,1.8223785,2.191184538,2.209575069,0.008558024,0.001871032,0.000291759,-0.000348207,-0.000579634,-0.003018576,0.007177682,0.006894427,0.291377822,-0.738906705,83.7063684
402,0.612826287,1.127608168,1.84001273,2.180607969,2.20717542,0.012068163,0.002899967,0.000449228,-0.000494399,-0.000864184,-0.004590101,0.011027305,0.010630762,0.295777804,-0.712404561,87.4228639
403,0.607271164,1.084295663,1.785521408,2.135707985,2.146251931,0.007700891,0.001750384,0.00027413,-0.000295904,-0.000523421,-0.002773967,0.006556089,0.006283681,0.282001569,-0.701225744,83.3884409
404,0.700139239,0.849853118,1.213834435,1.419373162,1.397299669,0.015008079,0.000103806,0.000517869,-6.09E-05,-0.000651236,-0.00248105,0.006578882,0.006551931,0.096590076,-0.363981317,23.2959352
405,0.727663305,0.792278659,1.088798423,1.318983154,1.274585493,0.014568081,-0.001030902,0.000644362,0.000292875,-0.000560411,-0.001988191,0.004747502,0.004566968,0.042511724,-0.296519764,22.1690528
406,0.799056743,1.003393741,1.255722763,1.428209654,1.42428224,0.00685877,-0.000864777,0.000328305,0.000121466,-0.000304343,-0.001133775,0.003144515,0.003174059,0.11336622,-0.252329022,51.5071662
407,0.792159063,0.957231123,1.208382466,1.417389035,1.390429127,0.006961073,-0.000862444,0.000369526,0.000206352,-0.000295358,-0.001161814,0.002963904,0.002915882,0.094359772,-0.251151344,35.7896488
408,0.845445609,0.962481104,1.138430543,1.36244532,1.314894003,0.008234643,-0.001496053,0.000518586,0.000440466,-0.000312241,-0.001296755,0.003108779,0.002994763,0.064734645,-0.175949439,28.8753491
409,0.799614855,0.991389029,1.23983318,1.490231703,1.442667349,0.011273585,-0.001636922,0.000631153,0.000450622,-0.000437937,-0.001991161,0.004808104,0.004643516,0.107076358,-0.248444152,29.2186848
410,0.810490537,1.19379178,1.472925007,1.679409788,1.676543051,0.009978141,-0.00189077,0.000418706,0.000181319,-0.000370249,-0.001845344,0.004938348,0.00493198,0.191241144,-0.279133227,52.3795996
411,0.906702385,1.255932791,1.385165421,1.598934265,1.589058468,0.008496735,-0.002111182,0.000533673,0.000409276,-0.000351149,-0.001582611,0.004121579,0.004081674,0.161483735,-0.12923263,41.1037366
412,0.812315381,1.295228059,1.594489148,1.812052906,1.831875141,0.00773109,-0.001124806,0.000420689,0.00015657,-0.000389358,-0.001910404,0.005055934,0.005032214,0.229135338,-0.299261088,54.4737275
413,0.830122396,1.418512789,1.708799565,1.965727807,1.971881485,0.006593305,-0.000959141,0.000426493,0.00022127,-0.000352343,-0.002041867,0.005330606,0.005283057,0.261665564,-0.290286777,62.1212466
414,0.829533569,1.45508177,1.754096308,2.029575938,2.048073067,0.007973442,-0.001236047,0.000532653,0.000271034,-0.000443646,-0.002440822,0.006260758,0.006170167,0.273808982,-0.299014538,55.2469905
415,0.908850012,1.342620849,1.477274393,1.825441115,1.764990561,0.009080676,-0.002146889,0.000776132,0.000720271,-0.000425928,-0.002319042,0.005373332,0.005113001,0.192661093,-0.134653544,30.6182543
416,0.966856449,1.291014534,1.335270128,1.682348989,1.593804243,0.008397216,-0.002361174,0.000783181,0.000846099,-0.000348946,-0.001956036,0.004329762,0.004048827,0.143568028,-0.044255594,54.5003493
417,0.93768023,1.302621632,1.389196007,1.726836616,1.655249763,0.007841406,-0.002040215,0.000704231,0.000706279,-0.000350727,-0.001895604,0.00431999,0.00408531,0.162898316,-0.086574376,48.331556
418,0.92363112,1.331830733,1.441950908,1.784257028,1.724154485,0.007035296,-0.001775772,0.000608822,0.000576812,-0.000326106,-0.001714916,0.003986517,0.003797935,0.180982716,-0.110120175,37.802129
419,0.80177726,1.399168332,1.745083581,2.062116068,2.059597856,0.007494004,-0.001087499,0.000476833,0.000250806,-0.000391612,-0.002225563,0.005584292,0.005464017,0.271424734,-0.345915249,51.0111141
420,0.939324759,1.342798432,1.429535865,1.796991308,1.726422577,0.006597691,-0.00177254,0.000592212,0.000581984,-0.000303038,-0.001583375,0.003575332,0.003369275,0.176797499,-0.086737433,47.1791185
421,0.935407462,1.314143637,1.404888982,1.725948777,1.67090453,0.006948817,-0.001768752,0.000627621,0.000599269,-0.000333027,-0.001693818,0.003959136,0.003779439,0.168360779,-0.090745345,42.9256635
422,0.953316806,1.43121973,1.501305465,1.805798342,1.77874818,0.0066928,-0.00178759,0.00060158,0.000536659,-0.000344792,-0.001708656,0.004165273,0.004035958,0.200417531,-0.070085735,48.875644
423,0.730596717,0.862695159,1.180808972,1.351805213,1.324914588,0.016591564,0.002223061,0.000659942,-6.12E-05,-0.000818765,-0.003485478,0.009373354,0.009375213,0.082909129,-0.318113813,45.7548706
424,0.739667438,0.990104338,1.338580405,1.532999771,1.513344682,0.014886693,0.002375543,0.000765907,2.12E-05,-0.000887732,-0.004309986,0.011040198,0.010875686,0.144780314,-0.348476066,53.0201192
425,0.748185887,1.049326398,1.402494243,1.562384099,1.572546094,0.011667171,9.21E-05,0.000429275,-0.00013382,-0.00059629,-0.002638719,0.007320662,0.007390088,0.167531824,-0.353167844,52.8128153
426,0.664109705,1.080950588,1.627668711,1.805849392,1.871654369,0.009957574,0.000852942,0.000267307,-0.000466094,-0.000630737,-0.002586187,0.007229657,0.007314287,0.238869043,-0.546718124,58.8604877
427,0.733251029,1.033482375,1.409452334,1.650214073,1.634042689,0.012328387,-0.001008302,0.000514085,0.000101583,-0.000536628,-0.002481553,0.006300045,0.006188187,0.169935852,-0.37596996,43.4226073
428,0.759475718,1.009480355,1.329180554,1.615662838,1.55862654,0.011929767,-0.001495067,0.000595046,0.000368024,-0.000451393,-0.002311229,0.005422275,0.005183137,0.141328912,-0.319700199,34.6660384
429,0.748477479,1.020232312,1.363076834,1.654055822,1.598759591,0.013692019,-0.001382805,0.000676787,0.00037851,-0.000540559,-0.00282765,0.006652596,0.006365712,0.153645801,-0.342844522,34.9853487
430,0.766416887,0.995296498,1.298635919,1.593282762,1.514437926,0.01227774,-0.001014283,0.000684971,0.000515974,-0.000457029,-0.002704394,0.006186852,0.005859214,0.129918756,-0.303339421,36.2938367
431,0.792579399,0.964865151,1.217373492,1.451675619,1.384137639,0.013362861,-0.001115301,0.000704362,0.000565596,-0.000446234,-0.002717713,0.006411956,0.006141684,0.09803197,-0.252508341,27.5822547
432,0.810350536,1.002616283,1.237262442,1.531745152,1.439608239,0.013096026,-0.001940812,0.000773078,0.000740189,-0.00040883,-0.002581427,0.005770928,0.005417395,0.10605034,-0.234646159,25.633455
433,0.784018992,1.018865391,1.299541722,1.621228699,1.52930656,0.012396979,-0.001336742,0.00076843,0.00066242,-0.000456066,-0.002769436,0.006171074,0.005785684,0.130261486,-0.280676331,24.2911905
434,0.75282773,0.958809427,1.273610666,1.60809049,1.51442976,0.014132017,-0.001599146,0.000775709,0.000611117,-0.000499412,-0.002812228,0.006108264,0.005668991,0.120341917,-0.314801239,23.3748738
435,0.763564288,1.038132926,1.359588108,1.697519279,1.608645816,0.011738829,-0.0009808,0.000720959,0.000558608,-0.000470518,-0.002832876,0.006338096,0.005951655,0.15239444,-0.321455182,28.4353678
436,0.76097519,0.970682752,1.275577396,1.605075405,1.513798258,0.012931387,-0.001496506,0.0007218,0.000578204,-0.000458227,-0.002577561,0.005664064,0.005281297,0.121102186,-0.304894644,24.8134306
437,0.762792136,1.066940892,1.398730849,1.714177625,1.654169487,0.010709808,-0.000957267,0.00063486,0.000408699,-0.000470717,-0.002506976,0.00581131,0.005530647,0.166225756,-0.331789957,28.2421949
438,0.823152412,1.025108327,1.245344498,1.56990985,1.46735148,0.01098598,-0.002140786,0.000655047,0.000655939,-0.000326919,-0.00203293,0.004389624,0.004064207,0.109268087,-0.220236171,19.8351895
439,0.794361124,1.07289089,1.350633683,1.649453763,1.573541609,0.010997619,-0.001234862,0.000666212,0.000539385,-0.000419067,-0.002556738,0.005887086,0.00558886,0.1491656,-0.277742793,30.7958458
440,0.793294877,0.963514636,1.214573123,1.549539958,1.440190474,0.015190058,-0.002782308,0.000818472,0.00079615,-0.000424365,-0.002586208,0.005495242,0.005054276,0.096891415,-0.251058487,21.5458857
441,1.026280732,0.80530688,0.784684789,0.812454349,0.769575863,0.010151893,0.00134593,-0.000531632,0.001325813,0.00152475,0.001907352,0.004249726,0.007090858,-0.120646073,0.020622091,2.94513907
442,1.018157047,0.783045841,0.76908159,0.799974925,0.756848947,0.008933783,0.001314737,-0.000371869,0.001118058,0.001195774,0.001594697,0.003397116,0.005725258,-0.130530107,0.013964251,3.80239935
443,1.010362981,0.794746889,0.786595416,0.822030844,0.777211938,0.008607677,0.001215994,-0.000274131,0.00108644,0.00105923,0.001143407,0.003530111,0.005531025,-0.119447628,0.008151473,5.03943587
444,1.02135506,0.797447002,0.780773536,0.813119087,0.768586265,0.007185411,0.001009034,-0.000284341,0.000960833,0.000986122,0.001152924,0.002936489,0.004765268,-0.123107436,0.016673466,3.35748001
445,1.005046302,0.840464245,0.836244304,0.880843488,0.83384495,0.009432323,0.001477749,-5.51E-05,0.001265422,0.000922628,0.000337064,0.005486859,0.007424047,-0.089179689,0.004219942,7.03192475
446,1.011132695,0.814769542,0.805798829,0.847221773,0.800669943,0.009821431,0.001519034,-0.000131882,0.001360262,0.001077283,0.000815964,0.004966641,0.007136199,-0.107543082,0.008970713,1.85025562
447,0.966000534,0.98622118,1.020932334,1.109893585,1.051077851,0.010248912,0.000957567,0.00047629,0.001248274,0.000285089,-0.00220002,0.008929814,0.009844136,0.010357761,-0.034711155,17.2015138
448,0.945219863,1.003090103,1.061224105,1.165945889,1.104242215,0.012911835,0.00097667,0.000669986,0.001406047,0.000163893,-0.003100803,0.010972492,0.011772214,0.029702789,-0.058134002,35.8733693
449,0.92251124,1.138589787,1.234228633,1.372340379,1.304409956,0.010767815,0.00078949,0.000665749,0.001053202,-7.03E-05,-0.003788257,0.011374142,0.011735719,0.104836465,-0.095638846,52.4754519
450,0.971342003,0.918614959,0.945717323,1.023604917,0.968585871,0.010706404,0.001222402,0.000438095,0.001359665,0.000405572,-0.001570348,0.007989894,0.009132193,-0.027898542,-0.027102364,13.1322514
451,0.93526528,0.855355798,0.914559555,1.00213308,0.943884565,0.011406333,0.001165447,0.000398648,0.001158843,0.000315919,-0.001391163,0.006675107,0.007564913,-0.044626685,-0.059203756,20.6944442
452,0.906329202,1.079540445,1.191112944,1.328923141,1.258221575,0.013316274,0.000566134,0.000710287,0.001181817,-3.56E-05,-0.004182808,0.012334126,0.012665286,0.087221859,-0.111572499,22.6971527
453,0.816413046,1.037454114,1.270746614,1.506359213,1.437654685,0.011156233,-0.000210587,0.000745283,0.000650412,-0.000436942,-0.002965358,0.007398002,0.007224851,0.11923242,-0.2332925,40.7910902
454,0.788534518,1.319528562,1.673393533,1.96320927,1.903286165,0.011768758,-3.69E-06,0.000700558,0.000435186,-0.000530142,-0.004493758,0.011408303,0.011205675,0.251887171,-0.35386497,57.4079259
455,0.858446672,0.905393406,1.054688002,1.214914634,1.146320246,0.013156267,0.001025391,0.000837073,0.00105246,-0.000272552,-0.002964823,0.008314909,0.008420045,0.026616207,-0.149294596,30.7360493
456,0.857965493,0.905919515,1.055892717,1.214267431,1.146455794,0.013264459,0.000879536,0.000812346,0.001019152,-0.000266005,-0.002919243,0.008165229,0.008262126,0.027186592,-0.149973202,27.024912
457,0.699347609,1.13785849,1.627028499,1.950214381,1.883503964,0.012783083,0.002141824,0.000632959,0.000118412,-0.000665228,-0.004979281,0.012009787,0.01159402,0.238683554,-0.489170009,47.7801206
458,0.800107274,0.819972751,1.024828517,1.217390167,1.148381392,0.015682463,0.000818765,0.000945297,0.000901571,-0.000502285,-0.00295043,0.007413215,0.007256832,0.012262034,-0.204855765,30.5564795
459,0.813450926,0.791596688,0.97313392,1.157897102,1.089160402,0.016439249,0.000702859,0.0010532,0.001085816,-0.000504494,-0.002821436,0.007144992,0.007012381,-0.013615943,-0.181537232,28.375638
460,0.80834868,0.824914779,1.020493754,1.214731578,1.14625345,0.015611294,0.001134346,0.001060944,0.001031481,-0.000550442,-0.003098305,0.007733931,0.007554306,0.010142944,-0.195578975,21.374403
461,0.742153845,1.409626316,1.899372111,2.17275369,2.202231055,0.011391171,0.000322446,0.000645154,1.70E-05,-0.000748354,-0.004618489,0.011312912,0.010979798,0.310195476,-0.489745795,95.0590314
462,0.737531069,1.449026328,1.964698694,2.309719026,2.325977514,0.010676378,0.000113347,0.00068406,0.00014749,-0.000705705,-0.004448893,0.010624051,0.010220308,0.32539519,-0.515672366,107.911416
463,0.694619403,1.684679903,2.425328021,2.778426859,2.88883429,0.008716977,9.13E-05,0.000432852,-0.000133587,-0.000600346,-0.004072995,0.010084095,0.009822859,0.416114314,-0.740648119,129.388735
464,0.738558959,1.556613796,2.10763647,2.428629963,2.493193135,0.010011255,-0.000543912,0.000550779,3.29E-05,-0.000626386,-0.003850009,0.009579559,0.009347032,0.35642408,-0.551022674,104.474011
465,0.754462784,1.506766729,1.997138575,2.288503886,2.341716321,0.009371174,-0.000770678,0.000497706,5.62E-05,-0.000548102,-0.003271614,0.008221574,0.008048577,0.332696854,-0.490371847,100.94878
466,0.807042593,1.548154523,1.918305844,2.129693235,2.206571381,0.008545286,-0.001340689,0.000429546,6.03E-05,-0.00046502,-0.002531159,0.006769227,0.006759148,0.314670872,-0.370151321,92.5530105
467,0.774870664,1.540810444,1.988474357,2.286285524,2.337363576,0.008190897,-0.001198332,0.000421952,0.000101245,-0.000428345,-0.002535689,0.006450691,0.006340396,0.330762201,-0.447663912,78.4614204
468,0.809626595,1.563544409,1.931192007,2.128196525,2.214607171,0.006451098,-0.001045598,0.000320821,2.90E-05,-0.000358202,-0.001925201,0.005193721,0.005199704,0.317683729,-0.367647598,79.6216552
469,0.884969976,1.563732035,1.766988799,1.818842662,1.926750323,0.00589104,-0.001217721,0.000250531,-6.44E-05,-0.000338747,-0.001548618,0.004817119,0.005015667,0.277192593,-0.203256763,78.0087044
470,0.894452713,1.528497092,1.708862939,1.832028677,1.906233439,0.005220401,-0.001165431,0.000289635,7.70E-05,-0.000288915,-0.001367588,0.00395674,0.004041997,0.261682837,-0.180365847,84.4371111
471,0.906496276,1.503990868,1.659125257,1.778440836,1.850613815,0.004250396,-0.000942755,0.000253661,7.87E-05,-0.000245391,-0.001096081,0.003223601,0.003307809,0.247872963,-0.15513439,76.2012696
472,0.971746963,1.348104028,1.387299451,1.481352016,1.521071814,0.00535019,-0.001487212,0.000324165,0.000180855,-0.000259214,-0.000957525,0.003064912,0.003213871,0.162233293,-0.039195423,55.5998709
473,0.985085607,1.526063529,1.549168436,1.642036544,1.708714259,0.004395701,-0.001276742,0.000285459,0.000139966,-0.000241341,-0.000967309,0.002969836,0.003082015,0.215430424,-0.023104907,58.8607773
474,1.036846228,1.384083914,1.33489796,1.511375744,1.519277039,0.004554383,-0.001571562,0.000341727,0.00030092,-0.000198521,-0.000760901,0.002111558,0.002131751,0.143431519,0.049185954,45.7891137
475,0.679463154,1.413199653,2.079876803,2.494780256,2.534529524,0.009362325,0.000482004,0.000548587,-7.11E-06,-0.000650933,-0.003843013,0.00893969,0.008518961,0.350623376,-0.666677151,95.1557849
476,0.688384706,1.439951075,2.09178249,2.510519416,2.541389721,0.006168146,0.000250416,0.000369104,1.94E-05,-0.000421556,-0.002583129,0.00597749,0.005685166,0.353123964,-0.651831415,110.074145
477,0.698717176,1.504182602,2.15277748,2.547719226,2.588709085,0.006263406,-6.94E-05,0.000334748,5.40E-06,-0.000390597,-0.002509583,0.005966524,0.005730771,0.365638707,-0.648594878,111.111564
478,0.720367692,1.42912444,1.98388192,2.413463843,2.398229521,0.01066209,-0.000515199,0.000631727,0.000211455,-0.000600715,-0.003901421,0.009090614,0.008668052,0.32973219,-0.55475748,93.2431165
479,0.685588974,1.584112928,2.310586939,2.783082345,2.829306946,0.006369422,-0.000162732,0.000344434,1.97E-05,-0.000392285,-0.002619593,0.006234107,0.005989849,0.395877517,-0.726474011,88.7241737
480,0.750084329,1.438162522,1.917334446,2.314872968,2.296845566,0.00629116,-0.000567282,0.000378003,0.000165044,-0.000333341,-0.002154919,0.005103173,0.004894636,0.314442675,-0.479171924,93.6506357
481,0.72236964,1.532954488,2.122119208,2.558048241,2.564108384,0.008329724,-0.000289687,0.000516042,0.00014549,-0.000509173,-0.003434367,0.008098992,0.007756304,0.35940947,-0.58916472,101.972763
482,0.753773474,1.349900028,1.79085637,2.199913273,2.146651846,0.007153537,-0.000685218,0.000441742,0.0002488,-0.000351643,-0.002320415,0.005414844,0.005165974,0.283374085,-0.440956342,70.3430438
483,0.728199579,1.326748706,1.821957531,2.200501153,2.182428665,0.005153544,-0.000328805,0.000287694,9.95E-05,-0.000271433,-0.001638646,0.00397992,0.003851453,0.291272112,-0.495208825,65.6962446
484,0.777674982,1.179451605,1.516638225,1.768763816,1.749587368,0.004685262,-0.000559326,0.000236856,0.000102234,-0.000209672,-0.001134479,0.002868984,0.00281446,0.205289032,-0.33718662,73.6039003
485,0.749109452,1.286399602,1.717238515,1.94404706,1.97407089,0.00453171,-0.000347478,0.000200108,-5.95E-06,-0.000239714,-0.001281081,0.003372128,0.00335068,0.263958615,-0.430838913,65.0940053
486,0.777514884,1.266185126,1.628502749,1.790644846,1.840594797,0.003523089,-0.000366434,0.000145788,-2.20E-05,-0.000186637,-0.000865508,0.002448015,0.002484973,0.239110554,-0.362317622,70.3304783
487,0.754821305,1.330927913,1.763235754,1.871048017,1.972361855,0.003592458,-0.000261235,0.000111496,-0.000116107,-0.000210012,-0.000929108,0.002762706,0.00284323,0.276210871,-0.432307841,72.0196785
488,0.743875124,1.269504034,1.706609071,1.870249466,1.931124682,0.003677187,-0.000237189,0.000128093,-7.06E-05,-0.000198722,-0.000960325,0.002698663,0.002734358,0.26106802,-0.437105037,79.0457561
489,0.752668152,1.30951265,1.739827368,1.834655448,1.93851161,0.003190818,-0.000203891,9.27E-05,-0.000119021,-0.000189816,-0.000809716,0.002445618,0.002527287,0.270027001,-0.430314717,79.7402372
490,0.750274713,1.32202392,1.762053147,1.851116785,1.955052389,0.003705656,-0.000271463,9.34E-05,-0.000144121,-0.000207687,-0.000922607,0.002832693,0.00293972,0.275900972,-0.440029227,83.7285397
491,0.777885927,1.140369651,1.465985708,1.641953405,1.663714091,0.003688815,-0.000409757,0.000157081,1.13E-05,-0.000177336,-0.000762353,0.002126824,0.002150461,0.188965291,-0.325616057,57.8578516
492,0.778395108,1.09572217,1.407668366,1.58815552,1.598899524,0.004278849,-0.00048108,0.000183472,2.87E-05,-0.000196636,-0.000831089,0.002312467,0.002336381,0.169320813,-0.311946196,62.5745483
493,0.793284932,1.085903712,1.368869705,1.537179377,1.546328411,0.004647772,-0.000582066,0.000203706,4.36E-05,-0.000210399,-0.000865037,0.002409765,0.002435516,0.155715489,-0.282965994,55.54732
494,0.750316868,1.173177278,1.563575774,1.746472202,1.786769883,0.004353418,-0.000435278,0.000167693,-3.01E-05,-0.000217922,-0.000944416,0.002608393,0.002629689,0.219839718,-0.390398496,64.327334
495,0.798569303,0.889897676,1.114364994,1.428964052,1.312406138,0.019752148,-0.003855462,0.001151556,0.00123088,-0.000522013,-0.003359635,0.006162577,0.005293959,0.054089523,-0.224467318,49.408
496,0.770761988,1.565048382,2.030520973,2.977484667,2.760504413,0.024896768,-0.00452326,0.002289699,0.001996264,-0.001343733,-0.008941732,0.017033659,0.014913281,0.340047465,-0.465472591,121.6
497,0.774277263,0.643768875,0.831444892,0.986070919,0.921053472,0.009788012,-0.002528214,0.000202729,0.000205951,-9.92E-05,-0.000494175,0.001040263,0.000953041,-0.09203395,-0.187676016,17.472
498,0.803849382,0.683105617,0.849793049,1.009247953,0.950917878,0.008063458,-0.002225336,0.000230965,0.000227029,-0.00011815,-0.000441118,0.000938648,0.000863843,-0.08120203,-0.166687431,22.4832
499,0.738029689,0.590311499,0.799847903,0.96367831,0.89300895,0.007781443,-0.002054706,0.000126316,0.000116616,-6.97E-05,-0.0003448,0.00064783,0.000563339,-0.111205006,-0.209536404,13.5936
500,0.724207327,0.643287078,0.888263698,1.126627199,1.030610691,0.015348266,-0.003414265,0.000442346,0.000415728,-0.000239214,-0.001257716,0.002115612,0.00173243,-0.059174099,-0.24497662,24.0768
501,0.774648634,0.844801199,1.090560497,1.386588351,1.285855986,0.018108968,-0.003493828,0.000919514,0.000877862,-0.000487987,-0.00267268,0.005017074,0.004360784,0.043318764,-0.245759297,26.0544
502,0.644087797,0.362151894,0.562271006,0.615254829,0.57697806,0.009060483,-0.002744515,-0.000212836,-0.000280528,6.05E-05,0.000264498,-0.000212159,-6.10E-05,-0.280187619,-0.200119112,5.808
503,0.636762269,0.505187784,0.793369533,0.712179686,0.759029932,0.005031842,-0.001185521,-0.00028154,-0.000528462,-2.66E-05,0.000431606,-5.71E-05,0.000277068,-0.115219124,-0.288181749,16.4736
504,0.6641312,0.294733182,0.443787586,0.519474958,0.467567174,0.009301327,-0.003711178,-9.59E-05,-7.28E-05,6.36E-05,0.000177246,-0.000402117,-0.000379623,-0.385245323,-0.149054404,2.2608
505,0.762448157,0.784670943,1.029146619,1.288690259,1.195043817,0.01348383,-0.002232557,0.000661636,0.00062441,-0.000356049,-0.0019824,0.003756812,0.003280786,0.014363979,-0.244475676,27.264
506,0.880303925,1.527204868,1.734860908,2.214618299,2.100224162,0.013292785,-0.002667432,0.001308365,0.001277139,-0.000675346,-0.005041534,0.010486324,0.009558203,0.268701383,-0.207656041,100.992
507,0.873285606,1.038252212,1.188903384,1.430703241,1.334541849,0.015290544,-0.000734091,0.001391905,0.001703965,-0.000484445,-0.004707467,0.010209295,0.009469289,0.086300467,-0.150651171,58.5216
508,0.842676014,1.3217973,1.568571168,2.057530937,1.920233721,0.0157601,-0.003064149,0.001464909,0.001453748,-0.00074002,-0.00516877,0.010253198,0.009150813,0.221356984,-0.246773868,135.4752
509,0.771851545,0.8448192,1.094535867,1.347972491,1.263745627,0.01243291,-0.000860853,0.000785936,0.000696035,-0.000453901,-0.002539705,0.005101935,0.004579655,0.045134518,-0.249716667,42.28
510,0.830516103,1.009040751,1.214956275,1.486223522,1.391923695,0.016276819,0.000204548,0.001534147,0.001613199,-0.000713493,-0.005220321,0.010957656,0.010026761,0.097047638,-0.205915524,55.07
511,0.822371117,0.813357521,0.989039503,1.1722247,1.08499887,0.013697332,0.000213514,0.000813703,0.001122769,-0.000197373,-0.002914634,0.006417102,0.005988018,-0.005510447,-0.175681982,31.73
512,0.682720573,0.426788022,0.625128403,0.69701756,0.652205509,0.007171761,-0.002172225,-0.000118946,-0.000156139,3.43E-05,0.000123891,-6.10E-05,2.14E-05,-0.230671986,-0.198340382,6.21
513,0.683350659,0.436361085,0.638561007,0.653464839,0.652287933,0.004552053,-0.001548274,-0.000112967,-0.000227158,-2.09E-05,0.000242267,-0.000137532,1.81E-05,-0.220583177,-0.202199922,6.87
514,0.766194605,0.861821804,1.124807977,1.367339491,1.280598714,0.012991304,-0.00087108,0.000694136,0.000616263,-0.000399848,-0.002714575,0.005680935,0.005191697,0.058738473,-0.262986173,43.97
515,0.660365575,0.385814379,0.584243628,0.657447418,0.602634922,0.007960649,-0.002351606,-0.000219777,-0.000224201,0.00010689,0.000184228,-0.000237296,-0.00015917,-0.262432093,-0.198429249,4.71
516,0.642176104,0.347127018,0.540548015,0.575689772,0.541408799,0.005132976,-0.001758214,-0.000162531,-0.000198597,5.68E-05,0.000215871,-0.000193298,-7.61E-05,-0.298239315,-0.193420997,4.81
517,0.667259455,0.360281009,0.539941407,0.615856301,0.552258919,0.009675163,-0.003437736,-0.00023639,-0.000167277,0.000165038,0.000201074,-0.000348939,-0.000290924,-0.298750713,-0.179660398,2
518,0.663515617,0.33174398,0.499979158,0.577405304,0.515948041,0.009697612,-0.003549685,-0.000224744,-0.000152434,0.000161382,0.000232312,-0.000445046,-0.000390714,-0.33335186,-0.168235178,1.54
519,0.699672791,0.599523094,0.856862096,0.980275597,0.931729159,0.01092117,-0.001219681,2.76E-05,-0.000158548,-0.000139983,-0.000584207,0.001665592,0.001694541,-0.07708591,-0.257339002,22.03
520,0.673187319,0.559218916,0.830703284,0.896734787,0.882248241,0.008155474,-0.002002836,-9.04E-05,-0.000278961,-8.26E-05,-4.07E-05,0.000577435,0.000719306,-0.092476327,-0.271484368,17.45
521,0.655495471,0.546241462,0.833326065,0.919020126,0.889069374,0.008483238,-0.001586758,-0.00011795,-0.000312168,-7.27E-05,-0.000141142,0.000743707,0.000854128,-0.090913416,-0.287084603,22.66
522,0.686114622,0.461534084,0.672677813,0.764937049,0.720837077,0.005262444,-0.001365298,-3.42E-05,-8.60E-05,-1.80E-05,3.28E-06,0.000122198,0.000161901,-0.195687529,-0.211143729,7.75
523,0.707924507,0.607631393,0.858327954,1.003363675,0.949184452,0.010035077,-0.00197689,0.000111265,-9.27E-06,-0.000137329,-0.000537898,0.001302423,0.001259035,-0.0762363,-0.250696561,19.89
524,0.880471676,1.291874109,1.46725232,1.764974073,1.64745051,0.014865657,-0.002018549,0.001485971,0.001823743,-0.000514051,-0.007032629,0.01156558,0.009342971,0.189381652,-0.175378211,143.67
525,0.706731263,0.473414954,0.669865589,0.720580146,0.677430568,0.004603313,-0.001687421,-9.96E-05,-0.000106674,4.50E-05,9.83E-05,-2.25E-05,5.07E-05,-0.197701188,-0.196450635,5.83
526,0.735873893,0.88970563,1.20904633,1.564865134,1.445204489,0.013468658,-0.001157452,0.000892143,0.000776403,-0.000524517,-0.003219427,0.006032224,0.005238289,0.094631936,-0.3193407,41.09
527,0.814235717,1.053955628,1.29441095,1.704925294,1.558554727,0.015795989,-0.003255271,0.00115796,0.001246009,-0.000519302,-0.003706048,0.006967854,0.006061142,0.128316573,-0.240455323,60.45
528,0.793155627,1.943135043,2.449878657,3.362597402,3.123357183,0.017650094,-0.00214224,0.002088232,0.001915598,-0.001161124,-0.011782996,0.015981558,0.011228454,0.420269465,-0.506743614,106.26
529,0.720368354,0.550664067,0.764420125,0.903558946,0.842468937,0.006961511,-0.001796392,5.71E-05,3.35E-05,-4.46E-05,-0.000188866,0.000433039,0.000410451,-0.133516883,-0.213756058,7.619
530,0.712343243,0.426103802,0.598172028,0.694580846,0.632037065,0.010090102,-0.002271595,-7.90E-05,-1.80E-05,8.08E-05,5.47E-05,-1.27E-05,2.80E-05,-0.251429737,-0.172068226,4.86
531,0.705247083,0.497270634,0.705101299,0.799150737,0.749862142,0.009489538,-0.001699869,-6.38E-05,-0.000117277,-4.36E-06,-4.09E-05,0.000425335,0.000520901,-0.172950839,-0.207830665,6.38
532,0.744217203,0.580913725,0.780570138,0.891200939,0.833962098,0.009572787,-0.000623511,2.02E-05,1.16E-05,-1.59E-05,-0.000345466,0.001213721,0.00130017,-0.123235731,-0.199656413,9.056
533,0.693755009,0.447167086,0.644560515,0.725885187,0.674636076,0.009729359,4.77E-05,-0.000247978,-0.000285516,9.85E-05,0.000174235,0.000165189,0.000357143,-0.216130377,-0.197393429,4.508
534,0.713273469,0.441135409,0.618466027,0.698580461,0.642243902,0.011203044,-0.000247967,-0.000307176,-0.00021889,0.000213426,0.000286607,-0.000143056,4.70E-05,-0.235738018,-0.177330619,3.852
535,0.738832019,0.55832236,0.755682409,0.868724808,0.806785205,0.009076445,-0.002158037,1.89E-06,1.46E-05,7.67E-06,-0.000174826,0.000569229,0.000599346,-0.139158193,-0.197360049,12.307
536,0.757901329,0.43745113,0.577187443,0.619221808,0.579143285,0.001747258,-0.000300452,-5.67E-05,-4.22E-05,3.82E-05,0.000111912,-9.41E-05,-3.15E-05,-0.268080093,-0.139736313,3.071
537,0.726751046,0.514225999,0.707568296,0.693009383,0.691914548,0.00437428,-0.00050398,-0.000259936,-0.000390503,4.15E-05,0.000444236,-4.57E-05,0.000302235,-0.171256227,-0.193342297,4.675
538,0.708263037,0.489694799,0.69140245,0.737776517,0.706699348,0.006845371,-0.000916066,-0.000197754,-0.000278465,4.42E-05,0.000234664,0.000128462,0.000358498,-0.182450693,-0.201707651,4.12
539,0.733664298,0.47246431,0.643978876,0.729255707,0.675108552,0.00602487,-0.001363764,-4.90E-05,-2.81E-05,3.87E-05,4.87E-05,4.22E-05,9.46E-05,-0.216560644,-0.171514566,4.018
540,0.748264007,0.515547732,0.688991756,0.786209712,0.728941762,0.006508464,-0.001579592,-1.42E-05,9.94E-06,2.34E-05,-2.65E-05,0.000176791,0.000208812,-0.184138403,-0.173444024,4.185
541,0.777309611,0.601383766,0.773673395,0.849839857,0.807446764,0.003926854,-0.000946857,-1.86E-05,-2.17E-05,7.18E-06,-1.30E-05,0.000254863,0.000321495,-0.127603315,-0.172289629,5.209
542,0.858728991,0.775804993,0.90343403,0.94911753,0.920398916,0.00374932,-0.000905565,-3.70E-05,-3.08E-05,2.27E-05,-4.92E-05,0.000566355,0.000697906,-0.050732502,-0.127629037,1.765
543,0.839377045,0.81836373,0.974965583,1.198907043,1.114046845,0.008485521,-0.001730138,0.000442952,0.000503192,-0.000180647,-0.001019419,0.002069161,0.00186597,-0.012675875,-0.156601853,17.605
544,0.868852756,0.843808538,0.971175534,1.198955355,1.109588235,0.006373242,-0.001539485,0.00035217,0.000426008,-0.000126039,-0.000759403,0.001507391,0.001345723,-0.014622983,-0.127366995,16.793
545,0.69281684,0.588224653,0.849033423,0.903162192,0.875832968,0.004192108,0.00055048,-0.000212519,-0.00037414,-3.28E-06,-1.95E-05,0.000635801,0.000812579,-0.081646213,-0.26080877,28.901
546,0.665794045,0.529065326,0.794638116,0.789411148,0.797208628,0.002775709,5.04E-05,-0.000178953,-0.000334594,-1.60E-05,0.000203467,0.00016081,0.000375243,-0.114430805,-0.26557279,11.279
547,0.66049838,0.490211714,0.742184582,0.77341293,0.76094984,0.002771581,-2.04E-05,-0.000124689,-0.000231194,-9.84E-06,0.000122281,0.000116367,0.000251215,-0.147983986,-0.251972868,14.793
548,0.626203179,0.401262967,0.640787176,0.675563229,0.661742997,0.003082822,-0.000560015,-8.66E-05,-0.000162472,-8.12E-06,0.000112588,-2.85E-05,5.46E-05,-0.218927128,-0.239524209,8.811
549,0.625883245,0.41945523,0.670181273,0.681322275,0.676766159,0.002809527,-0.00052589,-0.000103194,-0.000182207,-1.96E-06,0.000133923,-3.26E-05,6.66E-05,-0.197474809,-0.250726043,7.246
550,0.610872947,0.642228578,1.051329218,0.934571239,1.02949203,0.001404162,0.000248201,-0.000146601,-0.000332913,-5.30E-05,0.000135907,0.000296421,0.000496928,0.025022419,-0.409100641,27.055
551,0.609057651,0.572670669,0.940256916,0.871436321,0.932342318,0.002225775,-2.73E-05,-0.000142443,-0.000310107,-4.24E-05,0.000138486,0.00022427,0.000405013,-0.030791327,-0.367586247,20.678
552,0.638365986,0.654681744,1.025558627,0.949173727,1.006213257,0.002080651,0.000104531,-0.000165785,-0.000338555,-3.42E-05,0.000115531,0.000343737,0.000541987,0.012618063,-0.370876883,41.122
553,0.561018945,0.761705708,1.357718336,1.277985506,1.403018239,0.003495812,0.000486934,-0.000206033,-0.000570797,-0.000144213,-0.000160644,0.001246115,0.001492898,0.151722252,-0.596012628,55.293
554,0.62692384,0.395432073,0.630749779,0.742815345,0.691421275,0.014775048,-0.000842799,-0.000128841,-0.000376697,-0.00010357,-0.00011328,0.00055673,0.000633182,-0.226429723,-0.235317706,9.567
555,0.537127379,0.64509936,1.201017459,1.208433968,1.218558631,0.005673812,-0.000323813,-0.000314633,-0.000591353,-3.02E-05,-0.00021607,0.001264364,0.001471538,0.091329334,-0.555918099,41.168
556,0.492442888,1.105582007,2.24509691,2.134939456,2.251674425,0.004898147,0.000164491,-0.000339209,-0.00068333,-6.36E-05,-0.000912175,0.00300245,0.003169413,0.383685586,-1.139514903,171.92
557,0.550823411,0.530080976,0.962342858,0.875751567,0.946892273,0.002892965,0.00038145,-0.000277563,-0.00058137,-6.71E-05,0.000228808,0.00035432,0.00064803,-0.019189889,-0.432261882,45.162
558,0.550391907,0.577604076,1.049441441,0.968631083,1.039473058,0.002544863,0.000266546,-0.000231225,-0.000485174,-5.65E-05,0.000114394,0.000461626,0.000694675,0.024124349,-0.471837365,40.569
559,0.670119328,0.742053466,1.107345268,1.174239598,1.17029296,0.005322477,0.00106183,-0.000173391,-0.000527358,-0.000153215,-0.000586794,0.002212449,0.002405007,0.050938624,-0.365291801,42.385
560,0.655305674,0.342383246,0.522478685,0.60546022,0.543947691,0.01060751,-0.00325329,-0.000171693,-0.000137929,0.000108731,0.000152016,-0.000362204,-0.000348161,-0.313647291,-0.180095438,1.458
561,0.714830779,0.407973766,0.570727755,0.646447746,0.593626094,0.005587252,-0.001408071,-6.95E-05,-4.61E-05,5.06E-05,0.000107738,-0.000117467,-6.53E-05,-0.273295129,-0.162753989,1.725
562,0.682706538,0.380744254,0.557698269,0.617378494,0.568995564,0.00356199,-0.00109806,-6.35E-05,-6.03E-05,3.40E-05,8.10E-05,-0.000100759,-6.54E-05,-0.283945704,-0.176954014,1.779
563,0.626814807,0.638993202,1.019429016,1.026873651,1.049856236,0.007868258,-0.001663038,-0.000194636,-0.000449802,-7.56E-05,-4.32E-05,0.00087617,0.001106508,0.009621044,-0.380435814,18.981
564,0.668736551,0.795596532,1.189700983,1.273730551,1.295535714,0.011629961,-0.002470857,-2.56E-05,-0.000384029,-0.000230176,-0.000645343,0.002312193,0.002487294,0.086633282,-0.394104451,28.703
565,0.731870261,0.507963365,0.694062039,0.84472642,0.77616052,0.010581218,-0.002425743,0.00017121,0.000176033,-8.23E-05,-0.00032011,0.000584384,0.000500774,-0.180594308,-0.186098673,11.463
566,0.645110562,0.467930338,0.725349058,0.755586051,0.74661424,0.004983659,-0.000862762,-0.000136838,-0.00026685,-1.97E-05,0.000144565,0.000134743,0.000293306,-0.159185726,-0.25741872,14.482
567,0.619295842,0.420470717,0.678949685,0.666155801,0.671401583,0.005250743,-0.001118027,-0.000214892,-0.00036834,3.44E-06,0.000291181,-6.61E-05,0.000150977,-0.191220927,-0.258478968,13.326
568,0.691717155,0.433325937,0.626449603,0.639072406,0.627179351,0.003289369,-0.001032323,-8.92E-05,-0.000137686,1.17E-05,0.000160446,-7.62E-05,3.14E-05,-0.229672285,-0.193123666,7.511
569,0.767001872,0.601833503,0.78465715,0.933464639,0.860857691,0.009196582,-0.002901184,0.000101957,0.000131945,-3.07E-05,-0.000275874,0.000611279,0.000571846,-0.120663428,-0.182823647,4.707
570,0.580818303,0.771731575,1.328697066,1.200151817,1.327009449,0.00705033,-0.001060195,-0.000273574,-0.000667204,-0.000130007,-3.78E-05,0.00125796,0.001608382,0.141150634,-0.556965491,57.16
571,0.608582899,0.829967959,1.363771412,1.24097191,1.359519185,0.006017138,-0.001073342,-0.000225837,-0.000547284,-0.000104951,-8.24E-05,0.001171171,0.001458943,0.153894497,-0.533803453,68.907
572,0.663454502,0.41199295,0.620981466,0.697517293,0.651378534,0.009234475,-0.000859779,-0.000227067,-0.000320245,5.04E-05,0.000192392,9.07E-06,0.0001685,-0.233820399,-0.208988517,8.661
573,0.654245426,0.394182178,0.602498944,0.684964077,0.636366123,0.010887704,-0.001233803,-0.000227332,-0.00032737,4.59E-05,0.000180859,-5.00E-05,8.21E-05,-0.248050744,-0.208316766,9.306
574,0.762305032,1.18593689,1.555724861,1.727914261,1.706414639,0.00873895,0.000571722,0.000289608,-8.58E-05,-0.000399273,-0.003179412,0.007872475,0.007668779,0.217443149,-0.369787971,96.578
575,0.592020584,0.316619489,0.534811622,0.579784692,0.549639961,0.004782066,-0.001028855,-0.000144115,-0.000219481,2.10E-05,0.000169719,-0.000123305,-2.25E-05,-0.303091514,-0.218192133,5.892
576,0.980964406,2.419444905,2.466394183,2.943676403,2.879859248,0.013118689,-0.004221616,0.001081105,0.00104066,-0.000567965,-0.006431622,0.014103375,0.013139251,0.423031573,-0.046949278,228.197
577,1.188612728,4.079485092,3.432139835,4.048354835,3.990609726,0.011318672,-0.005003595,0.001169845,0.001261092,-0.000523077,-0.008662314,0.018722882,0.017341947,0.5487507,0.647345257,389.149
578,1.242745785,4.62853176,3.724439718,4.418733191,4.347239576,0.008726067,-0.004082588,0.000928414,0.001026854,-0.000397486,-0.007193185,0.015434409,0.014253416,0.576669379,0.904092043,365.863
579,0.83389352,1.106748032,1.327205459,1.45072994,1.424920897,0.012180598,0.000413793,0.000518184,0.000194432,-0.000478524,-0.003807486,0.009496408,0.009273314,0.14060016,-0.220457427,69.596
580,0.687052791,0.436940556,0.635963585,0.628867624,0.622809334,0.002005885,-0.000532152,-7.88E-05,-0.000116099,1.41E-05,0.000133307,-5.81E-05,3.29E-05,-0.222521099,-0.199023029,8.184
581,0.672756974,0.48599751,0.722396837,0.680350067,0.694932677,0.001927678,-0.000483729,-9.71E-05,-0.000157237,7.83E-06,0.0001499,-2.29E-05,9.22E-05,-0.161172592,-0.236399327,18.003
582,0.749297445,0.604526808,0.806791498,0.840394182,0.823265172,0.002666989,-0.000602559,-4.97E-05,-8.64E-05,-2.66E-08,4.73E-05,0.000154494,0.000239864,-0.106934587,-0.20226469,5.247
583,0.923531277,1.005043439,1.088261398,1.294359472,1.204206245,0.004249081,-0.000975655,0.000321977,0.000445154,-7.75E-05,-0.000893001,0.001963854,0.001831706,0.042265493,-0.083217959,30.02
584,0.602018451,0.404254751,0.671498939,0.634337185,0.644816684,0.005116038,-0.001324146,-0.000216517,-0.000347622,1.94E-05,0.000290173,-9.03E-05,0.000118658,-0.196530822,-0.267244188,10.978
585,0.705752719,1.207231716,1.710559073,1.247491084,1.529370133,0.001275589,0.000134466,-0.000233573,-0.000547347,-9.59E-05,0.000152559,0.000894271,0.001289505,0.262144839,-0.503327357,56.984
586,0.658142091,0.413604903,0.628443171,0.718966917,0.670744151,0.018200296,-0.000439532,-0.000331151,-0.000577639,-1.49E-06,0.000164465,0.000408854,0.000666688,-0.228166899,-0.214838268,6.835
587,1.115658143,5.368971123,4.812380171,5.908842976,5.912294164,0.006781048,-0.002582562,0.000790354,0.000747001,-0.000424561,-0.007302925,0.014887993,0.013452048,0.655906885,0.556590953,674.695
588,0.847704012,1.280368982,1.510396275,1.909702679,1.790468313,0.009121566,-0.001904559,0.000652979,0.000661822,-0.000320496,-0.002465063,0.005279448,0.004871748,0.203313031,-0.230027293,28.1522195
589,0.843321344,1.303478243,1.545648349,1.974745103,1.85235916,0.010739677,-0.002318148,0.000767356,0.000760703,-0.000388187,-0.002865933,0.006177252,0.005715148,0.214345532,-0.242170106,44.2632095
590,0.838896048,1.188437145,1.41666795,1.781939123,1.672876134,0.00910128,-0.001883855,0.000609118,0.000607898,-0.000305386,-0.002170206,0.004677516,0.004327543,0.172414233,-0.228230806,17.60813
591,0.920002746,1.192390819,1.296073109,1.577717358,1.476542106,0.006386592,-0.001651513,0.000477021,0.000572967,-0.000173481,-0.0015191,0.0032248,0.002964867,0.128947596,-0.10368229,15.4947785
592,0.868094603,1.242426026,1.431210403,1.813743719,1.692689244,0.01041081,-0.002442233,0.000760728,0.000813518,-0.000344585,-0.002610383,0.00555371,0.005110772,0.177364494,-0.188784376,54.490514
593,0.868094603,1.242426026,1.431210403,1.813743719,1.692689244,0.01041081,-0.002442233,0.000760728,0.000813518,-0.000344585,-0.002610383,0.00555371,0.005110772,0.177364494,-0.188784376,51.301062
594,0.963122933,1.244951632,1.292619653,1.556237713,1.471272418,0.006862669,-0.001980657,0.000575375,0.000679436,-0.000217158,-0.001645237,0.003706043,0.003489215,0.127635499,-0.047668021,39.7925805
595,0.968810035,1.229800427,1.269392742,1.545184884,1.451389501,0.0061145,-0.001905752,0.000538957,0.000653619,-0.000191763,-0.001478431,0.003264436,0.003049633,0.118706973,-0.039592315,32.5795585
596,0.951063145,1.272824731,1.338317795,1.65596517,1.555927826,0.007151464,-0.002049863,0.000623369,0.000719019,-0.000246855,-0.001784518,0.003855819,0.003570948,0.144684266,-0.065493064,41.0781717
597,0.968810035,1.229800427,1.269392742,1.545184884,1.451389501,0.0061145,-0.001905752,0.000538957,0.000653619,-0.000191763,-0.001478431,0.003264436,0.003049633,0.118706973,-0.039592315,46.782865
598,0.982186279,1.612091386,1.641329574,2.106919279,1.959394524,0.009390789,-0.002936748,0.000910608,0.001066818,-0.000349429,-0.003098196,0.006564192,0.006030188,0.242805586,-0.029238187,58.3438505
599,0.967317442,1.261234526,1.303847601,1.583448231,1.495079718,0.006224137,-0.001741216,0.000571979,0.000670893,-0.000218948,-0.001600623,0.003572722,0.003351827,0.131887023,-0.042613075,45.081
600,0.986232104,1.51225603,1.533367272,1.973189783,1.82135445,0.008499783,-0.002690864,0.000823523,0.001001941,-0.000290834,-0.002625948,0.005510916,0.005042335,0.210536892,-0.021111242,48.1788445
601,0.942657696,1.250320917,1.326378517,1.627579096,1.528326006,0.00857538,-0.002280735,0.000758894,0.000888227,-0.000291788,-0.002258084,0.004987916,0.004660437,0.140294675,-0.0760576,51.999
602,0.994655802,1.310573474,1.317615071,1.655924277,1.533709175,0.00753178,-0.002415852,0.000748624,0.000940714,-0.000244118,-0.002031846,0.004290643,0.003936115,0.137043927,-0.007041596,58.0368685
603,1.010987533,1.338729768,1.324180294,1.641962947,1.531711008,0.007663993,-0.002553075,0.000759585,0.000948026,-0.000252072,-0.002045222,0.004438002,0.004117234,0.13948156,0.014549474,54.6471255
604,0.903902751,1.234786398,1.366061113,1.640547294,1.564987214,0.006822797,-0.001637845,0.000509656,0.000529992,-0.000241044,-0.001683694,0.003883298,0.003688864,0.154713296,-0.131274715,50.4963739
605,0.947119688,1.523683974,1.608755465,2.06665926,1.922247906,0.011156786,-0.00326133,0.00095845,0.001096751,-0.000385488,-0.003302497,0.007030943,0.006471998,0.233350911,-0.085071491,67.285307
606,1.014292313,1.503560926,1.482374367,1.879449441,1.74607638,0.00951599,-0.003202792,0.000881467,0.001078892,-0.000306923,-0.002642316,0.005639259,0.005196238,0.19431975,0.021186559,55.396422
607,1.0070518,1.636208645,1.624751225,2.004609497,1.897836576,0.009169105,-0.003052427,0.000813674,0.00093514,-0.00032451,-0.002786136,0.006208334,0.005820636,0.238023024,0.01145742,63.951536
608,0.999922585,1.678443333,1.678573279,2.102339926,1.978305075,0.009103225,-0.003006675,0.000809264,0.000935407,-0.000319135,-0.002856721,0.006286545,0.005865062,0.253333849,-0.000129946,71.7962445
609,0.847704012,1.280368982,1.510396275,1.909702679,1.790468313,0.009121566,-0.001904559,0.000652979,0.000661822,-0.000320496,-0.002465063,0.005279448,0.004871748,0.203313031,-0.230027293,108.507752
610,0.966419225,2.208281985,2.285014544,2.895365376,2.751447966,0.010308949,-0.003226959,0.000872193,0.000920658,-0.000403249,-0.004332665,0.009441333,0.008773848,0.391174689,-0.076732559,137.016727
611,0.884712905,1.609703189,1.819463895,2.3990951,2.219940911,0.013883732,-0.003777208,0.001068001,0.001152421,-0.000476782,-0.004372162,0.009214628,0.008446277,0.290645288,-0.209760706,76.8212215
612,0.907998332,1.559053753,1.717022705,2.169261691,2.034048293,0.009125011,-0.002443196,0.000741095,0.00080554,-0.000326868,-0.003009448,0.006463082,0.005970715,0.263900152,-0.157968952,69.9652975
613,0.796192595,1.858170578,2.333820473,2.883876822,2.791239053,0.013206702,-0.002475211,0.000811679,0.000594123,-0.000553294,-0.005548687,0.012230483,0.011417873,0.400087672,-0.475649895,83.6249515
614,0.761461333,0.820186237,1.077121322,1.369020048,1.264429897,0.007378882,-0.00060731,0.00044525,0.000426147,-0.000235573,-0.00137228,0.002720579,0.00242742,0.037128944,-0.256935085,35.958492
615,0.693085633,0.539101475,0.777828091,0.978013288,0.889036935,0.009388696,-0.000830705,0.000233122,0.00020636,-0.0001347,-0.000722566,0.001202897,0.000978958,-0.124968162,-0.238726616,16.048265
616,0.850681067,1.104208547,1.298028827,1.561401712,1.460966901,0.011649528,-0.001308995,0.000875651,0.001006557,-0.0003491,-0.003589637,0.007302418,0.006591893,0.129688898,-0.19382028,54.8583445
617,0.818355999,1.134477735,1.386288775,1.690451815,1.594790129,0.014946437,-0.001355319,0.001110883,0.00106809,-0.000584445,-0.004639343,0.00992889,0.009159392,0.16187847,-0.25181104,59.7713285
618,0.864864022,1.116438983,1.290883832,1.558920943,1.465889712,0.006495809,-0.000760896,0.000558581,0.000616574,-0.000239983,-0.00201208,0.004273342,0.003929668,0.126974501,-0.17444485,44.3780025
619,0.934678714,1.209829592,1.294380168,1.539822394,1.449402335,0.009412525,-0.00233434,0.000807367,0.000998428,-0.000274187,-0.002705214,0.005862443,0.005435832,0.128304878,-0.084550577,41.0315354
620,0.970496529,3.272355653,3.371836535,4.346526222,4.168447955,0.009905156,-0.002867965,0.0011821,0.001180473,-0.000592153,-0.008297926,0.017470328,0.016006586,0.542526354,-0.099480881,468.37924
621,1.121824992,4.418072827,3.938290607,4.785828229,4.675413087,0.005745655,-0.00228605,0.000743248,0.00078714,-0.000341875,-0.00628425,0.013352615,0.012281006,0.595001558,0.47978222,338.029996
622,0.868486781,3.188726953,3.671589507,4.81120042,4.621978773,0.009836827,-0.002328625,0.000909645,0.000809462,-0.000522725,-0.007379753,0.015571653,0.01428031,0.571880193,-0.482862554,253.880237
623,0.996292266,3.16425957,3.176035463,3.782966539,3.620333066,0.006334584,-0.002030311,0.000694617,0.000786726,-0.000284879,-0.006502174,0.013089916,0.011761226,0.521076864,-0.011775894,448.753842
624,1.084916375,4.592516796,4.23306063,5.460542122,5.23362144,0.005753685,-0.002103173,0.000768758,0.000822718,-0.000347806,-0.006303246,0.013082406,0.011913446,0.61781448,0.359456165,376.848608
625,0.988739633,4.304936936,4.353964171,5.554029008,5.350509746,0.006032115,-0.00186241,0.000663696,0.000663652,-0.000331878,-0.006212062,0.012849878,0.011684714,0.626445016,-0.049027235,438.59828
626,0.973666897,3.015013609,3.096555525,3.94394667,3.787074527,0.009191957,-0.002680859,0.001049843,0.001054561,-0.000521724,-0.006929991,0.014640435,0.013433188,0.511784965,-0.081541916,237.369094
627,0.805365207,1.062586245,1.319384344,1.551856775,1.522652078,0.002354381,0.000326999,0.000227614,0.000139532,-0.000173508,-0.000795497,0.001916104,0.001848894,0.137702208,-0.256798099,49.58
628,0.801401175,1.151251757,1.436548626,1.688350562,1.692396499,0.002245374,0.000332622,0.000250895,0.000124196,-0.000211321,-0.000859516,0.002188153,0.002151245,0.179166802,-0.285296869,59.94
629,0.935106281,1.176782083,1.258447416,1.370228439,1.33546261,0.001678974,0.00038992,0.000216587,0.000236219,-9.50E-05,-0.001000202,0.002457903,0.002388163,0.114435879,-0.081665333,55.87
630,0.985477731,1.197022759,1.214662414,1.29368724,1.249721964,0.002716301,0.00027056,0.000213045,0.000406433,2.46E-05,-0.001390634,0.003245516,0.003096482,0.096927826,-0.017639655,75.48
631,0.744633846,1.080250519,1.450713697,1.676631923,1.662753181,0.003708055,0.000782756,0.000255538,4.27E-05,-0.000272002,-0.0013677,0.003274604,0.003153062,0.1839112,-0.370463178,75.48
632,0.761775246,1.169027589,1.534609577,1.736187379,1.742541704,0.003582094,0.000631906,0.000236886,1.59E-05,-0.000268244,-0.001379101,0.003407005,0.003316299,0.210923837,-0.365581988,79.18
633,0.719391612,1.195368286,1.661637787,1.965048507,1.963711817,0.00338001,0.000523682,0.000248671,4.02E-05,-0.000265641,-0.001388744,0.003272821,0.0031336,0.248582955,-0.466269501,88.8
634,0.723537542,1.041464055,1.43940569,1.73549983,1.703045884,0.004162304,0.000682672,0.000309608,0.000107609,-0.000291714,-0.00140237,0.0032057,0.003035043,0.180128173,-0.397941635,61.42
635,0.673111236,0.974658768,1.447990638,1.727170545,1.726332412,0.00377095,0.00055977,0.000195157,-2.50E-05,-0.000246779,-0.001007624,0.002400178,0.002306902,0.183003412,-0.473331871,61.05
636,0.777643521,1.072753317,1.379492387,1.540518402,1.547606832,0.003081037,0.000528746,0.000187926,8.08E-06,-0.000215857,-0.000941066,0.002420704,0.002387853,0.159484598,-0.30673907,61.42
637,0.715277166,0.914866195,1.279037327,1.522374119,1.501619982,0.003887078,0.000720075,0.000248044,5.09E-05,-0.000257617,-0.000994397,0.002302518,0.00219042,0.122436488,-0.364171132,49.58
638,0.793175363,0.979499047,1.234908561,1.422906082,1.401091208,0.002447158,0.000381508,0.000179077,8.49E-05,-0.000153393,-0.000640828,0.00161904,0.001587772,0.105108802,-0.255409514,45.9
639,0.680922091,0.837927228,1.230577241,1.244063968,1.294673303,0.004428653,0.001028811,-0.000142111,-0.000569065,-0.000218325,-0.000478559,0.002165067,0.002431412,0.103371108,-0.392650013,40.442
640,0.589412538,0.875530838,1.485429614,1.398461768,1.537080314,0.003223559,0.000592158,-0.000189435,-0.000565195,-0.000159964,-0.000292835,0.001635402,0.001892495,0.195310143,-0.609898776,67.968
641,0.727742147,0.593976257,0.816190541,0.865784875,0.845145535,0.002914717,-0.000388613,-5.17E-05,-0.00010541,-1.06E-05,2.10E-05,0.000220262,0.000304082,-0.101206043,-0.222214284,10.2717647
642,0.766219072,0.652951993,0.852174028,0.989959349,0.945234834,0.004242655,-0.000672716,9.44E-05,5.70E-05,-7.26E-05,-0.000211783,0.000638734,0.000659815,-0.079812139,-0.199222035,11.1866667
643,0.782846169,0.68815862,0.879047056,1.046727295,0.985449114,0.006981106,-0.001073398,0.000218121,0.000198909,-0.000122081,-0.000504468,0.001252639,0.00122139,-0.0643693,-0.190888436,18.084
644,0.767763995,0.664202746,0.865113173,0.986001964,0.941837196,0.006228442,-0.00092074,9.54E-05,4.51E-05,-8.18E-05,-0.000293765,0.000895145,0.000927161,-0.072320988,-0.200910427,15.866
645,0.775946727,0.646878307,0.833663298,0.940450427,0.899864003,0.008030674,-0.001216907,9.73E-05,4.14E-05,-8.65E-05,-0.000266193,0.000944191,0.001013523,-0.090712784,-0.186784991,13.13
646,0.729568126,0.572422787,0.784604982,0.896976983,0.862295858,0.007915157,-0.00132298,7.91E-05,-1.85E-05,-0.000105699,-0.000173731,0.000722424,0.000799855,-0.120696188,-0.212182196,12.102
647,0.80753852,0.872319765,1.080220626,1.216048141,1.188616112,0.008134219,-0.001462343,0.000217497,0.000104331,-0.00018545,-0.000742629,0.002203736,0.002266742,0.038563518,-0.207900861,27.628
648,0.785587233,1.193594313,1.519365721,1.693030175,1.679345956,0.011556785,-0.001707978,0.00031038,3.19E-05,-0.000343921,-0.002313606,0.005999793,0.005933726,0.206149396,-0.325771408,54.1125
649,0.788336797,0.897912518,1.138996076,1.278724767,1.247240692,0.008618166,-0.001468018,0.0001818,5.58E-05,-0.00017627,-0.000882635,0.002471624,0.002501789,0.064981922,-0.241083558,31.054
650,0.799223365,0.978395668,1.224183014,1.352563904,1.333644408,0.009540473,-0.00145503,0.00021588,2.81E-05,-0.000235245,-0.001211839,0.003427831,0.003479653,0.100793421,-0.245787347,40.454
651,0.827572636,1.00500258,1.214398031,1.352092244,1.322384933,0.008086179,-0.001170121,0.000250146,0.0001352,-0.000202981,-0.001199155,0.003246075,0.003253149,0.096820006,-0.209395451,37.542
652,0.82708896,0.973250318,1.176717821,1.279527081,1.258720678,0.008389929,-0.0013083,0.000164207,3.07E-05,-0.000172605,-0.001009827,0.002969464,0.003046905,0.081185452,-0.203467502,38.038
653,0.811390419,0.859925063,1.059816634,1.166068896,1.136280096,0.008012163,-0.00134507,0.00012786,3.62E-05,-0.000126031,-0.000657488,0.00196477,0.002024701,0.029039786,-0.199891571,33.744
654,0.802677583,0.782352103,0.974677903,1.079986731,1.042045073,0.007848505,-0.001264638,0.000101662,4.26E-05,-9.09E-05,-0.000503542,0.001610192,0.001688048,-0.012823406,-0.1923258,26.366
655,0.823845011,0.79701784,0.967436629,1.069917502,1.030767472,0.007970649,-0.001291089,0.000128578,9.42E-05,-8.76E-05,-0.00054082,0.001586428,0.001626724,-0.016551166,-0.170418789,27.764
656,0.807960415,0.757657568,0.937740951,1.054291211,1.010556149,0.007723381,-0.001200225,0.000146413,0.000111156,-9.71E-05,-0.000505659,0.001433993,0.001456732,-0.032129707,-0.180083383,24.394
657,0.807318984,0.81481308,1.009282695,1.142092506,1.092803096,0.008717313,-0.001435977,0.000184181,0.000147924,-0.000116664,-0.000764005,0.002001088,0.001985277,0.004619905,-0.194469615,31.562
658,0.788092781,0.897709218,1.139090775,1.3234015,1.284149702,0.009000251,-0.001556783,0.000301389,0.000175488,-0.000236028,-0.001040655,0.002728818,0.002708229,0.065023316,-0.241381558,43.364
659,0.778502387,0.959485306,1.232475741,1.449385359,1.405064183,0.010119951,-0.001616547,0.000372382,0.000217158,-0.000291399,-0.001433526,0.003554198,0.003463773,0.104133602,-0.272990435,47.588
660,0.798189995,0.945023534,1.18395813,1.363544684,1.326558439,0.007909298,-0.001434828,0.000254666,0.000147902,-0.000199696,-0.000959816,0.002507088,0.002485143,0.084231528,-0.238934597,44.9
661,0.815909104,0.956311051,1.172080378,1.361978373,1.314033109,0.009855368,-0.001746497,0.000386655,0.000292855,-0.000256903,-0.001364219,0.003307512,0.003198777,0.079223762,-0.215769327,43.25
662,0.79690517,0.870764253,1.0926824,1.28725175,1.228499027,0.008211107,-0.001318509,0.000296317,0.000238865,-0.000187098,-0.000992937,0.002469157,0.002408745,0.044288804,-0.221918147,34.98
663,0.791166571,0.989257001,1.250377655,1.446960486,1.406695521,0.008990072,-0.001306669,0.000343557,0.000195322,-0.000272249,-0.001443496,0.00368804,0.003630054,0.111260283,-0.261120653,48.4
664,0.833184644,0.931831508,1.118397362,1.268298123,1.225239145,0.008142492,-0.001353143,0.000267906,0.000212005,-0.000171842,-0.000991994,0.002632584,0.002622463,0.055890063,-0.186565854,37.6125
665,0.805573894,0.782757564,0.971676925,1.052965312,1.025062075,0.00534065,-0.000881778,3.28E-05,-2.67E-05,-5.67E-05,-0.000280603,0.001022011,0.00110319,-0.014364967,-0.188919361,28.108
666,0.826139649,0.879238826,1.064273851,1.142822498,1.123088908,0.006899235,-0.001114997,7.21E-05,-2.55E-05,-0.000102284,-0.000526379,0.001851348,0.001983682,0.031136301,-0.185035025,34.134
667,0.787723603,0.818425296,1.03897521,1.171237907,1.149064051,0.00564765,-0.001021768,0.000135882,4.22E-05,-0.000131456,-0.000425754,0.001318823,0.001371736,0.019115098,-0.220549914,32.96
668,0.768357534,0.61307017,0.797896998,0.819981126,0.818193676,0.003389085,-0.000600426,-5.97E-05,-0.000144507,-2.77E-05,0.000117808,0.000114524,0.000245171,-0.112410779,-0.184826828,17.166
669,0.75490762,0.625509717,0.828591076,0.879338219,0.851310369,0.00485435,-0.000763474,-8.62E-05,-0.000139404,7.10E-06,1.99E-05,0.000182602,0.000254116,-0.093738248,-0.203081359,12.487
670,0.698048522,0.634029656,0.908288802,1.005695687,0.979269243,0.006237168,-0.000683671,-1.36E-05,-0.000152864,-8.75E-05,-0.000228264,0.000916288,0.001008054,-0.048059391,-0.274259146,22.9893333
671,0.64893517,0.48104664,0.741286128,0.833633666,0.807848617,0.004497056,-0.00072873,-2.25E-05,-0.000115586,-5.19E-05,-2.79E-05,0.000287712,0.000352198,-0.148576313,-0.260239488,12.1253333
672,0.769198668,0.651400937,0.846856558,0.914006413,0.89071503,0.004968814,0.000510308,-2.16E-05,-0.000152151,-7.76E-05,-0.000102347,0.001006525,0.001228182,-0.082921135,-0.195455622,14.344
673,0.772531275,0.544772755,0.705178901,0.770115726,0.730500313,0.004991174,-6.02E-05,-8.05E-05,-8.06E-05,4.02E-05,0.000136144,0.000284902,0.000482111,-0.172897459,-0.160406146,9.224
674,0.905673668,1.071852333,1.183486249,1.442919262,1.366600037,0.007909823,-0.00182504,0.000561254,0.000602888,-0.000252409,-0.001420056,0.003155729,0.002955526,0.084033618,-0.111633917,35.56
675,0.926846111,1.095936748,1.182436582,1.407285331,1.336041381,0.005829644,-0.001209441,0.000454023,0.000514744,-0.000185856,-0.001206057,0.002781879,0.002642667,0.083593074,-0.086499834,38.72
676,0.909615267,1.05100205,1.155435808,1.377932769,1.308524372,0.006502221,-0.001290913,0.000486922,0.000537268,-0.000209338,-0.001266207,0.002909504,0.00275998,0.072113401,-0.104433758,39.8
677,0.924918523,1.081925827,1.169752578,1.373726109,1.312843868,0.004951517,-0.001081078,0.000349675,0.000384321,-0.000151355,-0.000921765,0.00220043,0.002116547,0.078235915,-0.087826751,48.39
678,0.919250984,1.017121166,1.106467313,1.302794173,1.236563456,0.004965996,-0.00093105,0.000368606,0.00042705,-0.000144691,-0.000922202,0.002205458,0.002122742,0.050543064,-0.089346147,33.5433333
679,0.88668335,1.068565046,1.205125872,1.379690045,1.328977962,0.005475005,-0.000768162,0.000351166,0.000351051,-0.000175661,-0.001190483,0.002921065,0.002836714,0.093022296,-0.136560827,45.5533333
680,0.923568711,1.102672242,1.193925508,1.365266308,1.316412191,0.004782483,-0.000814259,0.00034289,0.000365397,-0.00015619,-0.001019026,0.002560679,0.002506754,0.08839202,-0.091253266,42.1733333
681,0.925949661,1.154937109,1.247300105,1.429002515,1.382404439,0.00516112,-0.001014511,0.000362215,0.000372008,-0.00017447,-0.001119581,0.002789602,0.002723156,0.110043204,-0.092362995,47.88
682,0.85460002,0.958399905,1.121460195,1.301779209,1.24890583,0.00719443,-0.001206958,0.000371733,0.000350983,-0.000199931,-0.001120245,0.002738621,0.002656185,0.05725311,-0.16306029,39.9166667
683,0.820861255,0.882228122,1.074759123,1.24897363,1.193082186,0.006800255,-0.000920656,0.000290679,0.000258894,-0.000166883,-0.000948655,0.002255972,0.00216702,0.036032676,-0.192531001,38.56
684,0.818421449,0.859882296,1.050659531,1.224050523,1.161479038,0.006918442,-0.000941745,0.000279477,0.000272319,-0.000144589,-0.000943929,0.002193519,0.002089492,0.024704019,-0.190777236,37.4866667
685,0.897265626,1.094223911,1.219509451,1.394477345,1.3493058,0.006083301,-0.001088275,0.000379017,0.000368051,-0.000196941,-0.001219298,0.003061336,0.002996025,0.098899985,-0.12528554,58.856
686,0.930278932,1.139102574,1.224474225,1.421818636,1.365985803,0.00670373,-0.001425446,0.000492984,0.000532132,-0.000219959,-0.001429956,0.0034309,0.003306019,0.100911138,-0.085371651,55.828
687,0.907612053,1.096920421,1.208578508,1.448347673,1.374859433,0.006738544,-0.001487709,0.000473779,0.000517735,-0.000207097,-0.001319267,0.003022043,0.00286341,0.09444016,-0.111658087,44.0363636
688,0.936275398,1.102999678,1.178071837,1.391221251,1.321667739,0.005973423,-0.001383173,0.000459999,0.000534055,-0.000179805,-0.001231551,0.002800157,0.002645721,0.081756641,-0.075072159,46.52
689,0.889159896,0.988847507,1.11211438,1.323551568,1.248662294,0.007284687,-0.001551002,0.000470443,0.000541097,-0.000187334,-0.001280227,0.002750737,0.002541684,0.053081586,-0.123266873,41.8290909
690,0.879548143,0.935892053,1.064060063,1.248841529,1.173976889,0.00832072,-0.001851642,0.000427667,0.000532416,-0.000142836,-0.001249024,0.002740634,0.002553932,0.031035949,-0.128168011,37.0690909
691,0.85265249,0.849388671,0.996172157,1.125713504,1.083264523,0.005580429,-0.001114032,0.000191579,0.000179706,-0.000103837,-0.000516221,0.001377428,0.001374423,-0.001917591,-0.146783487,26.4472727
692,0.765027197,0.751125547,0.981828556,1.015017287,1.007222554,0.002858325,-0.000298109,-6.58E-05,-0.000148731,-2.34E-05,-6.83E-05,0.000549341,0.000660147,-0.009169029,-0.230703008,28.666087
693,0.747546438,0.822713753,1.100552034,1.160830576,1.161258021,0.003599681,-0.000442983,-1.73E-05,-0.000132338,-6.93E-05,-0.000235184,0.000936064,0.001028188,0.047869337,-0.277838281,33.7253333
694,0.840166811,0.584662669,0.695888794,0.7534554,0.706997314,0.004500143,6.97E-05,-0.000106874,4.49E-05,0.000156329,0.000255485,0.000216214,0.0004898,-0.17932261,-0.111226125,3.26222222
695,0.774078941,0.912736972,1.179126474,1.268111168,1.266705384,0.003689194,0.000278329,6.44E-05,-0.00010894,-0.000149665,-0.000601333,0.001907496,0.001995803,0.082201045,-0.266389502,68.22
696,0.759026143,0.946172048,1.246560551,1.286878963,1.311007091,0.0031709,0.000327923,-2.40E-05,-0.000233041,-0.00012974,-0.000476747,0.001790315,0.001944576,0.109750236,-0.300388504,65.122
697,0.852089867,1.146347293,1.345336141,1.505100511,1.465601734,0.006318751,-0.000809143,0.000303095,0.000228524,-0.00020209,-0.001636027,0.00397116,0.003842171,0.147243772,-0.198988848,80.68
698,0.839308379,1.120485961,1.33501105,1.56274562,1.499584504,0.009762052,-0.001658855,0.000509177,0.000453761,-0.000292148,-0.002141717,0.004944213,0.004698259,0.143473004,-0.21452509,64.8553846
699,0.819051369,1.001428993,1.222669335,1.382568779,1.339287272,0.008716914,-0.001120375,0.000321147,0.000216589,-0.00023144,-0.00157081,0.003923123,0.003832689,0.100181044,-0.221240342,46.5890909
700,0.806020019,1.08045059,1.340476123,1.488633113,1.463709203,0.006638813,-0.000499671,0.000231455,6.78E-05,-0.000226664,-0.00148926,0.003792462,0.003728849,0.145473017,-0.260025533,61.7828571
701,0.783137861,1.153715179,1.473195509,1.614842027,1.615488162,0.006906591,-0.000533744,0.000204494,-4.91E-05,-0.000274147,-0.001635292,0.004289981,0.004258204,0.191329601,-0.319480329,89.1666667
702,0.82961484,1.134381886,1.367359684,1.533991417,1.49684968,0.00890688,-0.000644412,0.000414391,0.000256389,-0.000314286,-0.002394767,0.005850593,0.005673216,0.155176962,-0.232977799,85.6690909
703,0.831061498,1.170933856,1.408961742,1.583456767,1.544065061,0.009357849,-0.00090028,0.000407303,0.000261291,-0.000302615,-0.002450607,0.005954651,0.005763331,0.169766806,-0.238027886,86.64
704,0.834872195,1.144409122,1.370759655,1.539197715,1.500841343,0.009368068,-0.000929175,0.000420818,0.000277594,-0.000307483,-0.002380378,0.005846677,0.005679832,0.156388546,-0.226350533,88.1742857
705,0.850204395,1.196244554,1.407008198,1.5601427,1.530193902,0.008504909,-0.001110639,0.000368317,0.000231055,-0.000277191,-0.002201557,0.005473899,0.005339721,0.169092984,-0.210763644,91.2333333
706,0.855372574,1.235359634,1.444235731,1.602418968,1.570459541,0.009725449,-0.001092458,0.000451507,0.000300935,-0.000327808,-0.002790329,0.006831387,0.006629077,0.181748317,-0.208876097,96.1
707,0.873302883,1.152963975,1.32023379,1.464484093,1.423948301,0.009410108,-0.00110443,0.00044983,0.000389769,-0.000265623,-0.002451184,0.006009462,0.005834282,0.138017898,-0.167269815,77.884
708,0.855824327,1.174160849,1.371964798,1.555555244,1.510751386,0.00914042,-0.00148185,0.000436959,0.000356398,-0.000273083,-0.002131384,0.005188766,0.005025333,0.156817166,-0.197803949,69.756
709,0.849009489,1.042449766,1.227842302,1.3772199,1.333737727,0.008768794,-0.001122188,0.000362128,0.000297838,-0.000224638,-0.001724932,0.004344011,0.004255604,0.10227039,-0.185392536,61.2109091
710,0.846561096,1.247674171,1.473814681,1.675736871,1.639582413,0.008904754,-0.001391172,0.000452043,0.000319613,-0.00031578,-0.002294066,0.005528551,0.005335597,0.191532003,-0.22614051,97.996
711,0.843695291,1.192913958,1.413915629,1.581389293,1.560662562,0.008947,-0.001265349,0.000407834,0.00023219,-0.000322965,-0.002043577,0.00521496,0.005130974,0.171470628,-0.221001671,125.177143
712,0.845529147,1.169135873,1.382726873,1.525700887,1.509229469,0.007944327,-0.001170263,0.000307429,0.000149595,-0.000260691,-0.001665249,0.00440674,0.004385948,0.160625575,-0.213591,77.1933333
713,0.834673948,1.077575771,1.291014023,1.458807016,1.423314554,0.007680116,-0.001123179,0.000330972,0.0002221,-0.000239276,-0.001507576,0.003829621,0.003762351,0.127024112,-0.213438251,75.26
714,0.806533737,0.928628477,1.151382062,1.308734913,1.26713058,0.006094877,-0.000964579,0.000191261,0.000119233,-0.00014445,-0.000816641,0.002090703,0.002059182,0.070365029,-0.222753585,69.06
715,0.86185539,1.160693112,1.346737661,1.508716164,1.469063542,0.010417306,-0.001661204,0.000469292,0.000374978,-0.00029857,-0.002385376,0.00591905,0.005770066,0.147753056,-0.186044549,82.46
716,0.852881835,1.13041208,1.325402926,1.480032692,1.447747773,0.012438795,-0.001724528,0.000531622,0.000370144,-0.000375257,-0.002623063,0.006777923,0.006695632,0.139933997,-0.194990846,75.3166667
717,0.847559212,1.161699327,1.370640907,1.514722838,1.483454112,0.00669599,-0.00099597,0.000248852,0.000152922,-0.000189445,-0.001549716,0.003923916,0.003850901,0.156346289,-0.20894158,95.2766667
718,0.848168859,1.2488051,1.472354339,1.659413699,1.619237887,0.008829612,-0.001127663,0.000437833,0.000317043,-0.000300785,-0.002526235,0.006010498,0.005774511,0.191054467,-0.223549239,112.243333
719,0.860139286,1.15935152,1.347864862,1.519024959,1.465093325,0.009415916,-0.000836356,0.000487388,0.000454591,-0.000265922,-0.002719433,0.006381332,0.006100379,0.148162217,-0.188513342,82.34
720,0.843015702,1.322109368,1.568309303,1.724105704,1.699634012,0.009233743,-0.000806288,0.000393783,0.000187125,-0.00033696,-0.003169855,0.007471134,0.007153604,0.221277594,-0.246199935,139.816
721,0.795548202,1.140076458,1.433070246,1.599660088,1.581945056,0.007500018,-0.000729487,0.000271229,6.21E-05,-0.000277341,-0.001750162,0.004360923,0.004257093,0.177993318,-0.292993788,68.7163636
722,0.79629399,1.040578665,1.306776992,1.465417316,1.436137239,0.007172766,-0.000659695,0.000248824,8.39E-05,-0.000236222,-0.00146151,0.003668757,0.003590257,0.132989445,-0.266198327,73.4266667
723,0.818247157,0.864387127,1.056388793,1.225568318,1.161010375,0.008636081,-0.001162332,0.00032282,0.000327247,-0.00015841,-0.00119435,0.002705887,0.002553181,0.027421271,-0.192001666,38.21
724,0.794233559,0.807810349,1.017094204,1.189060669,1.128811133,0.007861647,-0.001026623,0.00027244,0.000234908,-0.000161658,-0.000915633,0.002171886,0.002084347,0.008474668,-0.209283855,33.05
725,0.776016867,0.941156146,1.212803724,1.205733829,1.244436033,0.002937887,0.000170869,-8.00E-05,-0.000291098,-0.000103119,-0.000266681,0.001476945,0.001707321,0.096169272,-0.271647578,60.36
726,0.765544923,0.67750248,0.88499376,0.884391838,0.890320398,0.002059228,5.46E-05,-9.68E-05,-0.000190139,-1.49E-05,0.000102261,0.000311662,0.000489386,-0.06101147,-0.20749128,26.5066667
727,0.760220147,1.112900433,1.463918626,1.548268713,1.586238402,0.004904967,-0.000166233,7.82E-05,-0.000186149,-0.000218239,-0.00099377,0.002903052,0.002973444,0.188284881,-0.351018193,76.012
728,0.765930334,0.816344212,1.065820448,1.102034744,1.113853886,0.003088772,0.000100342,-3.19E-05,-0.000187656,-8.96E-05,-0.000192478,0.001066126,0.001232441,0.03186165,-0.249476236,43.3293333
729,0.859940234,0.657172665,0.764207371,0.829179978,0.781173878,0.005978949,0.000302704,-6.42E-05,0.000157618,0.000182436,9.80E-05,0.000537293,0.000779922,-0.133653579,-0.107034706,5.024
730,0.859808425,0.670194528,0.779469599,0.823120751,0.778487796,0.003391507,-0.000243491,-0.000145081,-2.06E-05,0.000156914,0.000163974,1.56E-05,0.000153888,-0.123930413,-0.109275071,5.05
731,0.909434217,0.884838606,0.972955042,1.05160618,1.007231081,0.00580287,-0.000938177,0.000106666,0.000223567,2.59E-05,-0.000498084,0.001753778,0.001879589,-0.013707843,-0.088116435,21.128
732,0.838781117,0.907246574,1.081624937,1.173664282,1.154593625,0.007003662,-0.001080013,0.000136533,4.12E-05,-0.000132884,-0.000602661,0.002332128,0.00254803,0.039212125,-0.174378364,26.188
733,0.799698655,0.743853446,0.930167184,0.99989231,0.970880655,0.006281789,-0.000463757,-1.24E-05,-8.02E-05,-3.98E-05,-0.000246178,0.001584285,0.001863885,-0.036179672,-0.186313738,16.632
734,0.827927224,0.767377811,0.926866261,0.995346514,0.954078362,0.00719058,0.000366439,-7.77E-05,-4.08E-05,6.38E-05,-0.000451442,0.002215475,0.00251918,-0.037954756,-0.15948845,13.7425
735,0.817643774,0.960463938,1.174672844,1.241285545,1.208007711,0.008656612,0.00114981,-0.000147241,-0.000272052,-1.10E-05,-0.001707075,0.005318721,0.005540223,0.080321435,-0.214208907,28.224
736,0.746788009,0.940146503,1.258920191,1.350099235,1.343427833,0.008852142,0.000695171,2.01E-05,-0.000353214,-0.000263111,-0.001479839,0.005054349,0.005380797,0.114621221,-0.318773688,35.216
737,0.816985531,0.976650328,1.195431608,1.276557601,1.245132144,0.009432878,0.000153229,9.86E-07,-0.000150597,-0.000103232,-0.001728054,0.00525879,0.005445046,0.089017398,-0.218781281,32.384
738,0.791978831,0.946295899,1.19484999,1.287866756,1.253878491,0.009871304,4.17E-05,3.60E-06,-0.000173382,-0.000121752,-0.001607158,0.005029959,0.005245329,0.088775994,-0.248554091,34.504
739,0.796198584,0.966424979,1.213798916,1.295341744,1.278913334,0.008364467,-0.000654607,3.59E-05,-0.000161651,-0.000151799,-0.00111284,0.003705362,0.003921908,0.096575581,-0.247373938,26.764
740,0.756613191,1.032346623,1.364431172,1.494328258,1.488126317,0.010970557,-0.000894351,0.000179701,-0.00016525,-0.000323651,-0.00181607,0.00544671,0.005618232,0.15413059,-0.332084549,36.136
741,0.836306205,1.017553499,1.216723603,1.340712118,1.303818162,0.01093831,-0.001774535,0.000250995,0.000155949,-0.000189917,-0.001599169,0.004536791,0.004609222,0.097767535,-0.199170104,21.81
742,0.875481814,1.053219563,1.203017065,1.29503297,1.264088087,0.010063057,-0.001766047,0.00019554,0.000151123,-0.000127875,-0.001466129,0.004374658,0.004506305,0.092154105,-0.149797502,35.74
743,0.862697114,0.991860501,1.149720435,1.241712452,1.203591038,0.010368868,-0.001527975,0.00015013,0.000138619,-8.29E-05,-0.00139397,0.004248786,0.004401056,0.069646468,-0.157859934,30.31
744,0.854206091,1.008122755,1.180186802,1.270380346,1.248536464,0.009596237,-0.001808815,0.000165811,6.09E-05,-0.000154024,-0.001104795,0.003562456,0.003742251,0.082647414,-0.172064047,33.515
745,0.760916635,0.958638865,1.259847427,1.332552418,1.340989979,0.00742193,-0.000550938,2.34E-05,-0.000249813,-0.000196873,-0.000896101,0.003254891,0.003511442,0.1149845,-0.301208562,37.136
746,0.839364939,1.006705659,1.199365868,1.28114878,1.266640115,0.00999555,-0.001682578,0.000134728,-2.58E-05,-0.000176174,-0.001147242,0.003833402,0.004060733,0.090646977,-0.192660209,37.432
747,0.795338692,0.921966631,1.159212597,1.238752783,1.222182195,0.008699147,-0.000541807,4.13E-05,-0.000169626,-0.000163642,-0.001040406,0.003671474,0.003936742,0.073736415,-0.237245966,29.116
748,0.775611472,0.841354903,1.084763355,1.157424611,1.127807601,0.007757037,0.000580967,-0.000106863,-0.000280562,-6.43E-05,-0.000894855,0.003396589,0.003697094,0.040658502,-0.243408452,25.516
749,0.775859858,0.860297745,1.108831366,1.182828133,1.155661626,0.008645193,0.001017287,-0.000103206,-0.000332312,-0.00010368,-0.001155998,0.004370161,0.004753015,0.051607429,-0.24853362,25.072
750,0.78304932,0.873722949,1.115795552,1.181286766,1.146636335,0.007615397,0.001052402,-0.000203866,-0.00034121,8.84E-06,-0.001058105,0.004027219,0.004385874,0.054729084,-0.242072603,28.404
751,0.753430703,0.623317763,0.827306029,0.897232936,0.865525723,0.006367586,-4.89E-05,-7.10E-05,-0.000168928,-3.09E-05,-8.15E-05,0.001307278,0.001637037,-0.094507416,-0.203988266,22.704
752,0.882275344,0.974963,1.105055249,1.202386363,1.176032474,0.007026948,-0.001395634,0.000182094,0.000144711,-0.000116385,-0.000702787,0.002413297,0.002572253,0.049906172,-0.130092249,26.984
753,0.806414431,0.656834671,0.814512545,0.891513603,0.853892822,0.003676071,-0.000512323,9.01E-06,2.31E-06,-9.04E-06,-5.35E-05,0.000606999,0.000747387,-0.102224399,-0.157677874,16.96
754,0.789424349,0.531722567,0.673557343,0.729795188,0.683022122,0.003532772,-0.000165342,-0.000112912,-5.20E-05,9.78E-05,0.000175947,3.84E-05,0.000193318,-0.19505914,-0.141834776,3.68333333
755,0.698720944,0.39449325,0.564593423,0.604283826,0.574662703,0.003002354,-0.000288381,-0.000111409,-0.000143444,3.40E-05,0.000213753,-7.00E-05,8.28E-05,-0.278287362,-0.170100174,5.62
756,0.704827825,0.413404169,0.586532136,0.659511667,0.615926384,0.003696967,-0.000295995,-5.55E-05,-6.90E-05,1.86E-05,0.000105626,0.000197652,0.000343568,-0.260611087,-0.173127966,6.29
757,0.832304762,0.556426281,0.668536703,0.731035334,0.679616692,0.004842667,-0.00014201,-0.00010613,6.55E-05,0.000169367,0.000242373,5.62E-05,0.000270671,-0.198655083,-0.112110422,3.838
758,0.833767953,0.583541992,0.699885369,0.759331637,0.710833633,0.006476779,2.22E-05,-0.000165407,5.31E-05,0.000230771,0.000324484,0.000175599,0.000493069,-0.176549923,-0.116343378,4.368
759,0.841318147,0.582897575,0.692838467,0.751799601,0.703822166,0.004656394,9.30E-05,-0.000106204,5.85E-05,0.000164739,0.000250281,0.000221295,0.000492181,-0.181447633,-0.109940892,3.458
760,0.949322679,2.518114779,2.652538313,3.328586234,3.196916888,0.011314721,-0.003561212,0.00092538,0.000920682,-0.000465874,-0.005544635,0.007943292,0.005834833,0.452435586,-0.134423535,339.015
761,0.901621975,1.620766699,1.797612241,2.185538155,2.108299186,0.008563131,-0.002397802,0.000555543,0.000523178,-0.000299708,-0.002425066,0.00456214,0.003969648,0.285104644,-0.176845542,130.156
762,0.94012614,2.207369915,2.34795079,2.936794951,2.81159913,0.009680119,-0.002750296,0.000815338,0.000820392,-0.000404244,-0.004389718,0.007341496,0.005991232,0.402619654,-0.140580876,73.412
763,0.82415589,0.735554128,0.892493928,1.008525568,0.945219311,0.002957198,-0.000235957,4.59E-05,8.75E-05,5.28E-06,-0.000227125,0.000466797,0.000423281,-0.056806561,-0.1569398,7.578
764,0.925779327,1.201387372,1.297703823,1.579041879,1.483130237,0.00762134,-0.002022258,0.000472886,0.000555132,-0.000180699,-0.001452803,0.003251252,0.003053326,0.129565795,-0.096316451,36.31
765,0.870514645,1.012625662,1.163249427,1.409250953,1.318677105,0.007140204,-0.001608507,0.000365303,0.000422421,-0.000143939,-0.001107378,0.002485631,0.00233701,0.075464912,-0.150623765,32.1066667
766,0.989675602,1.315976644,1.329705048,1.571559188,1.500548349,0.004686166,-0.001440452,0.000334426,0.000389635,-0.000129794,-0.000972661,0.002301172,0.002206367,0.141522228,-0.013728404,41.095
767,0.970973861,1.356765613,1.39732455,1.670454394,1.582931716,0.005886974,-0.001739036,0.000417022,0.000494834,-0.000155772,-0.001366092,0.003133936,0.002971077,0.165736654,-0.040558937,51.144
768,0.935320515,1.331083868,1.423131266,1.695335203,1.613688202,0.007579105,-0.002132661,0.00048187,0.000538106,-0.00020282,-0.001705947,0.003927134,0.003727862,0.174621685,-0.092047398,51.03
769,0.939216601,1.363405879,1.451641589,1.681945622,1.615488664,0.007554334,-0.002074434,0.000472819,0.000520456,-0.000204122,-0.001888799,0.004347829,0.004127126,0.184220071,-0.08823571,59.395
770,0.983411805,1.494395666,1.519603139,1.812696432,1.733824037,0.005818937,-0.00172829,0.000452517,0.000507762,-0.000188815,-0.001569556,0.003602405,0.003415806,0.206224199,-0.025207473,56.815
771,0.943951733,1.42034557,1.504680292,1.811087728,1.721181869,0.00713332,-0.002031725,0.000499984,0.000558224,-0.000210518,-0.001824255,0.004114932,0.003876218,0.201494895,-0.084334722,53.73
772,0.948770293,1.431636594,1.508939102,1.831777083,1.735006506,0.007305366,-0.002152807,0.000508063,0.00057436,-0.000209096,-0.001812608,0.003941304,0.003659462,0.202850321,-0.077302508,54.755
773,0.938887243,1.404348582,1.495758508,1.788331005,1.70182169,0.006438618,-0.001870853,0.000411583,0.000458655,-0.000173887,-0.001540721,0.003513679,0.003323676,0.198640416,-0.091409926,55.685
774,0.936695666,1.571343752,1.677539258,2.059794138,1.954024721,0.008937317,-0.002661244,0.000629247,0.000682133,-0.000278779,-0.002505205,0.005098526,0.004603311,0.253045499,-0.106195506,89.73
775,0.940666736,1.376404487,1.463222237,1.775422453,1.681385887,0.00738781,-0.002189779,0.000478598,0.000538189,-0.00019891,-0.001655815,0.003581428,0.003318224,0.188055398,-0.086817751,44.645
776,0.899553227,1.1748754,1.306065462,1.582182777,1.491467622,0.009664652,-0.002559796,0.000541264,0.000606949,-0.000226112,-0.001760076,0.00397059,0.003740403,0.132721931,-0.131190062,42.496
777,0.879065615,1.106188568,1.258368601,1.475905644,1.408828585,0.012363209,-0.002895666,0.000582383,0.000605172,-0.000275746,-0.002028656,0.004837502,0.004651286,0.114404974,-0.152180032,36.93
778,0.938187102,1.279233658,1.363516568,1.593996423,1.528446668,0.006006899,-0.00179068,0.000331844,0.000363173,-0.000144687,-0.001137053,0.002725825,0.002625823,0.153803266,-0.084282911,48.76
779,0.95657219,1.313474737,1.373105711,1.59933224,1.537299238,0.008104506,-0.002349658,0.000510151,0.000562539,-0.000219568,-0.001705619,0.004091424,0.003942204,0.157222541,-0.059630974,44.425
780,0.908648122,1.293237372,1.423254327,1.66124525,1.604995605,0.007344022,-0.001946831,0.000414129,0.000405672,-0.000212797,-0.001538267,0.003666079,0.003524257,0.174663601,-0.130016956,49.015
781,0.924066614,1.182865551,1.28006524,1.546988259,1.455227538,0.007471836,-0.002138709,0.000434197,0.00051126,-0.000164867,-0.001338215,0.002918362,0.00271288,0.122832117,-0.097199688,35.62
782,0.89278918,0.970317293,1.086838097,1.298862835,1.210109472,0.007691696,-0.002049544,0.000367053,0.000477432,-0.000108714,-0.001049907,0.002265649,0.002097172,0.041612283,-0.116520804,31.008
783,0.865222811,0.946778007,1.094259184,1.320417319,1.230215965,0.008754142,-0.002165715,0.000379282,0.000461124,-0.00013417,-0.001112979,0.002492914,0.00234194,0.045008366,-0.147481177,27.465
784,0.793504907,0.689379075,0.868777331,0.966045396,0.912473579,0.002304945,-0.000304347,3.35E-06,1.46E-05,5.97E-06,-0.000126112,0.000266862,0.000245025,-0.070218461,-0.179398256,16.722
785,0.811513952,0.953829651,1.175370613,1.386103214,1.323539604,0.007465075,-0.001464303,0.000298565,0.000254973,-0.000178828,-0.001081376,0.002460991,0.00232608,0.08061643,-0.221540962,30.984
786,0.895736144,0.614309398,0.685815128,0.738858795,0.68634777,0.00892706,7.33E-05,-0.000290007,0.000384648,0.00060227,0.000773676,0.000338452,0.00107109,-0.186369708,-0.07150573,1.94266667
787,0.790062573,0.483107426,0.611479955,0.68020752,0.626126802,0.005253116,-0.000171679,-0.000116002,2.77E-05,0.000155417,0.000249375,-0.000202007,-6.01E-05,-0.241095177,-0.128372528,2.902
788,0.723364346,0.433234175,0.598915577,0.655813641,0.611420521,0.003480306,-0.000498787,-9.74E-05,-8.76E-05,5.53E-05,0.000150781,-0.000114868,-2.69E-05,-0.25084778,-0.165681402,3.84466667
789,0.842150628,1.033902737,1.227693363,1.479050209,1.395866822,0.009534396,-0.002125951,0.000461983,0.000475741,-0.000221667,-0.001589859,0.003321727,0.003033539,0.10221037,-0.193790626,33.344
790,0.884671621,1.274114088,1.440211326,1.755478297,1.682021143,0.009702502,-0.002632915,0.000575564,0.000552554,-0.000303377,-0.001930403,0.004135907,0.003817104,0.180398854,-0.166097238,41.678
791,0.7699873,0.567753564,0.737354453,0.781401931,0.743922629,0.002753339,-0.000492059,-8.30E-05,-8.12E-05,4.27E-05,9.13E-05,-3.25E-05,3.20E-05,-0.151175569,-0.169600889,16.122
792,0.902685305,1.174944027,1.301609786,1.515683909,1.445733909,0.011187757,-0.00271153,0.00061036,0.000677733,-0.000259516,-0.002262796,0.005122074,0.004831409,0.131042972,-0.12666576,40.32
793,0.81695509,0.940413187,1.151119809,1.35733493,1.292221011,0.008110502,-0.001815041,0.00029016,0.000262652,-0.000163725,-0.001025608,0.002300377,0.002162212,0.070251693,-0.210706622,25.992
794,0.850444894,1.185826665,1.394360379,1.67186775,1.607230972,0.010623468,-0.002598728,0.000547614,0.000486507,-0.000315224,-0.001993407,0.004448974,0.00417373,0.164703853,-0.208533714,43.564
795,0.910633023,1.320173997,1.449732179,1.695139112,1.624017477,0.010748152,-0.002754132,0.000636254,0.000675878,-0.000291271,-0.002602483,0.005703096,0.00531186,0.183584223,-0.129558182,55.26
796,0.901825795,1.265218778,1.402952527,1.648139015,1.572633687,0.007873014,-0.002070883,0.000448574,0.000484454,-0.000199968,-0.001782299,0.003932873,0.00367316,0.16769059,-0.137733749,54.5685714
797,0.870676525,1.517028781,1.742356359,2.100969888,2.02988209,0.009446606,-0.002292198,0.000587079,0.000521758,-0.000337812,-0.002681506,0.005801746,0.005376048,0.27070018,-0.225327578,72.4171429
798,0.890966419,1.249356303,1.402248476,1.67182291,1.596500404,0.01134845,-0.002771581,0.000693114,0.000709594,-0.000335387,-0.002540232,0.005804331,0.00549447,0.167446657,-0.152892173,74.2685714
799,0.936958712,1.183280931,1.262895489,1.422930191,1.367295838,0.010508205,-0.002692363,0.000549668,0.000656702,-0.000202288,-0.002114156,0.004983713,0.004772173,0.116176593,-0.079614558,43.8333333
800,0.787105307,1.428417187,1.814772654,2.350616586,2.346263351,0.007817476,-0.001872592,0.000446002,0.000286197,-0.000331313,-0.001563526,0.003753442,0.003617523,0.289463042,-0.386355467,50.0033333
801,0.85151305,1.06238523,1.247644096,1.426521963,1.378229385,0.00861507,-0.001822172,0.000356887,0.000308355,-0.000211338,-0.001434404,0.003546081,0.003452481,0.110179408,-0.185258866,40.1657143
802,0.881596007,1.17007216,1.327220349,1.487618572,1.452842789,0.007807079,-0.001702009,0.000341208,0.000284518,-0.000209028,-0.001474041,0.003672781,0.003585295,0.140605658,-0.157148189,44.1333333
803,0.973842633,1.201475793,1.233747376,1.333016373,1.288461784,0.008190711,-0.001960537,0.000304843,0.000456217,-4.98E-05,-0.001537945,0.003728306,0.003605602,0.104643604,-0.032271583,40.9742857
804,0.912823698,0.884369461,0.968828332,1.088902491,1.043323054,0.008293641,-0.001883778,0.00031873,0.000388322,-0.000112197,-0.000680606,0.002006029,0.002059635,-0.015832598,-0.084458872,24.124
805,0.8722242,1.071768963,1.228776916,1.386551822,1.346097805,0.006024993,-0.001373838,0.000237181,0.000208063,-0.000138325,-0.000909241,0.002332865,0.002299314,0.102646844,-0.157007953,41.2057143
806,0.877060525,1.190703674,1.357607189,1.593855749,1.527571053,0.009317664,-0.002058647,0.000505522,0.000500474,-0.000256182,-0.001939628,0.004422269,0.004182729,0.151682261,-0.166903515,75.9333333
807,0.931529731,2.005256871,2.152649351,2.654016159,2.556223065,0.013331821,-0.003831723,0.001083307,0.001057986,-0.000558816,-0.005443276,0.009130531,0.007464388,0.365612925,-0.147392479,92.152
808,0.897231535,1.804429909,2.011108436,2.487764216,2.396152319,0.011010238,-0.003042065,0.000837129,0.000781996,-0.000455932,-0.00398952,0.006505422,0.00522772,0.335792768,-0.206678527,151.568
809,0.876646683,1.142198378,1.302917584,1.581017734,1.486944365,0.011161664,-0.002772251,0.000621449,0.000688254,-0.000265446,-0.002139257,0.004245861,0.003790288,0.131536441,-0.160719206,53.1742857
810,0.807391359,1.086150796,1.345259377,1.587821571,1.525862768,0.009178173,-0.001762957,0.000419795,0.000326286,-0.000273276,-0.001830759,0.003386552,0.002921821,0.14721586,-0.259108581,43.46
811,0.791769544,0.86700948,1.09502757,1.281577348,1.233668041,0.00790055,-0.001518183,0.000269595,0.000185794,-0.000191596,-0.000875363,0.002075678,0.001991781,0.045358625,-0.228018091,33.624
812,0.712061942,0.460531356,0.646757436,0.686336627,0.658430097,0.003323362,-0.000242292,-0.00012216,-0.00016875,2.95E-05,0.000195975,-4.65E-05,9.91E-05,-0.214507951,-0.18622608,7.32866667
813,0.662684814,0.55647952,0.83973483,0.898255444,0.883686757,0.007553028,-0.00033062,-0.000192626,-0.000475687,-9.55E-05,-3.07E-05,0.000879947,0.001121592,-0.08711319,-0.28325531,19.93856
814,0.633720152,0.670278511,1.05768849,1.114983684,1.145038657,0.006676894,0.000388466,-0.000112367,-0.000568509,-0.00025298,-0.000364285,0.001791804,0.002038104,0.02803558,-0.387409979,29.81312
815,0.673913404,0.41544317,0.616463729,0.6869562,0.634311904,0.006894892,-0.001078029,-0.000219316,-0.000228554,0.000103396,0.000178926,-7.58E-05,4.69E-05,-0.237268715,-0.201020559,7.8784
816,0.657583147,0.457099689,0.695120748,0.718260939,0.705697128,0.004141279,-0.000886636,-0.000144827,-0.000248029,2.47E-06,0.000178579,-1.12E-05,0.000130815,-0.179856953,-0.238021059,12.92928
817,0.651100541,0.659362345,1.012688983,1.076515477,1.085508232,0.006389417,0.00058271,-0.000131767,-0.00053316,-0.000206171,-0.000352509,0.001652398,0.001866043,0.006304493,-0.353326638,35.96992
818,0.718507449,0.421641615,0.586829845,0.643037634,0.5961579,0.00589646,-0.001325438,-0.000170025,-0.000141944,0.000104046,0.000245961,-0.000204835,-6.66E-05,-0.260374581,-0.16518823,3.7904
819,0.682097052,0.677931101,0.993892437,1.349573081,1.229183185,0.007784842,-0.001745025,0.000273147,0.000213876,-0.000176746,-0.000774241,0.001264153,0.001016692,-0.003063135,-0.315961336,16.26
820,0.732528892,0.786636604,1.07386427,1.357160954,1.260379491,0.008255895,-0.00134744,0.00033715,0.000278285,-0.000208472,-0.001129189,0.002183949,0.001926146,0.035616733,-0.287227666,18.62
821,0.684562075,0.542416595,0.792355601,0.96138487,0.882985811,0.005946021,-0.00173184,3.85E-05,1.94E-05,-3.23E-05,-0.000215792,0.000430502,0.000385217,-0.115850001,-0.249939007,7.81
822,0.644373408,0.607784283,0.943217513,1.180894487,1.128698686,0.005077382,-0.001531116,8.15E-05,5.39E-06,-9.24E-05,-0.000261262,0.000489454,0.000425003,-0.02922086,-0.33543323,5.95
823,0.715005516,0.507703367,0.710069161,0.82615877,0.767582574,0.006608855,-0.001610589,1.08E-05,-2.78E-06,-1.46E-05,-0.000102331,0.000305196,0.000314341,-0.169543341,-0.202365794,8.8
824,0.71553937,0.533345109,0.745374932,0.864322077,0.807074164,0.006419401,-0.001460801,1.71E-05,-9.60E-06,-2.66E-05,-0.000149468,0.000413894,0.00041759,-0.1458856,-0.212029823,10.016
825,0.823985427,1.507649475,1.829704052,2.258838608,2.20054596,0.008252554,-0.001185045,0.000745332,0.000565644,-0.000494454,-0.003353451,0.007313779,0.006799045,0.293212307,-0.322054577,126.144
826,0.825003427,0.822631831,0.997125349,1.174915604,1.095960699,0.010183913,-0.001069041,0.000511077,0.000642336,-0.000166574,-0.001723627,0.003920891,0.003705328,-0.001439394,-0.174493519,33.152
827,0.712864086,0.445436007,0.624854044,0.718362212,0.657220858,0.00766508,-0.001972529,-8.28E-05,-4.20E-05,6.91E-05,4.11E-05,2.49E-05,6.59E-05,-0.230879787,-0.179418037,5.6288
828,0.713242265,0.500292143,0.701433674,0.83440113,0.75992616,0.006630394,-0.001980692,1.28E-05,3.31E-05,7.41E-06,-0.000132083,0.000249985,0.00021817,-0.175479262,-0.201141532,6.12266667
829,0.646854599,0.484125028,0.748429444,0.970655897,0.860020234,0.007804363,-0.002338601,9.34E-05,8.65E-05,-5.14E-05,-0.000455435,0.000621577,0.000439031,-0.143883733,-0.264304416,6.74133333
830,0.689296227,0.554949446,0.805095725,1.019139555,0.916829339,0.010302385,-0.002140916,0.00023639,0.000244857,-0.000112456,-0.000917267,0.001315411,0.000967004,-0.107974481,-0.25014628,18.112
831,0.694886597,0.620301619,0.892665971,0.990154033,0.960676539,0.007791902,-0.00085701,-3.26E-05,-0.000225146,-0.000114146,-0.000309739,0.001201365,0.001313165,-0.056710498,-0.272364352,26.24
832,0.751167239,0.814228105,1.0839505,1.294064503,1.22868379,0.011058746,-0.000230427,0.000523555,0.000344314,-0.000383263,-0.002026719,0.004500759,0.004214078,0.040284306,-0.269722395,41.824
833,0.814954498,0.853863442,1.047743701,1.258178642,1.173934968,0.01027004,-0.001268538,0.000557219,0.000624007,-0.000233343,-0.001808857,0.003909384,0.003620924,0.023315272,-0.193880259,19.37
834,0.728531544,1.14841799,1.576346282,2.172228419,2.074037877,0.016912135,-0.00264296,0.001214325,0.000861396,-0.00084637,-0.004024016,0.00766106,0.006705459,0.223706839,-0.427928292,45.89
835,0.547403907,0.481584863,0.879761465,0.974538545,0.996461167,0.006005201,-0.00127957,-4.39E-05,-0.000251333,-0.000118611,-9.09E-05,0.000395546,0.000441343,-0.063964783,-0.398176602,9.20833333
836,0.741037358,1.285886603,1.735252061,2.360617053,2.242106549,0.018400592,-0.002746939,0.001393353,0.001038761,-0.000937011,-0.005390578,0.010588668,0.009407301,0.268805962,-0.449365458,109.655
837,0.784783144,0.715842835,0.912153683,1.067222467,1.000666383,0.011085805,-0.001300617,0.000332999,0.000348315,-0.000156118,-0.00111251,0.002655641,0.00255436,-0.045941034,-0.196310848,26.304
838,0.794492979,0.522417316,0.657548059,0.732511737,0.676778282,0.010387004,-0.000674863,-0.000195498,0.000100234,0.000298189,0.000328743,0.000268942,0.000618166,-0.206601516,-0.135130743,4.1056
839,0.683766142,0.37876383,0.553937679,0.637652828,0.571440495,0.007735575,-0.002070821,-0.000201435,-0.000112472,0.000161015,0.000159527,-0.000252654,-0.000199299,-0.287052902,-0.175173849,1.6416
840,0.744778865,0.453072033,0.608330948,0.698085695,0.633027598,0.008455082,-0.001452674,-0.000130748,3.49E-05,0.000177648,0.000120654,-5.25E-05,2.98E-05,-0.243525161,-0.155258915,4.1536
841,0.734148312,0.54873913,0.747449965,0.841927553,0.789127264,0.008201262,-0.000228434,-8.03E-05,-9.97E-05,2.69E-05,-0.000149127,0.000831884,0.000962522,-0.144524902,-0.198710835,10.34816
842,0.694115057,0.387957094,0.558923324,0.646577926,0.581461394,0.006472212,-0.001366218,-0.000126721,-5.87E-05,0.000109431,0.000107667,-0.00023491,-0.000218412,-0.282936736,-0.170966229,2.1568
843,0.898579981,0.685989504,0.763415076,0.823349253,0.766307262,0.008103644,0.000546658,-0.000279018,0.00048605,0.000658056,0.000307389,0.001981924,0.002832842,-0.134162925,-0.077425572,2.9667
844,0.895490947,0.738839447,0.82506635,0.891494082,0.838215224,0.00947586,0.001173905,-9.75E-05,0.000552679,0.00048943,-0.000213774,0.003388947,0.004241804,-0.09585057,-0.086226903,7.595
845,1.021413965,0.803005087,0.786170068,0.818963596,0.770159797,0.004802862,0.000662873,-0.000315294,0.000762641,0.000888248,0.00086022,0.001901871,0.003178754,-0.119714206,0.016835018,2.07786667
846,0.82455395,0.532710623,0.646059149,0.706907794,0.653708092,0.006198131,0.000253542,-0.000208496,7.23E-05,0.000294547,0.000428803,1.25E-06,0.000350838,-0.215023167,-0.113348526,6.2208
847,0.660010881,0.372324611,0.564118898,0.618600674,0.574069757,0.004749819,-0.001334417,-0.00014124,-0.000157162,5.98E-05,0.000166062,-0.000152382,-6.33E-05,-0.278675171,-0.191794287,6.4768
848,0.620199788,0.4823025,0.777656667,0.753001548,0.768690251,0.00445787,-0.00067981,-0.000225694,-0.000407504,-1.04E-05,0.000254663,7.52E-05,0.000305446,-0.125076646,-0.295354167,28.32128
849,1.016233201,0.793682089,0.781003896,0.817138206,0.767642517,0.004825428,0.00069211,-0.000290078,0.000863426,0.000926858,0.000874092,0.002054402,0.003388803,-0.12296217,0.012678193,3.835
850,1.002081914,0.731991886,0.730471108,0.766709767,0.718158822,0.003902588,0.000453412,-0.000237584,0.000590718,0.000680197,0.000884503,0.000774034,0.001728923,-0.155754633,0.001520778,1.62825
851,0.852244807,0.549006779,0.644189058,0.709163566,0.65283876,0.002499934,9.36E-05,-7.74E-05,0.000114732,0.000168927,0.000211531,2.20E-06,0.000175135,-0.216405127,-0.095182279,6.279
852,0.660899798,0.486253713,0.735744987,0.755748751,0.748278262,0.004778076,-0.000642115,-0.000184576,-0.000335879,-1.03E-05,0.000209777,9.39E-05,0.000293144,-0.152242994,-0.249491273,22.595625
853,0.639108195,0.37233398,0.582583642,0.644650639,0.604502913,0.005020729,-0.001301737,-0.000112788,-0.000159684,2.46E-05,0.000122296,-8.83E-05,-1.55E-05,-0.26375627,-0.210249662,1.01075
854,0.884502672,0.989465104,1.118668304,1.289371954,1.224573841,0.005542467,-0.000709009,0.000325263,0.000383978,-0.000122836,-0.001068974,0.002701769,0.002649921,0.056010799,-0.1292032,16.029
855,0.884502672,0.989465104,1.118668304,1.289371954,1.224573841,0.005542467,-0.000709009,0.000325263,0.000383978,-0.000122836,-0.001068974,0.002701769,0.002649921,0.056010799,-0.1292032,16.029
856,0.900628644,0.604735054,0.671458828,0.727029446,0.675902322,0.003852885,0.000360053,-0.000100412,0.000248895,0.000286958,0.000415452,9.06E-05,0.000456458,-0.196559536,-0.066723774,5.928
857,0.900628644,0.604735054,0.671458828,0.727029446,0.675902322,0.003852885,0.000360053,-0.000100412,0.000248895,0.000286958,0.000415452,9.06E-05,0.000456458,-0.196559536,-0.066723774,5.928
858,0.859148192,0.687378454,0.800069721,0.863155215,0.818224558,0.004144474,0.000870082,-5.33E-05,9.84E-05,0.000129442,1.18E-05,0.000997112,0.001308855,-0.111068075,-0.112691267,26
859,0.859148192,0.687378454,0.800069721,0.863155215,0.818224558,0.004144474,0.000870082,-5.33E-05,9.84E-05,0.000129442,1.18E-05,0.000997112,0.001308855,-0.111068075,-0.112691267,26
860,0.871981596,0.604960226,0.693776369,0.755954904,0.702057585,0.00606496,0.000334765,-0.000146926,0.000268186,0.000354816,0.000383388,0.00047213,0.000927428,-0.180793425,-0.088816143,7.2475
861,0.764104938,0.536666686,0.702346837,0.795199652,0.733963698,0.006976254,-0.000879237,-6.96E-05,3.59E-05,0.000106285,-4.17E-05,0.000385757,0.000468655,-0.174848718,-0.165680151,16.055
862,0.693182792,0.420043131,0.60596301,0.681403551,0.631749008,0.005090959,-0.001527776,-8.56E-05,-9.17E-05,3.87E-05,9.56E-05,-8.91E-05,-3.82E-05,-0.245358696,-0.185919879,5.031
863,0.757859006,0.731522282,0.965248517,1.060949387,1.019102297,0.005893183,0.000889368,-2.78E-05,-0.000142709,-6.40E-05,-0.000638835,0.002340343,0.002529274,-0.017682997,-0.233726235,66.594
864,0.659154453,0.396388246,0.601358672,0.695148837,0.632378873,0.005411136,-0.001819272,-8.38E-05,-8.31E-05,4.24E-05,3.09E-05,-3.95E-05,-2.63E-05,-0.248939438,-0.204970426,6.072
865,0.692131939,1.956288196,2.826467161,4.406544099,4.385844935,0.030345519,-0.006258175,0.002279171,0.00143554,-0.001711379,-0.010080194,0.020034926,0.017896867,0.477324666,-0.870178965,113.322
866,0.786152092,1.683850922,2.141889515,2.780155027,2.729088284,0.013999506,-0.003535662,0.000856293,0.000592598,-0.000606873,-0.003957014,0.00834449,0.007650555,0.363440379,-0.458038593,119.724
867,0.84277467,0.663851409,0.787697391,0.859077775,0.814545857,0.003653511,0.000441084,-1.18E-06,8.37E-05,5.81E-05,-2.77E-05,0.000813503,0.001037438,-0.118757576,-0.123845982,23.628
868,0.88787733,0.604960039,0.681355429,0.744068435,0.692208471,0.003383387,0.000265112,-4.98E-05,0.000251575,0.000229144,0.000296844,0.000261042,0.000581893,-0.189516485,-0.07639539,4.303
869,0.773158815,0.702871895,0.909091226,1.025502646,0.97560292,0.004021727,-0.000403133,5.86E-05,2.93E-05,-4.92E-05,-0.000343694,0.001028704,0.001060531,-0.047618874,-0.206219331,25.415
870,0.682872096,0.465690066,0.681957966,0.814080941,0.743230834,0.005140528,-0.001433495,-2.81E-07,-5.78E-06,-3.59E-06,-0.000122056,0.000236068,0.000208201,-0.189090358,-0.2162679,8.6775
871,0.675236635,0.460593161,0.682121107,0.763937855,0.718832919,0.006282861,-0.001837321,-7.75E-05,-0.000125037,6.57E-06,2.97E-05,0.000113706,0.000172314,-0.188975033,-0.221527947,8.45
872,0.651800462,0.380500841,0.583768904,0.658462266,0.608092241,0.005015404,-0.001975588,-9.31E-05,-0.000112603,3.34E-05,8.27E-05,-0.000101139,-6.45E-05,-0.262810499,-0.203268063,4.654
873,0.834085117,1.283016239,1.538231786,1.799952792,1.7659071,0.005782023,-0.001045482,0.000361754,0.000250864,-0.000256036,-0.001574105,0.00370685,0.003548197,0.212049896,-0.255215546,67.4375
874,0.92577443,0.925334273,0.999524553,1.142797428,1.068068741,0.006505696,-0.001307219,0.000339831,0.000572893,-1.20E-05,-0.001003725,0.002651972,0.002638172,-0.00023778,-0.07419028,64.8916667
875,0.864233593,0.632784623,0.732191653,0.809440175,0.752049974,0.0050102,-5.26E-05,-1.39E-05,0.000314778,0.000229762,4.54E-05,0.000806684,0.001088142,-0.154606649,-0.09940703,14.1483333
876,0.938725189,1.5009783,1.598953899,2.043212908,1.907548712,0.012613375,-0.003795357,0.001360799,0.001529163,-0.000566287,-0.004699131,0.009601497,0.008684098,0.230459609,-0.097975599,127.075
877,0.720263015,0.508742185,0.706328347,0.813312661,0.758707458,0.00922939,-0.002221718,-3.86E-08,-2.64E-05,-1.78E-05,-0.000121448,0.000461203,0.000502055,-0.172107352,-0.197586162,15.3075
878,0.914913094,1.349868631,1.475406396,1.783888821,1.678198155,0.008442549,-0.00297002,0.000753116,0.000877394,-0.000292326,-0.00297485,0.006467551,0.006004716,0.192051857,-0.125537765,116.675
879,0.91840397,1.558203323,1.696642626,2.179518818,2.083616173,0.013141177,-0.003613093,0.001207346,0.001172686,-0.000627164,-0.004023156,0.00828739,0.007522285,0.258337022,-0.138439303,91.52
880,0.862887517,1.794847153,2.080047652,3.267878593,3.005590434,0.013626612,-0.003892711,0.001132499,0.001080009,-0.000601826,-0.003649979,0.00677006,0.005849073,0.350659397,-0.285200499,58.816
881,0.987163159,2.044736675,2.071325957,2.774235481,2.682415683,0.012774259,-0.004229952,0.001386081,0.001328444,-0.000732106,-0.004720116,0.009663219,0.008747433,0.348815454,-0.026589282,171.52
882,0.860017987,1.415333464,1.645702166,1.923865557,1.91078697,0.007527901,-0.001527388,0.000575113,0.000394642,-0.000409875,-0.002374237,0.005534771,0.005278411,0.244057012,-0.230368702,117.312
883,0.991660025,1.545803038,1.558803419,1.978937163,1.883662612,0.009962742,-0.003078709,0.001088895,0.001158288,-0.000497414,-0.003152283,0.006471288,0.005865084,0.218384662,-0.013000381,100.608
884,0.980462602,1.60313932,1.635084618,2.084003992,1.967314313,0.015957381,-0.004912555,0.001596116,0.001747425,-0.000695505,-0.005136203,0.010596459,0.009624615,0.241011091,-0.031945298,115.584
885,0.841789894,0.853278391,1.013647701,1.260331718,1.172379397,0.013262249,-0.00376088,0.000652936,0.000717082,-0.000282992,-0.001514251,0.002904333,0.002551237,0.006777601,-0.16036931,41.216
886,0.844178129,0.95435502,1.130513794,1.428590362,1.32449062,0.015319647,-0.004578168,0.000768094,0.00083991,-0.000335372,-0.002047601,0.003954933,0.003485843,0.061259305,-0.176158774,41.664
887,0.690007313,0.538613101,0.780590424,0.903734052,0.85803059,0.008618935,-0.002659652,2.63E-05,-5.16E-05,-6.60E-05,-0.000162839,0.00043129,0.000429369,-0.123222934,-0.241977323,41.792
888,0.816223606,0.993388619,1.217054507,1.541216861,1.428270192,0.011013292,-0.002640029,0.000588419,0.00061752,-0.000274485,-0.001870436,0.003641539,0.003221764,0.097902197,-0.223665889,59.968
889,0.918589144,1.212367298,1.319814528,1.658779129,1.561481453,0.00876546,-0.003174763,0.000842882,0.000910523,-0.000375596,-0.002309119,0.004631465,0.004154407,0.137862111,-0.10744723,87.1
890,0.918589144,1.212367298,1.319814528,1.658779129,1.561481453,0.00876546,-0.003174763,0.000842882,0.000910523,-0.000375596,-0.002309119,0.004631465,0.004154407,0.137862111,-0.10744723,87.1
891,0.7653514,1.267654395,1.65630375,2.08908854,2.012199788,0.00938435,-0.001914474,0.000699575,0.00048757,-0.00049348,-0.003039316,0.006352281,0.005802014,0.247074059,-0.388649356,134.225
892,0.7653514,1.267654395,1.65630375,2.08908854,2.012199788,0.00938435,-0.001914474,0.000699575,0.00048757,-0.00049348,-0.003039316,0.006352281,0.005802014,0.247074059,-0.388649356,134.225
893,0.837001046,1.061674646,1.268426904,1.610451081,1.507242043,0.010193142,-0.002993151,0.000874402,0.000878216,-0.000434616,-0.002597058,0.005108363,0.004541324,0.118331741,-0.206752258,81.575
894,0.837001046,1.061674646,1.268426904,1.610451081,1.507242043,0.010193142,-0.002993151,0.000874402,0.000878216,-0.000434616,-0.002597058,0.005108363,0.004541324,0.118331741,-0.206752258,81.575
895,0.728356123,0.816604083,1.121160456,1.311988161,1.260058381,0.009773086,-0.000349002,0.000372653,9.47E-05,-0.000374742,-0.001903673,0.00439695,0.00417902,0.057119892,-0.304556373,78.65
896,0.728356123,0.816604083,1.121160456,1.311988161,1.260058381,0.009773086,-0.000349002,0.000372653,9.47E-05,-0.000374742,-0.001903673,0.00439695,0.00417902,0.057119892,-0.304556373,78.65
897,0.803876444,0.867917467,1.079665257,1.259429521,1.206003258,0.009841202,-0.001737034,0.000410065,0.000324968,-0.000262709,-0.00135624,0.003201807,0.003067537,0.038306769,-0.21174779,52
898,0.875635864,0.8779921,1.002690885,1.210926661,1.128484402,0.013132498,-0.003616547,0.000666235,0.000815471,-0.000231969,-0.001574099,0.003289639,0.003004563,0.001343635,-0.124698786,45.1425
899,0.9324703,1.089031604,1.167899508,1.448433191,1.342992816,0.012558882,-0.003787684,0.000853853,0.001060279,-0.000287015,-0.002192343,0.004392724,0.003938422,0.077448012,-0.078867904,65.8775
900,0.925359208,1.338256981,1.446202696,1.748811087,1.696065802,0.010949071,-0.002959882,0.000869569,0.00082017,-0.000468267,-0.00261136,0.005688221,0.005285248,0.182406264,-0.107945715,104.325
901,0.866457507,1.311973343,1.514180826,1.971398152,1.839282296,0.011176051,-0.002894476,0.000907992,0.000935601,-0.000435283,-0.003030556,0.006039494,0.005401578,0.204512269,-0.202207483,68.20992
902,0.809716617,0.967527525,1.194896468,1.504995535,1.403032443,0.012101044,-0.001861746,0.000887587,0.000886397,-0.0004446,-0.00273256,0.005373667,0.00477667,0.08879529,-0.227368943,50.964
903,0.843465516,0.908614884,1.077240109,1.303776285,1.222532359,0.009198648,-0.001731373,0.000569471,0.000621091,-0.000249748,-0.001581958,0.003331393,0.003052569,0.037184006,-0.168625225,31
904,0.793309364,0.683903944,0.862089842,1.025987844,0.953416011,0.009590503,-0.001548435,0.000310744,0.000366262,-0.000117743,-0.000802197,0.001722491,0.001591154,-0.074062032,-0.178185898,22.2456
905,0.848278172,1.071882036,1.263597333,1.587501983,1.482892412,0.012802492,-0.00322401,0.000827156,0.000869447,-0.000384913,-0.00253539,0.005114678,0.004599773,0.116450629,-0.191715297,49.104
906,0.816524779,1.210176573,1.482106365,1.990574312,1.863986265,0.011748671,-0.002760506,0.000891787,0.000824715,-0.000491353,-0.002769187,0.005304192,0.004656314,0.194232758,-0.271929792,46.128
907,0.87708674,1.701143395,1.939538382,2.588954536,2.481482938,0.013713515,-0.003470164,0.001281639,0.001156905,-0.000725361,-0.004684418,0.009503347,0.008568187,0.319621063,-0.238394986,114.54624
908,0.842449019,1.25231827,1.486521132,1.86656527,1.764667678,0.013024584,-0.002093772,0.001084677,0.001038954,-0.000573328,-0.003950847,0.008246481,0.007527869,0.195663381,-0.234202862,88.47648
909,0.823070938,0.873790977,1.061622925,1.204180131,1.160934001,0.008875964,-0.001348966,0.00032797,0.000252599,-0.000215069,-0.001153348,0.003028841,0.003007391,0.029890493,-0.187831948,56.064
910,0.860941777,1.244738299,1.445786849,1.613107036,1.606151738,0.006172949,-0.001206991,0.000315022,0.000178149,-0.00025028,-0.001406282,0.003724835,0.003708305,0.182267253,-0.20104855,94.2464
911,0.80951801,0.844445479,1.043146006,1.226279669,1.167200131,0.0091427,-0.001303812,0.000442053,0.000391383,-0.000255369,-0.001336056,0.003096158,0.002946311,0.021117437,-0.198700527,48
912,0.82593458,0.72781592,0.881202867,1.043217501,0.976355656,0.006879876,-0.00162112,0.000261753,0.000304682,-0.00010178,-0.000570931,0.001285454,0.001210023,-0.06314956,-0.153386947,31.36
913,0.78233383,0.811560392,1.037358172,1.251015121,1.185688767,0.009622649,-0.001848497,0.000417157,0.000344351,-0.000257924,-0.001199661,0.002520895,0.002307806,0.018336576,-0.22579778,44.928
914,0.795466371,0.884560624,1.112002539,1.347397925,1.277303759,0.009916764,-0.001245159,0.000557307,0.00048178,-0.000329845,-0.001696802,0.003596025,0.003303865,0.053031441,-0.227441915,50.304
915,0.794891448,0.658368272,0.828249283,0.914165237,0.866033312,0.008175533,0.000729883,-2.41E-05,2.08E-05,4.25E-05,-0.000379836,0.002064262,0.00238046,-0.093942724,-0.169881011,15.86992
916,0.762541832,0.480244747,0.629794625,0.717330642,0.662183865,0.005412543,-0.000939658,-2.66E-05,4.06E-05,5.89E-05,7.65E-05,-3.40E-07,6.18E-05,-0.227148482,-0.149549878,4.2482
917,0.716409483,0.436978502,0.609956334,0.68954965,0.636631454,0.010312234,-0.00184164,-0.00019324,-0.000149297,0.000126404,0.000237439,-9.73E-05,6.66E-05,-0.242269717,-0.172977832,6.732
918,0.66959857,0.357713629,0.534221017,0.611091808,0.558590454,0.008224708,-0.002017253,-0.000175993,-0.000172177,9.06E-05,0.000223385,-0.000306422,-0.000217353,-0.303593145,-0.176507388,3.267
919,0.61458716,0.302446223,0.492112824,0.534298816,0.500753281,0.00441051,-0.001956207,-0.000124829,-0.000165759,3.47E-05,0.000171663,-0.000200136,-0.000120982,-0.340381215,-0.189666601,2.2352
920,0.639836595,0.338911662,0.529684712,0.565607218,0.530244241,0.004447696,-0.001662611,-0.000137773,-0.000165179,5.03E-05,0.000182708,-0.000181711,-8.80E-05,-0.307458972,-0.190773049,4.3098
921,0.67446215,0.353527728,0.524162442,0.597086453,0.542461662,0.006467255,-0.001737097,-0.000154384,-0.000127459,9.54E-05,0.000191781,-0.000317446,-0.000257456,-0.312196092,-0.170634714,2.5542
922,0.68237244,0.36798313,0.539270212,0.60050681,0.550546483,0.005175344,-0.002072987,-0.000125731,-0.000111449,7.25E-05,0.000165182,-0.000207446,-0.000135785,-0.29931703,-0.171287082,2.48358
923,0.657134276,0.34357521,0.522838669,0.587434136,0.540156775,0.005088177,-0.001582256,-0.000115274,-0.000124671,5.13E-05,0.00015118,-0.000219053,-0.000162313,-0.313336758,-0.179263459,3.53738
924,0.683025466,0.330619905,0.484052091,0.535655452,0.48719598,0.005026402,-0.002026924,-0.000123811,-9.71E-05,8.00E-05,0.000183395,-0.000337032,-0.000289808,-0.347661589,-0.153432186,1.81632
925,0.714965802,0.514337116,0.719387018,0.805714545,0.753062459,0.006682071,-0.001587878,-8.05E-05,-9.25E-05,3.21E-05,-9.89E-06,0.000330487,0.000422578,-0.163205247,-0.205049902,9.8604
926,0.704890007,0.887256049,1.258715601,1.309664078,1.333458693,0.008225733,-0.000983725,-7.74E-05,-0.000402168,-0.000181469,-0.000670167,0.002390223,0.002568753,0.114541025,-0.371459552,60.59328
927,0.775848033,0.752713373,0.970181455,1.059060419,1.029060897,0.009316321,0.000331146,5.47E-05,-0.000152739,-0.000167993,-0.000801973,0.003085455,0.00336732,-0.015134923,-0.217468082,43.56
928,0.69557527,0.724899138,1.042157721,1.068096278,1.098737114,0.008130108,-0.000764435,-0.000118805,-0.000515224,-0.000209282,-0.000212573,0.001587741,0.001895756,0.020643715,-0.317258583,52.536
929,0.736384808,0.442238082,0.600552968,0.664445406,0.620184564,0.008946585,-0.001284085,-0.000219035,-0.000185177,0.000132466,0.000423184,-0.000479231,-0.000279814,-0.249568143,-0.158314886,7.9332
930,0.655336333,0.346656903,0.528975559,0.592873446,0.532707677,0.005016377,-0.00167486,-0.000162458,-0.000129286,0.000103712,0.000149296,-0.000189837,-0.000125777,-0.308065383,-0.182318656,4.3428
931,0.718071712,0.428381895,0.596572582,0.652568959,0.6077343,0.006972891,-0.002077479,-0.000187194,-0.000170093,0.000105187,0.000275644,-0.000219308,-6.13E-05,-0.252683419,-0.168190687,6.2568
932,0.736714223,0.454811055,0.617350718,0.651763343,0.625988831,0.004933185,-0.001603029,-9.38E-05,-0.000121711,2.80E-05,0.000199004,-0.000131396,-9.15E-06,-0.23659017,-0.162539664,4.422
933,0.752382452,0.556276936,0.739353948,0.804616959,0.773011762,0.01088406,-0.001926497,-9.58E-05,-0.000199615,-2.25E-05,0.000119624,0.000401569,0.000620678,-0.149852221,-0.183077012,19.668
934,0.807724346,0.80007888,0.99053456,1.121998888,1.070187092,0.009986667,-0.000283379,0.000317267,0.000279279,-0.00018438,-0.001322567,0.003803248,0.003878657,-0.004755225,-0.19045568,41.844
935,0.869272805,0.837350389,0.963276872,1.149645245,1.08429298,0.009384045,-0.00239332,0.000446896,0.000497013,-0.00018948,-0.00092059,0.002022712,0.001885932,-0.018705018,-0.125926483,26.6112
936,0.757791679,0.48803799,0.644026589,0.721624986,0.673824548,0.010247874,-0.001784004,-9.39E-05,-3.96E-05,8.38E-05,0.000218716,4.03E-05,0.00023061,-0.216525337,-0.155988599,6.7584
937,0.740591285,0.493679234,0.666601462,0.751339263,0.703633175,0.007743594,-0.002263976,-2.87E-05,-3.04E-05,1.32E-05,3.95E-05,9.17E-05,0.000151698,-0.200046949,-0.172922229,8.8572
938,0.698658084,0.439907976,0.629647013,0.701069706,0.650870011,0.006483264,-0.001782576,-0.000123575,-0.000125418,6.05E-05,0.000118655,-2.71E-05,6.13E-05,-0.227259636,-0.189739037,8.2368
939,0.724766336,0.532599091,0.734856276,0.870113961,0.80155106,0.008615305,-0.002372775,5.67E-05,6.41E-05,-2.33E-05,-0.000241724,0.000505106,0.00046131,-0.15283325,-0.202257186,11.3916
940,0.777508355,0.621548351,0.799410511,0.962347825,0.884424503,0.00975592,-0.00265257,0.000195129,0.000253148,-5.82E-05,-0.000480831,0.000942015,0.000835889,-0.111475112,-0.17786216,13.7016
941,0.798274572,0.734536697,0.920155449,1.11146867,1.034772939,0.008707629,-0.002210969,0.000348825,0.000378734,-0.00015414,-0.00088866,0.001808671,0.001633034,-0.041582337,-0.185618752,22.6872
942,0.854309342,0.970305513,1.135777716,1.327114188,1.268555003,0.011471115,-0.001719002,0.000716323,0.0006993,-0.000369699,-0.002209258,0.005254571,0.005047658,0.063572962,-0.165472203,48.438
943,0.923693841,1.09090549,1.181024968,1.430978198,1.332733455,0.014352074,-0.003475127,0.00119917,0.001526923,-0.000377441,-0.003447769,0.007343914,0.0067615,0.082999952,-0.090119479,52.992
944,0.832665441,0.784825535,0.942546065,1.103087592,1.042512987,0.017269308,-0.003493478,0.000699182,0.000748053,-0.000316467,-0.001699423,0.004087257,0.003941821,-0.029576614,-0.15772053,25.53
945,0.72088724,0.47312543,0.656309896,0.751089574,0.6982556,0.007096653,-0.002232558,-2.55E-05,-2.90E-05,1.04E-05,5.81E-06,0.000109217,0.000147044,-0.207503502,-0.183184466,8.211
946,0.742176488,0.617396933,0.831873474,0.998017965,0.930750714,0.009664985,-0.002252218,0.000204279,0.000171433,-0.000124402,-0.000562138,0.001133995,0.001019828,-0.09177846,-0.214476541,33.12
947,0.678687384,0.386879294,0.570040497,0.640630913,0.59100781,0.006973862,-0.002416681,-0.000114547,-0.00011885,5.44E-05,0.00013798,-0.000123973,-4.92E-05,-0.273852492,-0.183161203,4.2228
948,0.732354006,0.617613031,0.843325805,1.001487604,0.944647681,0.009687204,-0.00240839,0.000162175,9.32E-05,-0.000127804,-0.000450003,0.000991831,0.000925906,-0.08499539,-0.225712774,15.3042
949,0.782030158,0.604977169,0.773598259,0.879528433,0.821571921,0.009486126,-0.001578099,6.12E-05,0.00012835,1.49E-05,-0.000295142,0.000945612,0.000991799,-0.127651085,-0.16862109,19.6416
950,0.927948655,1.425964097,1.536684266,1.982317361,1.873327424,0.011977499,-0.002996304,0.001304009,0.001346731,-0.000623048,-0.003929857,0.007932335,0.007135621,0.211569202,-0.110720168,86.97744
951,1.003454943,1.869560988,1.863124002,2.492668671,2.333337612,0.014743191,-0.004763098,0.00170844,0.001863688,-0.000748997,-0.005711223,0.011437031,0.010251613,0.301462319,0.006436987,114.56544
952,0.786103857,0.638948923,0.812804717,0.908246504,0.861863643,0.010301186,-0.001476088,6.94E-05,5.88E-05,-4.19E-05,-0.000338715,0.00143895,0.001599148,-0.103262795,-0.173855794,18.81
953,0.782181796,0.648647448,0.829279652,0.935340444,0.890827299,0.011222683,-0.002029567,0.000143299,9.14E-05,-0.000106813,-0.000429774,0.001473089,0.001569474,-0.093326544,-0.180632204,22.836
954,0.773685497,0.592377371,0.765656552,0.875610078,0.809371459,0.009138507,-0.001725791,1.24E-05,0.000115752,6.38E-05,-0.000279182,0.000951401,0.001012341,-0.132723121,-0.173279182,16.2624
955,0.825303818,0.609892813,0.738991871,0.822702252,0.76453892,0.012805544,-0.000620493,-6.40E-05,0.000349137,0.000311968,-8.27E-05,0.001451123,0.001823469,-0.150091633,-0.129099058,11.4708
956,0.819660865,0.809215207,0.987256122,1.111152562,1.056735934,0.007292063,0.000300669,0.000287243,0.000311779,-0.000126991,-0.001356018,0.003957137,0.004051937,-0.006412801,-0.178040915,50.688
957,0.788740103,1.007613212,1.277497123,1.484533354,1.441472411,0.02079929,-0.00017045,0.001255754,0.000729622,-0.000984478,-0.005427669,0.01280226,0.012261472,0.121843018,-0.269883911,71.12688
958,0.751515756,0.55096698,0.733140957,0.823603947,0.769859703,0.010263263,-0.000788572,-0.000110477,-6.69E-05,8.48E-05,-0.00012373,0.001062295,0.001283437,-0.153974229,-0.182173977,14.1636
959,0.769826395,0.541357491,0.703220226,0.798767055,0.737394228,0.009672776,-0.001165923,-5.95E-05,0.000101017,0.000138537,-9.45E-05,0.000712058,0.000850843,-0.174246272,-0.161862734,9.966
960,0.818489658,0.672232797,0.821308846,0.939884462,0.875353336,0.01236865,-0.001154413,0.000292923,0.000539571,2.07E-05,-0.00092249,0.002713294,0.002784234,-0.098111396,-0.149076049,22.8756
961,0.856378444,0.637145728,0.744000194,0.811672777,0.752059459,0.008274236,-1.52E-05,-0.000295562,0.000319272,0.000564502,0.000216563,0.001324352,0.001902039,-0.146788863,-0.106854466,8.052
962,0.81540082,0.868300784,1.064876025,1.231244681,1.171302356,0.012228739,-0.000613782,0.00063374,0.00059429,-0.000343609,-0.002348628,0.005764809,0.005599013,0.031418848,-0.196575241,51.612
963,0.803269188,0.60640164,0.754917093,0.839134821,0.787407839,0.012362146,-0.000238429,-3.49E-05,0.000176638,0.000160771,-0.000165288,0.001786889,0.002193762,-0.139654977,-0.148515453,14.685
964,0.774051012,0.537177487,0.693982022,0.779511404,0.723674831,0.011828219,-0.001300496,-0.000123117,5.84E-05,0.000184604,5.53E-05,0.000734376,0.001001976,-0.180650074,-0.156804535,12.936
965,0.828308271,0.619140872,0.747476384,0.831536644,0.770005468,0.010839313,-0.000314144,-0.000112636,0.000353105,0.000371988,-0.000124562,0.001655109,0.002055215,-0.144507598,-0.128335512,10.692
966,0.795544861,1.668707955,2.097566129,2.938232724,2.736712194,0.015620235,-0.003238803,0.001252147,0.001127769,-0.000710375,-0.005452195,0.010860472,0.00971129,0.354331783,-0.428858174,44.088
967,0.828063629,0.616555973,0.744575599,0.821912724,0.760180963,0.008316931,-0.000277481,-0.000198518,0.00021336,0.000378421,1.35E-05,0.001157829,0.001519698,-0.146410623,-0.128019626,22.1628
968,0.764381723,0.85323924,1.116247569,1.303405298,1.253702746,0.009411074,-0.001063633,0.000373348,0.000201069,-0.00030344,-0.001498181,0.003614261,0.003489383,0.054930988,-0.263008329,55.32384
969,0.735013585,0.469800653,0.639172748,0.723014104,0.66207767,0.009264148,-0.001598181,-0.000213364,-7.68E-05,0.000199226,0.000155909,8.40E-05,0.000236436,-0.220127654,-0.169372095,7.4184
970,0.776066538,0.511762232,0.659430869,0.747249196,0.685713165,0.009746799,-0.001497916,-0.000113704,0.000113704,0.000210984,9.50E-05,0.000324064,0.000499641,-0.205232491,-0.147668637,6.6396
971,0.730225745,0.479444713,0.656570542,0.731810492,0.682047231,0.007933415,-0.001367913,-0.000155394,-0.000136053,9.08E-05,0.000161369,0.000128697,0.000299115,-0.207313513,-0.177125829,7.9728
972,0.767602524,0.542219746,0.706380879,0.797913516,0.737335861,0.01078977,-0.001363561,-0.000112075,5.81E-05,0.000171393,-6.09E-05,0.000780566,0.000967521,-0.172071268,-0.164161133,10.8504
973,0.82966767,0.571521218,0.688855598,0.756966644,0.703903804,0.0089485,-0.000534296,-0.000192497,0.000187858,0.000354045,0.000386801,0.000587331,0.001080318,-0.18423387,-0.117334379,5.517336
974,0.81268761,0.781894916,0.96211005,1.137988359,1.074907166,0.010133932,-0.001824885,0.000453159,0.000446915,-0.000230812,-0.001172,0.002682591,0.002541028,-0.019310818,-0.180215133,39.7617
975,0.784398167,0.530337329,0.676107304,0.760819771,0.702296407,0.01162401,-0.001276165,-0.000137511,0.000140545,0.000257215,0.000128383,0.000565645,0.000841608,-0.193241027,-0.145769974,8.249736
976,0.715816514,0.447413016,0.62503869,0.708874941,0.650144579,0.008826711,-0.002043149,-0.000171149,-0.000106497,0.000129394,0.000134038,-3.95E-07,0.000108644,-0.230739928,-0.177625674,5.068536
977,0.746134969,0.651835758,0.873616417,1.025456727,0.953357257,0.012572381,-0.00188079,0.000197383,0.00020069,-9.64E-05,-0.001014472,0.002406474,0.002309529,-0.067454353,-0.221780658,12.16908
978,0.75452169,0.616023709,0.816442677,0.949942201,0.883292393,0.010871458,-0.00238948,0.000112808,0.000136536,-4.03E-05,-0.000537848,0.001395299,0.001380096,-0.101053188,-0.200418969,52.9617
979,0.844971753,0.568246613,0.672503679,0.744180692,0.684030841,0.010355603,-0.000658755,-0.000237531,0.000406891,0.000555541,0.000453255,0.000543452,0.001077263,-0.195812018,-0.104257066,3.4056
980,0.760892258,0.449936578,0.59132758,0.660787081,0.603345705,0.009295624,-0.001539882,-0.000283968,-4.54E-05,0.000303675,0.000436804,-0.000273233,-3.01E-07,-0.256812252,-0.141391002,2.8413
981,0.856792521,0.602208418,0.702863766,0.780753196,0.717339619,0.010947289,-0.000242532,-0.000170283,0.000625861,0.00062475,0.000227183,0.001033745,0.001532017,-0.174492076,-0.100655348,3.9138
982,0.888489915,0.666017349,0.749605975,0.811501148,0.762424934,0.00906695,-0.000121252,-7.46E-05,0.000372917,0.000340583,0.000269898,0.001315972,0.001934554,-0.143114523,-0.083588626,7.689
983,0.78479078,0.519672338,0.662179464,0.743144848,0.681062512,0.010556685,-0.001110926,-0.000199199,9.42E-05,0.000298481,0.000186918,0.000358312,0.000619116,-0.203239508,-0.142507126,7.458
984,0.725174123,0.400118821,0.551755514,0.621207236,0.564018634,0.011025759,-0.002271579,-0.00033005,-0.000144206,0.000290986,0.000468425,-0.000555464,-0.000342304,-0.288862828,-0.151636693,1.8777
985,0.777776841,0.475417256,0.611251494,0.680557745,0.624015204,0.010208003,-0.001274223,-0.000320097,2.29E-06,0.000378554,0.000531999,-0.000271212,7.99E-05,-0.241271153,-0.135834238,2.7126
986,0.771494511,0.480245736,0.62248756,0.696051417,0.637798629,0.010795447,-0.001134317,-0.000290709,3.32E-06,0.000344643,0.00041569,-0.000115028,0.000188651,-0.23267509,-0.142241825,3.5112
987,0.83066005,0.599607991,0.721845226,0.790834951,0.741639241,0.011750926,0.000135009,-0.000161175,0.000216264,0.000336408,0.000323176,0.001219682,0.001852475,-0.161544586,-0.122237235,7.6935
988,0.863744242,0.649961534,0.752493044,0.826343258,0.775701908,0.010155173,0.000180736,2.86E-05,0.000441141,0.000265299,4.90E-05,0.001756454,0.002328598,-0.141231349,-0.10253151,8.487
989,0.770711319,0.518819065,0.673169127,0.74580172,0.69855101,0.011333089,-0.000747657,-0.000176098,-7.75E-05,0.000154845,0.000303481,0.000346502,0.000698656,-0.195336424,-0.154350061,6.56535
990,0.75722871,0.456671654,0.603082858,0.682150138,0.620403963,0.009353724,-0.001437074,-0.000238633,1.37E-05,0.000290317,0.000307192,-0.000183211,1.14E-05,-0.247596149,-0.146411203,2.6496
991,0.829128354,0.559083932,0.674303236,0.745058609,0.684388348,0.009609298,-0.000499657,-0.000312833,0.000269196,0.000550903,0.000441153,0.000494451,0.001003558,-0.194526748,-0.115219304,2.898
992,0.707832733,0.411175543,0.580893655,0.651079772,0.595990249,0.008128372,-0.002186348,-0.000250862,-0.000176732,0.000175674,0.000296057,-0.000289589,-0.000136236,-0.265107235,-0.169718112,2.7738
993,0.754535848,0.541783887,0.718035979,0.818179645,0.752393891,0.008448443,-0.000105799,-0.000106514,5.12E-05,0.000160136,-0.000180206,0.000921204,0.001053597,-0.164119974,-0.176252093,13.8345
994,0.728449016,0.438260591,0.60163523,0.669945215,0.613383954,0.008485136,-0.001463978,-0.000235344,-0.00013271,0.000187235,0.000272166,-0.000249937,-0.000104026,-0.248723781,-0.163374639,2.1888
995,0.80253628,0.532885124,0.664001288,0.735481222,0.679728234,0.010649152,-0.000882525,-0.000221855,9.08E-05,0.000322822,0.000352977,0.000273368,0.000643669,-0.201922147,-0.131116164,5.2
996,0.704011213,0.399938902,0.568085983,0.626397697,0.576004986,0.008859063,-0.002047191,-0.000332725,-0.000267292,0.000210712,0.000434448,-0.000456213,-0.000240647,-0.275440264,-0.168147081,3.9456
997,0.77236891,0.480538781,0.622162253,0.69252321,0.636423789,0.012085654,-0.00122546,-0.000338636,-3.13E-05,0.000377638,0.000518607,-0.000160693,0.000212963,-0.23292229,-0.141623472,4.2752
998,0.692601269,0.377980037,0.545739741,0.620755856,0.564286132,0.010907415,-0.002552221,-0.000261042,-0.000182093,0.000184031,0.000321769,-0.000448336,-0.000322149,-0.293878877,-0.167759704,1.5648
999,0.778116212,0.496281902,0.637799205,0.714552818,0.654977798,0.011290266,-0.001002767,-0.00029158,6.24E-05,0.00038571,0.000383995,7.55E-05,0.000411052,-0.221150916,-0.141517304,5.2608
1000,0.71946872,0.397485799,0.552471272,0.626929183,0.571583071,0.007216581,-0.001242941,-0.000149809,-7.21E-05,0.000127588,0.000234834,-0.000286303,-0.000181814,-0.288268605,-0.154985473,3.5744
1001,0.827815528,0.58539608,0.707157646,0.778014826,0.724827168,0.010405411,-8.90E-05,-0.000178666,0.000210913,0.000353381,0.00029878,0.000922631,0.001445541,-0.171537968,-0.121761566,7.552
1002,0.964818948,0.744535674,0.771684341,0.828389121,0.769131924,0.008223715,0.00073582,-0.000217683,0.001070753,0.000982115,0.000431692,0.00244649,0.003539418,-0.128869265,-0.027148667,4.10145667
1003,0.954801577,0.867506585,0.908572635,0.976521548,0.914916061,0.007924007,0.00149789,-3.01E-05,0.000930155,0.000665869,-0.00085004,0.004986248,0.005804965,-0.047903529,-0.04106605,18.6463875
1004,0.988429754,0.787887538,0.7971103,0.843895823,0.789935562,0.007233687,0.000808301,-0.000240728,0.000960714,0.000934675,0.000509308,0.002826128,0.004097307,-0.112897745,-0.009222762,2.81662333
1005,0.758006624,0.45863348,0.605052075,0.680129812,0.619553568,0.011491697,-0.000866511,-0.000369583,-3.01E-05,0.000414901,0.000477326,-0.000294323,5.22E-06,-0.24606549,-0.146418594,2.88812333
1006,0.750534675,0.691688348,0.921594126,0.934667461,0.948391828,0.005682165,-0.000142118,-0.000134261,-0.000394187,-0.000109041,7.79E-05,0.000991716,0.001355665,-0.040802515,-0.229905778,35.41296
1007,0.786425479,0.607965543,0.773074575,0.830822516,0.794358996,0.005038612,-0.001297604,-4.76E-05,-5.21E-05,2.08E-05,3.90E-05,0.000216365,0.000313671,-0.12798414,-0.165109032,16.71252
1008,0.878865568,0.575859841,0.655230859,0.716685237,0.662605243,0.004687624,0.0002635,-0.000111724,0.000266684,0.000312338,0.000418536,1.71E-05,0.00036309,-0.208290668,-0.079371018,6.2667
1009,1.003020941,0.89923331,0.896524962,0.932423577,0.888081131,0.005995357,0.00094031,-0.00016287,0.000624096,0.000614823,4.30E-08,0.003850495,0.005017346,-0.054560336,0.002708349,15.312
1010,0.716344069,0.659541662,0.920705134,0.946285743,0.946455675,0.005563489,-0.000295218,-0.000169099,-0.000386994,-6.31E-05,1.14E-05,0.00094675,0.001242929,-0.041284248,-0.261163472,37.56984
1011,0.81892298,0.884072207,1.079554768,1.240034648,1.189703476,0.007479469,-0.000766173,0.00035427,0.000293486,-0.000218333,-0.001245418,0.003172849,0.003120058,0.038255673,-0.195482561,51.9156
1012,0.732490052,0.565667085,0.772252241,0.887200777,0.824048544,0.005336495,-0.001124822,-5.62E-06,-6.79E-07,6.16E-06,-0.000143277,0.000450397,0.000470197,-0.12850753,-0.206585157,15.576
1013,0.732754655,0.49781883,0.679379963,0.77565113,0.714049879,0.010750969,-0.001828463,-0.000122269,-3.63E-05,0.000119425,-4.26E-05,0.000462023,0.000567344,-0.190915722,-0.181561132,14.52
1014,0.768497441,0.718711217,0.935216148,1.108828752,1.033045638,0.014980461,-0.0017518,0.000456761,0.000477096,-0.000214598,-0.001731936,0.003833531,0.003584729,-0.033476287,-0.216504932,32.50368
1015,0.805542638,0.606898091,0.753402815,0.860763288,0.792765829,0.015666003,-0.001130441,0.000110214,0.000552845,0.000244898,-0.000635231,0.002272867,0.002444287,-0.140639209,-0.146504724,12.21
1016,0.931524013,0.803314227,0.86236556,0.922986813,0.875873737,0.011206058,0.001726983,6.15E-05,0.000897936,0.000536136,-0.000445311,0.005363043,0.006625549,-0.07390302,-0.059051333,22.27104
1017,0.878083702,0.785039887,0.894037647,0.975854985,0.92753331,0.010706379,0.001790251,0.00022628,0.000593029,0.000135435,-0.001035635,0.004965715,0.005627062,-0.05594522,-0.10899776,31.35
1018,0.752467595,0.598406012,0.795258182,0.928844071,0.861398326,0.01451589,-0.001418733,0.000192208,0.000245072,-6.03E-05,-0.000836674,0.002036764,0.001972583,-0.11404589,-0.19685217,20.08908
1019,0.70681614,0.571070717,0.807948043,0.893241017,0.875736958,0.007355788,-0.000944709,1.55E-05,-0.000191373,-0.000148002,-0.00011987,0.000741625,0.000868739,-0.106226481,-0.236877326,23.099868
1020,0.729080766,0.469625618,0.644133874,0.753171011,0.689696721,0.005428815,-0.001420582,4.57E-09,3.00E-05,2.03E-05,-3.97E-05,0.000113648,0.000115764,-0.216445955,-0.174508256,7.325868
1021,0.724012385,0.480682487,0.66391473,0.75875608,0.704644916,0.00823592,-0.001866752,-4.64E-05,-4.26E-05,2.58E-05,3.24E-07,0.000169334,0.000220912,-0.201984672,-0.183232243,10.315668
1022,0.725711094,0.541660724,0.746386169,0.858336045,0.797258478,0.007414797,-0.00142338,-1.31E-05,-1.33E-05,6.39E-06,-0.000164031,0.000502097,0.000520661,-0.145222079,-0.204725446,16.103868
1023,0.68397557,0.470879985,0.68844562,0.770873636,0.727636083,0.00828691,-0.001742263,-0.00011312,-0.000199322,-1.87E-06,4.24E-05,0.000236249,0.000342366,-0.184521418,-0.217565635,16.169868
1024,0.750863801,0.916558927,1.220672678,1.563747729,1.458086959,0.010590977,-0.001401049,0.000570288,0.00048395,-0.000343662,-0.00195024,0.00382157,0.003391357,0.099371997,-0.304113751,39.9765168
1025,0.843993002,0.639288872,0.757457551,0.837254879,0.785085377,0.009424219,0.000370196,2.99E-05,0.000329719,0.000188282,-7.64E-05,0.001539597,0.00194389,-0.138007572,-0.118168679,15.971868
1026,0.750590267,0.636990008,0.848652103,1.011022372,0.933113671,0.00973678,-0.0017447,0.000172818,0.000202737,-6.61E-05,-0.000675068,0.001458402,0.00135057,-0.081869324,-0.211662095,21.515868
1027,0.80757418,1.054624879,1.305917035,1.675987312,1.581051272,0.009264269,-0.002090356,0.000545999,0.000490345,-0.000310721,-0.001634469,0.00323465,0.002883746,0.132666106,-0.251292156,38.02128
1028,0.796830486,0.839493488,1.053540876,1.295167407,1.218271363,0.008375764,-0.001902008,0.000368261,0.000341376,-0.000202353,-0.00099632,0.002022902,0.001824506,0.026072466,-0.214047387,30.558
1029,0.703221467,0.480240738,0.682915355,0.762590529,0.718481273,0.006891475,-0.001423247,-8.78E-05,-0.000136187,1.11E-05,5.47E-05,0.000152748,0.000243588,-0.1884139,-0.202674617,12.3882
1030,0.722983253,0.579132243,0.801031339,0.940813491,0.897857521,0.008888091,-0.001857763,0.000151936,4.10E-05,-0.000151149,-0.000335786,0.000772507,0.000733138,-0.110474847,-0.221899096,17.16
1031,0.694384253,0.511358171,0.736419597,0.848704028,0.792980199,0.010351681,-0.001942444,-3.57E-05,-0.000108432,-3.15E-05,-0.000207978,0.000679288,0.000715756,-0.15179534,-0.225061425,15.048
1032,0.853059036,0.745104005,0.873449519,0.978069992,0.920893339,0.009024751,0.000138356,0.00024411,0.000464055,2.70E-05,-0.000823825,0.00287675,0.003077575,-0.067549448,-0.128345514,35.11728
1033,0.721295853,0.700496673,0.971164149,1.175607731,1.102844056,0.009506668,-0.001870478,0.000219999,0.000137665,-0.000165804,-0.000833798,0.001724317,0.001567797,-0.014628843,-0.270667476,27.06
1034,0.822913125,0.983218272,1.19480203,1.584336286,1.452760739,0.00902658,-0.002095503,0.000625203,0.000660363,-0.000288771,-0.001682733,0.003090195,0.002656211,0.088756083,-0.211583758,31.44504
1035,0.817855071,1.056144864,1.291359436,1.626800467,1.526800406,0.01014934,-0.002036055,0.000652065,0.000627836,-0.000342455,-0.002108116,0.004248842,0.003819533,0.12715571,-0.235214572,54.72456
1036,0.709825128,0.573684395,0.808205251,0.934406114,0.873833648,0.008299887,-0.001454651,1.01E-05,-3.73E-05,-3.72E-05,-0.000313208,0.00083762,0.000836369,-0.106069125,-0.234520855,15.906
1037,0.783125137,0.60521462,0.77281981,0.928355836,0.855253858,0.008946441,-0.00212,0.000228727,0.000291118,-7.21E-05,-0.000474232,0.000930726,0.000826552,-0.128146238,-0.16760519,16.236
1038,0.720845259,0.59205063,0.821328327,0.988896144,0.920847068,0.011030726,-0.00194521,0.000224421,0.000157857,-0.000157326,-0.000693813,0.001425305,0.001292178,-0.098099651,-0.229277696,22.044
1039,0.898546392,1.694126446,1.885407879,2.514540506,2.354223545,0.013244616,-0.003377046,0.001272327,0.001296764,-0.000619601,-0.004850848,0.009754396,0.008759773,0.306857095,-0.191281433,110.88
1040,0.902658593,1.123289212,1.244423108,1.481005827,1.397881575,0.012921832,-0.002177883,0.001064919,0.001239716,-0.000413987,-0.003470206,0.007775101,0.007305077,0.10890242,-0.121133896,120.78
1041,0.817590428,1.259112366,1.540028262,2.068644905,1.928874501,0.014253584,-0.003227949,0.001055748,0.000998193,-0.000566883,-0.003505253,0.006776309,0.00597508,0.212607186,-0.280915896,111.87
1042,0.813128728,1.525304524,1.875846311,2.66106262,2.48131893,0.014092253,-0.002410509,0.001480116,0.001350616,-0.00082783,-0.005328463,0.010261458,0.009031523,0.304552544,-0.350541787,113.487
1043,0.688763808,0.524026522,0.760821803,0.871987098,0.815756816,0.008589177,-0.002310794,-3.76E-05,-8.34E-05,-1.23E-05,-0.00013113,0.000459054,0.000491369,-0.135833278,-0.236795281,12.969
1044,0.760194948,0.639036468,0.84062183,0.986679157,0.919741173,0.008465097,-0.001405646,0.00014531,0.000151237,-6.86E-05,-0.000507122,0.001106922,0.001029356,-0.086589308,-0.201585362,22.54692
1045,0.792424596,0.631888187,0.797411123,0.94138264,0.869451199,0.009215472,-0.001570783,0.000238622,0.000341651,-4.95E-05,-0.000600641,0.001338285,0.001254668,-0.112711485,-0.165522936,18.88524
1046,0.834599704,1.293894534,1.550317509,1.975950128,1.863422109,0.015259746,-0.002635139,0.001257803,0.001192818,-0.000672947,-0.004687335,0.009553345,0.008630961,0.21578392,-0.256422975,92.5452
1047,0.808077915,1.08926912,1.347975361,1.717281789,1.612923934,0.012302832,-0.002082145,0.000901326,0.000838072,-0.000493536,-0.002996831,0.006073606,0.005473491,0.148202305,-0.258706241,73.33392
1048,0.683165824,0.402451318,0.589097557,0.686064104,0.619859359,0.007541235,-0.002153208,-0.00011523,-7.19E-05,8.70E-05,4.78E-05,-2.48E-05,6.65E-06,-0.258575971,-0.186646239,5.5572
1049,0.732264592,0.470269209,0.642212138,0.734389531,0.675171286,0.008357858,-0.00180325,-9.80E-05,-2.36E-05,9.94E-05,5.43E-05,0.000157739,0.000249755,-0.217869454,-0.171942928,8.877
1050,0.893114467,0.863577339,0.966927948,1.09947093,1.027510331,0.012296218,-0.000517069,0.000676041,0.001215766,2.78E-05,-0.002287101,0.006213444,0.006233704,-0.016814064,-0.103350609,39.42576
1051,0.817654199,0.722180464,0.883234581,1.028610573,0.957157184,0.012415325,-0.001053685,0.00047575,0.000682305,-9.79E-05,-0.001459292,0.003608592,0.003513666,-0.062002589,-0.161054117,28.03944
1052,0.842481841,0.820130234,0.97346933,1.133289292,1.053745228,0.013537053,-0.000433143,0.000715827,0.001079658,-0.000111318,-0.002574876,0.006228236,0.006018617,-0.01344367,-0.153339096,41.23152
1053,0.850003752,0.994190759,1.169631024,1.398983593,1.308716625,0.009175821,-0.000662311,0.000700445,0.000822219,-0.000267687,-0.002500751,0.005519124,0.005154989,0.078184273,-0.175440265,66.56232
1054,0.89656477,1.007725457,1.123985116,1.293669712,1.221930038,0.01252901,-0.00020866,0.000992374,0.001303118,-0.000285571,-0.003474277,0.008677368,0.008477443,0.058373816,-0.116259659,45.59544
1055,0.881893435,0.890044013,1.009242135,1.158165242,1.086863411,0.015194019,-0.00056821,0.000954801,0.001410857,-0.000168295,-0.003118465,0.008055953,0.007957492,0.004599811,-0.119198122,46.8996
1056,0.692796249,0.400869683,0.578625655,0.647103969,0.600960404,0.005977643,-0.001900602,-0.000123148,-0.000133123,5.48E-05,0.00017742,-0.000220506,-0.000142836,-0.266924805,-0.177755972,3.965
1057,0.829850569,0.727798928,0.877024075,1.009991027,0.940595423,0.014963462,-0.000953688,0.000517483,0.000848388,-3.45E-05,-0.001681372,0.004487768,0.004478399,-0.065516434,-0.149225147,33.49125
1058,0.88277838,0.951299561,1.077619913,1.24668207,1.167382218,0.015502025,-0.001035023,0.000993098,0.001431413,-0.000199468,-0.003610696,0.008920116,0.008682652,0.037360016,-0.126320352,61.9125
1059,0.89666924,1.116301903,1.244942788,1.463265309,1.379134015,0.011536545,-0.000760109,0.000984199,0.00120484,-0.000342554,-0.003626915,0.008439168,0.008042754,0.1091087,-0.128640885,87.83125
1060,0.720371852,0.635426728,0.882081561,1.030372941,0.9703927,0.011559857,-0.000755152,0.000183233,4.27E-05,-0.00018685,-0.000981496,0.002391701,0.002317135,-0.062653204,-0.246654833,29.315
1061,0.725900992,0.581247395,0.800725446,0.956025685,0.888071962,0.011751232,-0.001550483,0.00021611,0.000169486,-0.000139655,-0.000719695,0.001509912,0.001381346,-0.110663485,-0.219478051,17.74474
1062,0.760878066,0.738716481,0.97087367,1.164877894,1.093772242,0.016495459,-0.001578195,0.000639905,0.000539372,-0.000388092,-0.002077315,0.004468654,0.004131039,-0.014778385,-0.232157189,33.53974
1063,0.79452947,1.264486509,1.591491011,2.155432575,2.037411423,0.018838466,-0.003204434,0.001582569,0.001349543,-0.000949225,-0.005193416,0.010028334,0.008837737,0.228243513,-0.327004502,89.1618
1064,0.579333466,1.076747325,1.858596799,3.498396249,3.309514926,0.016675207,-0.002548152,0.001184211,0.00070037,-0.000920042,-0.003554061,0.005992044,0.004913409,0.300356034,-0.781849474,35.147775
1065,0.664873381,0.368947177,0.554913443,0.638655405,0.578931295,0.017510115,-0.005069654,-0.000351242,-0.000305003,0.000206961,0.00029651,-0.000377884,-0.000250918,-0.286245231,-0.185966266,3.63
1066,1.084517553,0.953763174,0.879435443,0.89389144,0.851676257,0.018071898,0.002389728,-0.001723112,0.003505769,0.004405575,0.003107029,0.016171816,0.023602712,-0.064149348,0.074327731,5.12
1067,0.824210017,0.626965242,0.760686268,0.834499567,0.803684587,0.022390461,0.003333137,0.000525302,0.000369539,-0.000368224,2.36E-05,0.004784287,0.006253301,-0.135920713,-0.133721026,16.14
1068,1.119101004,1.074390361,0.960047714,0.961568134,0.92898017,0.013022186,0.00193916,-0.001413425,0.003333563,0.003924115,0.001522819,0.015769453,0.02178825,-0.020383323,0.114342646,4.81
1069,0.833089631,0.664761536,0.797947196,0.877510676,0.839961524,0.033507162,0.005569226,0.000746198,0.000874881,-0.00028588,-0.000945111,0.009080562,0.011062554,-0.112379721,-0.133185661,21.67
1070,0.694255114,0.39268782,0.56562467,0.641505834,0.58145668,0.030516974,-0.006126333,-0.000893967,-0.000582547,0.000658057,0.000893677,-0.001007551,-0.000585064,-0.277445379,-0.17293685,3.44
1071,0.90441445,0.61268007,0.677432863,0.734398694,0.683304625,0.029575106,0.002351726,-0.000575509,0.001961242,0.002007107,0.002822572,0.002250182,0.005230741,-0.192298091,-0.064752793,2.99
1072,0.613171889,0.61247749,0.998867529,1.063134837,1.084766933,0.017975893,0.001400512,-0.000390317,-0.001685591,-0.00068275,-0.000837085,0.004469134,0.0051417,-0.000566556,-0.386390039,43.02
1073,0.588229155,0.62078909,1.055352468,1.048960199,1.141932348,0.012734332,-9.92E-05,-0.000319974,-0.001457769,-0.000611185,-0.000112389,0.002508502,0.003177126,0.026930888,-0.434563377,42.01
1074,0.865906778,0.674159291,0.778558741,0.852670821,0.806800921,0.020184198,0.00340299,0.000276203,0.001022779,0.000367911,-0.000196751,0.005596773,0.007132532,-0.124506014,-0.10439945,19.99
1075,0.705383002,0.579423658,0.821431274,0.883727571,0.874725254,0.016489108,0.001569768,-0.000212512,-0.001080928,-0.000482337,-7.60E-05,0.002892419,0.003706982,-0.098037586,-0.242007616,33.76
1076,0.925514759,0.816417816,0.882122956,0.947216858,0.906950992,0.022565128,0.005145746,0.000720622,0.001921602,0.000453687,-0.001614621,0.013983416,0.016905877,-0.062629832,-0.065705141,28.91
1077,0.6324866,0.559010037,0.883829061,0.937539043,0.954994981,0.014923695,0.000260942,-0.000285913,-0.001288786,-0.000536768,-0.000164531,0.00241834,0.003017178,-0.061667453,-0.324819023,36.06
1078,0.649260444,0.414642751,0.638638553,0.666607254,0.642832013,0.011685303,-0.00315336,-0.000412438,-0.000600962,7.84E-05,0.000501978,-0.000166232,0.000192202,-0.220525415,-0.223995802,10.24
1079,0.682147217,0.427497934,0.626694537,0.686101558,0.646776072,0.00972866,-0.001586209,-0.000290131,-0.000384962,8.08E-05,0.000345204,-7.42E-05,0.000184442,-0.229487132,-0.199196602,8.31
1080,0.710668467,0.565945182,0.79635612,0.886944056,0.840138149,0.025069845,0.000347297,-0.00041724,-0.000762443,-2.54E-05,-0.000639225,0.003699725,0.004300272,-0.113364983,-0.230410937,28.35
1081,0.642462662,0.347283303,0.540550174,0.580371106,0.522711285,0.013316796,-0.004970453,-0.000649872,-0.000548495,0.000393646,0.00058871,-0.000582546,-0.000279633,-0.298237496,-0.193266871,3.04
1082,0.77289261,0.538617162,0.696884865,0.761945304,0.733984408,0.023039814,-0.000693884,-3.78E-05,-0.000370793,-0.000206739,0.000721443,0.001256852,0.002225255,-0.178630348,-0.158267703,11.18
1083,0.878935392,0.786689813,0.89504851,0.968273601,0.928165602,0.026396904,0.004977081,0.000543064,0.001123438,0.000121832,-0.00208989,0.012983229,0.015215547,-0.055381954,-0.108358697,32.08
1084,0.760333197,0.578974321,0.761474474,0.839339494,0.803464291,0.024429661,0.002431453,-0.000116835,-0.0005189,-0.000214093,-0.000146307,0.003911573,0.004977747,-0.135412423,-0.182500153,25.88
1085,0.704899926,0.458798455,0.65087034,0.722386511,0.63914042,0.012839602,-0.001508849,-0.000903592,-0.000421835,0.000778321,0.000354548,0.000212792,0.000566016,-0.211482181,-0.192071885,8.61
1086,0.754612317,0.530991218,0.703660948,0.781070878,0.738375118,0.032687605,0.000488112,-0.000346072,-0.000459918,9.59E-05,0.000421266,0.00250471,0.003606789,-0.173942504,-0.17266973,14.92
1087,0.824727263,0.820290638,0.994620494,1.159340569,1.095636767,0.026707071,-0.004405458,0.001055662,0.001121171,-0.00048343,-0.003200568,0.008142989,0.008004039,-0.002697007,-0.174329856,35.15
1088,0.663975425,0.390192911,0.587661676,0.594493093,0.590837743,0.013364202,-0.004693549,-0.000331657,-0.000573802,1.71E-06,0.000655403,-0.000411501,-2.44E-06,-0.259714226,-0.197468765,6.7
1089,0.826543279,1.444609496,1.747772358,2.230045269,2.155302517,0.030070793,-0.005605994,0.002282136,0.001850508,-0.001433616,-0.008757387,0.019273958,0.017982589,0.272137667,-0.303162862,88.92
1090,0.881470344,0.944627951,1.071650291,1.271089218,1.198341774,0.027797544,-0.006726727,0.001534684,0.001777949,-0.000602463,-0.004055349,0.009325917,0.0088493,0.034586094,-0.12702234,26.39
1091,0.818723317,0.749783794,0.915796311,1.017818845,0.97181759,0.02595619,0.002600054,0.000618677,0.000632446,-0.000300006,-0.002746121,0.01033392,0.011228987,-0.043952318,-0.166012518,36.51
1092,0.799925537,0.706817991,0.883604734,1.02155429,0.963071082,0.026035267,-0.004303169,0.000673127,0.000708744,-0.000312423,-0.00191131,0.005439302,0.005531016,-0.061793891,-0.176786743,28.86
1093,0.718951309,0.455473689,0.633525084,0.719401625,0.671427867,0.018688578,-0.004373149,-0.000114645,-0.000149814,3.35E-05,0.000175867,0.000145134,0.000332339,-0.22434606,-0.178051395,8.03
1094,0.730443675,0.489624203,0.670310689,0.776325728,0.713040888,0.027344236,-0.00416947,-9.58E-05,7.84E-05,0.000166043,-0.000275998,0.00119357,0.001330486,-0.197382028,-0.180686486,7.92
1095,1.029835583,3.872909135,3.76070627,5.516905893,5.883233644,0.040097756,-0.013654082,0.004375252,0.00341401,-0.002839134,-0.018948697,0.039126227,0.035550956,0.579894266,0.112202865,143.23
1096,0.796300817,0.615572082,0.773039621,0.905639027,0.855595489,0.02372099,-0.007031541,0.00053232,0.000502846,-0.000286137,-0.000761561,0.00158693,0.001447607,-0.128006377,-0.15746754,18.4
1097,0.952556674,1.32789339,1.39403085,1.652381004,1.609713959,0.025521967,-0.006067595,0.002441882,0.00235065,-0.001282776,-0.00696317,0.016526792,0.015864148,0.164588877,-0.06613746,97.5
1098,0.914620915,0.959920566,1.049528335,1.218718335,1.136513547,0.026913303,-0.005152707,0.00124579,0.001907535,-0.000174378,-0.003849337,0.009973765,0.009861241,0.024165724,-0.089607769,49.79
1099,0.798707012,0.935620725,1.171419195,1.288240292,1.296892408,0.025403922,0.0037469,0.00152773,2.75E-05,-0.00178072,-0.005350586,0.016957549,0.017738715,0.078943391,-0.23579847,71.27
1100,0.840262034,0.600115691,0.71420065,0.794534869,0.738337948,0.030589315,-0.003044856,-3.79E-05,0.000998752,0.00072157,0.000211486,0.003149847,0.004276579,-0.166724561,-0.114084959,13.98
1101,0.733349854,0.462893943,0.631204794,0.716293767,0.665393569,0.020622836,-0.00602697,-0.000113081,-7.77E-05,8.05E-05,0.000185172,9.00E-06,0.000162525,-0.226087618,-0.16831085,7.64
1102,0.77557754,0.47984459,0.618693252,0.688627955,0.633192411,0.028127376,-0.00432087,-0.000612926,-2.48E-05,0.000705103,0.001019852,-0.000119073,0.000675406,-0.235564551,-0.138848662,6.82
1103,0.853700719,1.066033611,1.248720526,1.585080513,1.484601535,0.038068054,-0.011237669,0.002327578,0.002382203,-0.001126765,-0.00650553,0.013063796,0.011724457,0.110605352,-0.182686916,52.36
1104,0.856750525,1.061920684,1.239474798,1.611210602,1.485101617,0.035402118,-0.010305921,0.002350124,0.00257771,-0.001020809,-0.006525068,0.012766347,0.011320961,0.106933464,-0.177554114,42.9
1105,0.972532161,2.509102677,2.579968847,3.601825324,3.545193598,0.032116359,-0.010181993,0.003373445,0.003001451,-0.001938851,-0.01295836,0.027630865,0.025450645,0.441335921,-0.07086617,74.3
1106,0.963679884,1.511995213,1.568980776,1.942840506,1.877230306,0.02395795,-0.006403252,0.002412592,0.002382654,-0.001226587,-0.007291057,0.016326188,0.015335724,0.221481134,-0.056985564,49.63
1107,0.731318201,0.636106785,0.869808497,0.959095841,0.92948188,0.031777564,-0.006095527,-1.82E-05,-0.000534216,-0.000340591,-0.0008615,0.00409764,0.004637749,-0.069628255,-0.233701712,20.22
1108,0.899844112,1.000240847,1.111571253,1.333439192,1.243772316,0.032357973,-0.008441242,0.001869877,0.002381725,-0.000588019,-0.005293033,0.01175186,0.011002415,0.052838024,-0.111330406,30.36
1109,0.838235326,1.062056131,1.267014283,1.625999435,1.564206886,0.063048145,-0.013165774,0.005216253,0.004429524,-0.003141354,-0.012632727,0.025799953,0.023330103,0.117782356,-0.204958152,52.87
1110,0.772446264,0.430150717,0.556868144,0.572196263,0.552339648,0.014774025,-0.005738328,-0.000306566,-0.000342809,0.000128718,0.000823221,-0.000798936,-0.000370611,-0.284630306,-0.126717427,5.63
1111,0.916505011,1.576483857,1.720103914,2.256338787,2.129876527,0.043640423,-0.011135663,0.004229373,0.004280945,-0.002079732,-0.014293896,0.02984878,0.027253003,0.264733972,-0.143620057,100.53
1112,0.83048184,1.033497486,1.24445525,1.569324816,1.543481618,0.041421439,-0.00870162,0.003316834,0.002460662,-0.002238712,-0.007393141,0.01511435,0.013673527,0.108915181,-0.210957764,51.57
1113,0.891380517,1.198964631,1.345064883,1.57164485,1.507965638,0.029762317,-0.003271134,0.002388609,0.002423246,-0.001170829,-0.008878618,0.021720283,0.021071494,0.147145133,-0.146100252,81.47
1114,0.874627139,0.940537522,1.075358265,1.309012777,1.22490725,0.034085428,-0.007522624,0.002193355,0.002515707,-0.000878195,-0.005522852,0.012246363,0.011459605,0.036310967,-0.134820743,42.47
1115,0.732707426,0.435366144,0.594188251,0.669824214,0.654902781,0.024377687,-0.007314546,0.000285546,-0.000149531,-0.000437658,0.000459783,-7.30E-05,0.000279319,-0.254556981,-0.158822107,6.22
1116,0.841905185,0.856934695,1.017851785,1.30079981,1.156889923,0.033154652,-0.006575496,0.001798266,0.002713601,-0.000278739,-0.005469678,0.010853395,0.009687829,0.008846926,-0.160917089,29.29
1117,0.762270749,1.266851046,1.661943669,2.430975936,2.233679347,0.062607957,-0.012987434,0.004785853,0.004260688,-0.002748872,-0.015816461,0.029899112,0.026078619,0.2486693,-0.395092623,68.01
1118,0.756689182,0.538118087,0.711148117,0.815749522,0.756546863,0.021863981,-0.006799226,2.52E-05,0.000106889,4.28E-05,-0.000216278,0.000731853,0.000777491,-0.168805892,-0.17303003,13.36
1119,0.893550705,5.279815759,5.908803753,11.07514704,10.54292305,0.074853657,-0.021708258,0.008759102,0.007715038,-0.005087194,-0.056541816,0.062617818,0.035545602,0.710514284,-0.628987995,140.89
1120,0.781971413,1.000905758,1.279977427,1.633809697,1.450963893,0.058691495,-0.008241992,0.00252939,0.003779962,-0.000417084,-0.013995099,0.028413677,0.025626358,0.122798333,-0.279071669,59.87
1121,0.977188743,4.526153938,4.63181138,8.255782891,7.896506564,0.061254591,-0.019219041,0.007654176,0.006997685,-0.004272043,-0.039433874,0.055575199,0.04030146,0.64487447,-0.105657442,93.65
1122,0.839225094,1.200413877,1.430383678,1.846242253,1.720079385,0.044829561,-0.01041088,0.003149118,0.003199764,-0.001540232,-0.010638355,0.022203984,0.020268652,0.177084664,-0.229969801,72.35
1123,0.744087588,0.43771408,0.588256123,0.675175704,0.630952582,0.024647286,-0.00655573,8.14E-05,6.99E-05,-4.85E-05,0.000359521,-0.000256247,-4.11E-05,-0.259242745,-0.150542043,8.95
1124,0.829418526,0.875559708,1.055630759,1.307907643,1.228373892,0.04382849,-0.009167937,0.002699042,0.002698771,-0.001349705,-0.006524398,0.013715586,0.012558394,0.027062622,-0.180071051,41.19
1125,0.807440473,0.884617278,1.095582038,1.274820317,1.255709697,0.032637908,-0.00244246,0.002428013,0.001383016,-0.001922282,-0.005918143,0.015002678,0.014729244,0.045611213,-0.210964759,69.27
1126,0.808549207,0.818775539,1.012647755,1.187173781,1.101276671,0.041944057,-0.003838753,0.001429679,0.002033003,-0.00030592,-0.006655604,0.01655191,0.016147357,0.006284138,-0.193872216,63.91
1127,0.739884157,0.647236547,0.874780924,0.98557073,0.948876576,0.032380116,-0.005697604,0.000319031,-0.000223854,-0.000527472,-0.001586588,0.005620501,0.006031576,-0.066791311,-0.227544377,45.48
1128,0.750603852,0.880172397,1.172619078,1.342609553,1.328120303,0.041055706,0.000179005,0.001948839,0.000247351,-0.00212765,-0.007550451,0.020166179,0.0201281,0.079452068,-0.292446681,70.64
1129,0.726070501,0.811788888,1.118057939,1.266551632,1.199247843,0.030293097,-0.002811747,1.14E-05,-0.00026553,-0.000193372,-0.003432591,0.009585253,0.009694393,0.055738768,-0.306269051,45.97
1130,0.837381087,1.078908344,1.288431708,1.417088551,1.386756815,0.037873719,0.00067432,0.001694726,0.000879988,-0.001399574,-0.010870013,0.026887749,0.026183079,0.126039028,-0.209523364,106.76
1131,0.742183104,0.907064808,1.222157718,1.383909595,1.373287724,0.0359288,-6.13E-05,0.001294001,-0.000154377,-0.001628678,-0.006297135,0.017484306,0.017654232,0.099973875,-0.31509291,93.65
1132,0.79890175,0.898206767,1.124301915,1.249179202,1.19358292,0.032488427,0.005209484,0.000540236,0.000369573,-0.00038579,-0.006998025,0.021435286,0.022231678,0.058514241,-0.226095148,69.37
1133,0.748733636,0.738232986,0.985975454,1.12783429,1.078341748,0.039773434,-0.001063141,0.000845675,0.000182578,-0.00087227,-0.004619274,0.012681204,0.012762085,-0.007061792,-0.247742468,46.75
1134,0.665619569,0.510040546,0.766264349,0.880196494,0.839170272,0.034261129,-0.004914859,-4.11E-05,-0.000723016,-0.000441619,-0.000846375,0.002749606,0.002893537,-0.132333334,-0.256223803,22.62
1135,0.686359254,0.564197624,0.822015032,0.927354355,0.888654226,0.037058387,-0.002779789,-0.000137855,-0.000936981,-0.000472703,-0.001230631,0.005001269,0.005514586,-0.097685785,-0.257817408,25.22
1136,0.748652888,0.629909179,0.841390168,0.937293452,0.888662804,0.02748084,0.002265215,-0.000183499,-0.00041887,-6.78E-05,-0.001441856,0.006401282,0.007166825,-0.086135918,-0.211480989,28.93
1137,0.820192163,0.98301909,1.198522901,1.397153847,1.345302512,0.040941363,0.001722233,0.003032031,0.002412365,-0.001936012,-0.011000473,0.027663985,0.027088292,0.090298309,-0.215503811,84.24
1138,0.729494772,0.670055543,0.918520007,1.023262363,0.921585629,0.029622103,0.002531686,-0.001772943,-0.000725552,0.00159637,-0.002403291,0.008583724,0.009227627,-0.042470234,-0.248464464,32.44
1139,0.747078136,0.824677367,1.1038703,1.242802262,1.210907313,0.036861334,0.005167119,0.001081335,-0.000285888,-0.001467341,-0.00679227,0.019745093,0.020196872,0.049371057,-0.279192934,64.3
1140,0.700394065,0.734096372,1.048119064,1.182526596,1.134419465,0.037976784,0.004648248,9.80E-07,-0.001215209,-0.000824796,-0.005638953,0.016406431,0.016785747,0.023494271,-0.314022692,56.4
1141,0.676564665,0.68877616,1.018049265,1.06851928,1.042290571,0.024672441,0.001267303,-0.001169887,-0.002021092,8.01E-06,-0.001204204,0.006457139,0.007433152,0.008943917,-0.329273105,54.5
1142,0.717850255,0.630369217,0.878134697,0.982339571,0.955929355,0.035967864,0.001660506,0.00035893,-0.000912653,-0.001041316,-0.002231394,0.008315882,0.009018612,-0.064886349,-0.247765481,35.04
1143,0.754948148,0.474839193,0.62896928,0.716731101,0.654585055,0.032928172,-0.004015869,-0.000461999,0.000152068,0.0006472,0.000457347,0.000628761,0.001191755,-0.227770238,-0.154130087,10.8
1144,0.691349159,0.388112208,0.561383785,0.635863153,0.576103868,0.016723281,-0.005261735,-0.00038805,-0.000260654,0.000280371,0.000391285,-0.000469029,-0.000292499,-0.280915057,-0.173271577,4.74
1145,0.741733303,0.639801645,0.862576403,0.966233932,0.926368313,0.031208496,0.001113085,0.000195406,-0.000402958,-0.000503261,-0.001856206,0.007293644,0.007992156,-0.073781455,-0.222774758,34.52
1146,0.735859954,0.501941321,0.682115284,0.788452209,0.727177897,0.024256971,-0.003345214,-3.00E-05,0.000102126,0.000104497,-0.000317141,0.001673637,0.001922522,-0.18897915,-0.180173963,12.34
1147,0.820023457,0.679601229,0.828758278,0.916052721,0.861079976,0.035857066,0.001823482,-6.83E-05,0.00069102,0.000548796,-0.001713898,0.009492484,0.010973206,-0.093638248,-0.14915705,25.81
1148,0.740684426,0.484770534,0.654489979,0.737647857,0.692434486,0.030028355,-0.002947684,-0.000170109,-0.000233306,4.22E-05,0.000426128,0.001002146,0.001652863,-0.20883174,-0.169719445,13.46
1149,0.68168607,0.404122042,0.592827197,0.64613184,0.624453118,0.023373559,-0.005471327,-0.000374595,-0.000839911,-0.000128083,0.000940618,-0.000501141,0.000113032,-0.255628987,-0.188705155,8.59
1150,0.719689567,0.454455992,0.631461137,0.704787806,0.658753972,0.028699311,-0.003607836,-0.000556307,-0.000598619,0.000249475,0.000779565,9.25E-05,0.000755432,-0.225894969,-0.177005144,9.69
1151,0.826851642,0.581197891,0.702904682,0.778897831,0.715711267,0.036782051,-0.000533559,-0.000906689,0.000941586,0.001706064,0.00071703,0.003771565,0.005498408,-0.174463856,-0.121706791,10.8
1152,0.806498408,0.502598553,0.623186045,0.697510322,0.640658802,0.036416621,-0.001559598,-0.000587639,0.000705363,0.001170188,0.001514342,0.000308003,0.001634608,-0.232144649,-0.120587492,5.46
1153,0.865483552,0.710251165,0.820640858,0.889547393,0.840630357,0.0261424,0.002319267,-0.000162417,0.00081339,0.000742589,-0.000532613,0.007883735,0.009838989,-0.09851429,-0.110389693,22.88
1154,0.723479408,0.522255288,0.721866141,0.801796291,0.770824597,0.03480353,-0.001612497,-0.000125967,-0.000893746,-0.000457401,0.000127243,0.002913536,0.003900052,-0.161530477,-0.199610852,22.88
1155,0.699402872,0.489266135,0.699548364,0.750672928,0.736644391,0.025660613,-0.003728204,-0.000384582,-0.00108661,-0.000283528,0.000759714,0.000877204,0.001761729,-0.176783222,-0.210282229,19.7
1156,0.792114936,0.505079609,0.637634244,0.715969134,0.654794809,0.034987637,-0.003137818,-0.000666053,0.000455567,0.001093235,0.000975266,0.000868108,0.001925422,-0.221273924,-0.132554636,6.29
1157,0.957053622,2.006685591,2.096732663,2.741139723,2.620466975,0.020665489,-0.007022874,0.001561705,0.001549563,-0.000789082,-0.006165222,0.012751771,0.011595024,0.354158005,-0.090047073,327.1
1158,0.942891703,1.653255117,1.753388126,2.261296435,2.120331101,0.019086246,-0.006703315,0.001338788,0.001455514,-0.00059028,-0.004905893,0.010031154,0.009075567,0.273622203,-0.100133009,69.6
1159,1.034844349,3.764941635,3.638171903,4.961530248,4.716688714,0.017600151,-0.006706683,0.001580311,0.001630821,-0.000755921,-0.009902305,0.017481358,0.014714362,0.568795629,0.126769732,1503.3
1160,1.049086379,2.984492407,2.844849068,3.581553013,3.413874594,0.015984897,-0.006349754,0.001475808,0.001629072,-0.000634025,-0.008861284,0.016931084,0.014845139,0.479823534,0.139643339,362.5
1161,1.10346459,4.540733883,4.114979243,5.578210398,5.377577272,0.016777558,-0.00664096,0.001625008,0.00166002,-0.000788774,-0.01081835,0.019750668,0.016925321,0.608991571,0.42575464,1842.7
1163,1.082390572,5.316687126,4.911985805,6.78306961,6.497457687,0.020831516,-0.008132262,0.002007,0.002050938,-0.00097372,-0.015891681,0.022408427,0.01625677,0.661704195,0.404701321,597.7
1164,1.035705531,3.794390182,3.663580109,4.891308159,4.727840464,0.024009689,-0.008963867,0.002130975,0.002107935,-0.001081103,-0.013481788,0.025378804,0.022089864,0.571144924,0.130810073,74.7
1167,1.023918196,2.495062637,2.436779272,3.22529113,3.044959349,0.013048961,-0.004892533,0.001129918,0.001217177,-0.000505817,-0.005085246,0.009260082,0.007924774,0.418059805,0.058283365,146.4
1168,1.067195153,4.099325552,3.841214554,5.223174936,5.002819002,0.017804939,-0.006842701,0.001760067,0.001803101,-0.000850866,-0.011257968,0.018285131,0.014657659,0.586880528,0.258110998,1599.3
1171,1.021088609,4.084005014,3.999657796,5.618009907,5.330454063,0.022557829,-0.008279102,0.002078475,0.002105842,-0.001020689,-0.013569208,0.02288328,0.018766926,0.599972622,0.084347219,147.4
1172,0.892630333,0.744635502,0.834203672,0.927611045,0.862670471,0.00986326,-0.000134113,0.000187467,0.000812387,0.000329824,-0.000741491,0.003098287,0.003433296,-0.090391449,-0.08956817,11.464
1173,0.906577641,0.883225396,0.974241318,1.040592337,0.996090693,0.006160332,0.001166835,5.25E-05,0.000341924,0.000169969,-0.000925836,0.004222319,0.004747814,-0.013047383,-0.091015923,22.6891667
1174,0.832207577,0.638273213,0.766963953,0.880915389,0.809815403,0.009455563,-0.000954273,0.000161983,0.000475431,0.000131457,-0.000476583,0.001497274,0.001562867,-0.131885004,-0.12869074,8.27955556
1175,0.856666417,0.641687333,0.74905158,0.842249938,0.776173245,0.009889336,-0.000400207,6.41E-05,0.000548543,0.000296249,-0.000251104,0.00150257,0.001753397,-0.143476855,-0.107364247,10.3176
1176,0.806011286,0.845014359,1.048390232,1.15827422,1.111723585,0.005424346,0.000669594,0.00011083,6.31E-05,-8.78E-05,-0.001038943,0.002993522,0.003054541,0.023623542,-0.203375873,35.3473333
1177,0.89963992,1.898834016,2.110660026,2.620627996,2.471128971,0.006066455,-0.001584524,0.000456365,0.000487411,-0.000207141,-0.002592244,0.005499706,0.005055176,0.357049635,-0.21182601,205.08
1178,0.91999594,1.725792102,1.875869259,2.208357769,2.119646598,0.005067607,-0.001291314,0.000378658,0.000395397,-0.000177984,-0.002134546,0.00473747,0.004434706,0.304558094,-0.150077157,97.67
1179,0.863906112,1.03188907,1.19444585,1.394319099,1.319498769,0.004259701,-0.00077784,0.000219059,0.000248966,-8.93E-05,-0.000833513,0.001872482,0.001761093,0.088608179,-0.16255678,31.68
1180,0.770978943,0.730943878,0.948072426,1.085613993,1.033634864,0.003616684,-0.000277345,8.83E-05,5.39E-05,-6.74E-05,-0.000372425,0.000951675,0.000936761,-0.026655874,-0.217128549,16.9
1181,0.70340573,1.047007829,1.488483509,1.364972451,1.467378215,0.001918906,0.000204111,-0.000163622,-0.000382535,-6.66E-05,-0.000196876,0.001150808,0.001339203,0.196297668,-0.441475679,59.17
1182,0.758548941,0.876535423,1.155542346,1.370763409,1.312761,0.004521513,-0.000382191,0.000195245,0.000117702,-0.000150179,-0.000782185,0.001991179,0.001957559,0.072159263,-0.279006923,28.81714
1183,0.798561838,0.976741648,1.223125877,1.457299532,1.381301977,0.004564978,-0.000491285,0.000225453,0.000199634,-0.000130226,-0.000928899,0.002103333,0.001984217,0.100365831,-0.246384229,32.90806
1184,0.808850405,0.946753943,1.170493254,1.378724014,1.298359295,0.004884378,-0.000437485,0.0002369,0.000244234,-0.000113479,-0.001059694,0.00237044,0.002225747,0.078550465,-0.223739311,30.6711
1185,0.743218071,0.844097971,1.135733916,1.231672691,1.23587744,0.002409681,-0.000134888,3.40E-05,-6.76E-05,-8.58E-05,-0.000261924,0.000861113,0.000908747,0.063553758,-0.291635945,34.95531
1186,0.996275382,3.530577452,3.543776666,4.617609592,4.278899111,0.007363753,-0.002638368,0.000599739,0.000704035,-0.00022918,-0.004866564,0.008868802,0.007593018,0.559837521,-0.013199215,204.7567
1187,0.977829593,2.964174347,3.031381304,3.892671864,3.623598373,0.007330974,-0.002459937,0.000574445,0.000667548,-0.00022412,-0.004147301,0.008221552,0.007335395,0.503892128,-0.067206957,202.5966
1188,0.95939667,2.920288288,3.04387995,3.89858794,3.634041593,0.007495402,-0.002351912,0.000609541,0.000698231,-0.000244659,-0.004541527,0.009199378,0.008288477,0.505425476,-0.123591662,169.6836
1189,1.034236481,6.969115994,6.738416329,9.172337525,8.406380481,0.01043464,-0.003848188,0.000867416,0.001022296,-0.000328733,-0.012004253,0.012296877,0.006247012,0.741549186,0.230699664,1186.154
1190,0.929837396,3.077535211,3.309756334,4.538988611,4.111851531,0.010056855,-0.002921572,0.000853727,0.000996291,-0.000330237,-0.00625626,0.010865513,0.009063032,0.535936641,-0.232221123,493.8254
1191,0.963989211,3.811591048,3.953976876,5.347055833,4.863203942,0.010903958,-0.003505937,0.000902764,0.001075508,-0.0003343,-0.0080174,0.012704542,0.010025081,0.596283945,-0.142385828,693.0057
1192,0.796844291,0.996148559,1.250116956,1.516743779,1.438109324,0.003959841,-0.000370375,0.000232698,0.000201571,-0.000137446,-0.000862841,0.00202943,0.001941716,0.111157313,-0.253968397,38.1588
1193,0.796870806,0.913035615,1.145776213,1.375505497,1.285865699,0.004276709,-0.000498536,0.000202739,0.000211452,-9.55E-05,-0.00083032,0.00175027,0.001604447,0.067936354,-0.232740598,27.50678
1194,0.834589965,0.99756761,1.195278701,1.449399207,1.344928597,0.005430522,-0.000727967,0.000290582,0.000348182,-0.000106251,-0.001116222,0.002462568,0.002299757,0.088953945,-0.197711091,32.32873
1195,0.76312414,0.717018821,0.939583461,1.135879118,1.053458806,0.004669876,-9.18E-05,0.000190945,0.000195797,-9.22E-05,-0.000638935,0.001280836,0.001148623,-0.031149234,-0.222564641,14.3213167
1196,0.799359863,0.798865704,0.999381807,1.202262324,1.115344751,0.004438996,-0.000288224,0.000216842,0.00025239,-8.43E-05,-0.000725185,0.001547477,0.001425823,-0.000309192,-0.200516103,26.2736933
1197,0.796881272,0.81191987,1.018871818,1.257060788,1.15416509,0.004899313,-0.00040618,0.000275864,0.000329499,-0.000101579,-0.000887877,0.001724784,0.001524364,0.009347705,-0.206951948,33.8825933
1198,0.85741441,1.020644449,1.190374733,1.463517893,1.347041249,0.005484866,-0.000780329,0.00038934,0.000497265,-0.000121521,-0.001361135,0.002773887,0.002505959,0.08691423,-0.169730283,48.8577333
1199,0.806186057,0.859322506,1.065910901,1.284085905,1.195460317,0.005187103,-0.000198305,0.000295446,0.000330232,-0.000124146,-0.001030898,0.002273589,0.002122998,0.031904039,-0.206588395,23.5975
1200,0.770596509,0.682817828,0.886089958,1.075541417,0.991534384,0.006538005,-0.000377329,0.000260975,0.000298383,-0.000105133,-0.000769621,0.00157701,0.001428118,-0.060394809,-0.203272129,15.0004933
1201,0.747508411,0.588233192,0.786925182,0.942309267,0.867421746,0.006594755,-0.000525269,0.000143515,0.000170565,-5.34E-05,-0.000441861,0.000922945,0.000842777,-0.11924104,-0.19869199,10.90582
1202,0.906979616,1.290269145,1.422599937,1.695389736,1.612781718,0.007207843,-0.001653192,0.00049735,0.000539393,-0.00022018,-0.001869428,0.004373803,0.004176747,0.174440662,-0.132330792,42.727125
1203,0.890475646,1.222611777,1.372987326,1.690597394,1.572480771,0.007456347,-0.001602084,0.000542236,0.000646728,-0.000200295,-0.001986794,0.004119029,0.003749187,0.157180497,-0.150375549,45.26676
1204,0.8881162,1.245656436,1.402582721,1.742312054,1.611801799,0.006439107,-0.001410025,0.000483113,0.000586967,-0.000171167,-0.001826518,0.003492283,0.003063045,0.167562481,-0.156926285,33.5497486
1205,0.763486943,0.942077982,1.233914987,1.446339166,1.364203778,0.007388748,-0.000147479,0.000235787,0.000186081,-0.000151583,-0.001606533,0.004073559,0.00399962,0.104710783,-0.291837006,15.71026
1206,0.816181165,0.663348383,0.812746497,0.879767986,0.837610977,0.00194108,7.87E-06,-2.36E-05,-7.72E-06,2.26E-05,-1.75E-05,0.000338005,0.000426205,-0.103298229,-0.149398114,10.59124
1207,0.730117426,1.225332593,1.678267836,1.925474294,1.843442507,0.005746076,0.00069237,0.000121142,-1.34E-05,-0.000151761,-0.002274335,0.006137106,0.006144631,0.253248696,-0.452935243,2.74395
1208,0.910722996,2.84045351,3.118899515,3.963819348,3.738681548,0.009377508,-0.002826877,0.000644017,0.000672544,-0.000302674,-0.005121138,0.010092063,0.00897964,0.514433408,-0.278446004,149.60232
1209,0.828595733,1.611378776,1.944710444,2.408727209,2.289414441,0.008643649,-0.001887119,0.000504475,0.000458731,-0.000283242,-0.002841382,0.00649613,0.006150649,0.320816074,-0.333331668,42.1762143
1210,0.967844186,3.565232652,3.683684525,4.863067083,4.499508925,0.011253046,-0.003700795,0.000920103,0.001051457,-0.000371023,-0.007667567,0.014417942,0.012542595,0.572985757,-0.118451874,164.312707
1211,0.841906965,1.219665091,1.448693433,1.793429057,1.681445495,0.008137986,-0.001389518,0.00055584,0.000576802,-0.000263712,-0.002238534,0.005006203,0.004700185,0.183237896,-0.229028341,31.4502667
1212,0.771794283,0.807645849,1.04645223,1.317800014,1.212065885,0.009203179,-0.000738155,0.000507421,0.000528483,-0.000239435,-0.001586588,0.003204146,0.002882992,0.022698908,-0.238806382,20.5615962
1213,0.749380199,0.764091436,1.019631205,1.284845815,1.184717779,0.008808213,-0.000237118,0.000489285,0.00046564,-0.000260669,-0.001541611,0.003095223,0.002777691,0.009720193,-0.25553977,20.5411
1214,0.788701695,0.86777918,1.100262857,1.363661299,1.264148528,0.007361639,-0.000373288,0.000459825,0.000476909,-0.000218333,-0.001521849,0.00329536,0.00305457,0.047738242,-0.232483677,14.5596333
1215,0.752122653,0.677605099,0.900923668,1.119080523,1.026378855,0.006914845,-0.000300216,0.000308305,0.000327312,-0.00014127,-0.000901943,0.001693496,0.00147214,-0.0521201,-0.223318569,15.9147333
1216,0.744167349,0.645724746,0.86771443,1.069228955,0.979672974,0.007476394,-0.000329299,0.000269187,0.000291376,-0.000119555,-0.000830377,0.001591938,0.00139809,-0.070827514,-0.221989683,18.0320667
1217,0.840933732,1.036737613,1.232841035,1.481093041,1.372322132,0.012463766,-0.001889077,0.000615099,0.000788618,-0.000189942,-0.002708273,0.006416164,0.006154856,0.104280167,-0.196103422,27.71572
1218,0.839828861,1.087817256,1.295284441,1.534891136,1.458339213,0.00788898,-0.001027569,0.000464205,0.00045713,-0.000236897,-0.00186667,0.004323178,0.004113027,0.1286483,-0.207467185,40.63
1219,0.825784422,1.223074733,1.48110657,1.839773798,1.722717699,0.008800759,-0.001214513,0.000618156,0.000626978,-0.000303099,-0.002649958,0.005637309,0.005187474,0.193908063,-0.258031837,54.993
1220,0.821337299,0.979331411,1.192362032,1.404439996,1.331517624,0.006930549,-0.000488233,0.000392217,0.000381281,-0.000203521,-0.00156173,0.003615047,0.003438652,0.08774191,-0.213030621,39.453
1221,0.843658514,1.283145944,1.520930474,1.755021952,1.698972812,0.006243236,-0.000570741,0.000410686,0.000335197,-0.000256507,-0.002202862,0.00517084,0.004943764,0.206642142,-0.23778453,64.9
1222,0.809318042,1.188831343,1.468929743,1.729670653,1.682055273,0.006683875,-0.000817103,0.000388239,0.000266353,-0.000276732,-0.001753314,0.004153391,0.003984105,0.189932396,-0.280098399,53.086
1223,0.830864253,1.337256824,1.609476902,1.919881522,1.852163599,0.006725638,-0.001022169,0.000430804,0.000352443,-0.000268513,-0.002078271,0.004771438,0.004524798,0.233562865,-0.272220078,64.954
1224,0.878669166,1.473706219,1.67720261,1.957811006,1.899234778,0.00556718,-0.001159178,0.000361264,0.000320251,-0.00020843,-0.00182118,0.004255547,0.004061948,0.252951572,-0.203496391,69.391
1225,0.73234268,1.218100967,1.663293701,1.796793091,1.819396712,0.003571041,-3.78E-05,5.61E-05,-0.000130182,-0.000154271,-0.001018239,0.00273062,0.002728833,0.249050152,-0.445192734,77.324
1226,0.70072857,0.730216192,1.042081374,1.049260511,1.070532577,0.001839945,0.00034934,-8.70E-05,-0.000222022,-4.81E-05,-4.67E-05,0.000617543,0.000766646,0.0206071,-0.311865183,23.843
1227,0.807500789,1.253763192,1.552646399,1.737813021,1.729204579,0.005704375,-0.000445756,0.000272813,8.65E-05,-0.000262695,-0.001679573,0.004309307,0.004247323,0.216499394,-0.298883207,59.18
1228,0.824749897,1.030171719,1.249071655,1.487279392,1.409924026,0.00629193,-0.000660823,0.000362752,0.000349467,-0.000190381,-0.001415598,0.003268989,0.003106738,0.110744206,-0.218899936,20.4
1229,0.823132832,0.919472109,1.11703977,1.328358174,1.244583345,0.006639129,-0.000742088,0.000346863,0.00038766,-0.00014578,-0.001287821,0.002820844,0.002626852,0.055284635,-0.197567661,18.8
1230,0.93253391,1.20427463,1.291400364,1.442934188,1.367486821,0.002254028,0.000133706,0.000232149,0.000373884,-2.00E-05,-0.001364266,0.003160546,0.003007238,0.1271713,-0.087125734,19.6666667
1231,0.809048891,1.245169686,1.539053695,1.946427216,1.832460883,0.013479835,-0.002143716,0.001004185,0.000925783,-0.000555231,-0.004102636,0.008684317,0.007974767,0.212304961,-0.293884009,50.34672
1232,0.844089322,1.169271627,1.385246321,1.698504134,1.595568225,0.0113556,-0.002104867,0.000824661,0.000859682,-0.000388594,-0.003216444,0.006735285,0.006156828,0.161512175,-0.215974694,45.85328
1233,0.833997476,1.217890128,1.460304333,1.813640834,1.705359045,0.011615634,-0.002256445,0.000861555,0.000857341,-0.000433634,-0.003429811,0.00724416,0.006646143,0.187092437,-0.242414205,45.41419
1234,0.880765535,1.342406856,1.524136451,1.870192473,1.762903517,0.011692982,-0.002526873,0.00096195,0.00102739,-0.000436621,-0.003866292,0.008284341,0.007646062,0.207649809,-0.181729595,47.35337
1235,0.842449902,1.398161804,1.659637922,2.134153898,1.993839802,0.010102498,-0.002308307,0.000874097,0.000880864,-0.000432462,-0.003584026,0.007626685,0.007018992,0.248017941,-0.261476118,48.03151
1236,0.862876584,1.315848898,1.524956085,1.864540843,1.761233535,0.012264031,-0.002287392,0.000985056,0.001015253,-0.000472061,-0.004135107,0.008888581,0.008214484,0.207907016,-0.209107187,55.96835
1237,0.868298795,1.317707939,1.517574303,1.930967958,1.796055109,0.012048583,-0.002625366,0.001050451,0.001141203,-0.000463715,-0.003928077,0.008095957,0.007350276,0.205584519,-0.199866364,44.2053
1238,0.835896604,1.282364589,1.534118673,1.96056777,1.835530092,0.013236947,-0.002608817,0.001033104,0.001025358,-0.000521803,-0.003916889,0.008186185,0.007476957,0.210770979,-0.251754084,46.67681
1239,0.611470815,0.915325899,1.496924917,1.425428009,1.563366131,0.004837803,0.000532161,-0.000213635,-0.000727278,-0.000241318,-0.000481166,0.002388118,0.002719931,0.199014762,-0.581599018,60.3895333
1240,0.599965238,1.014775342,1.69139023,1.636121317,1.798318622,0.005267031,0.000683312,-0.000191632,-0.000763376,-0.000291699,-0.000853817,0.003239015,0.003525191,0.256889626,-0.676614888,82.1339417
LE1,0.640356365,0.32975229,0.514951217,0.554752247,0.520602606,0.004385992,-0.001660103,-0.000123953,-0.000154842,4.10E-05,0.000178386,-0.000191527,-0.000104288,-0.320174523,-0.185198927,4.31
LE2,0.752450985,0.4551319,0.604865844,0.692538453,0.64071064,0.00537763,-0.000945957,-1.00E-05,3.29E-05,3.41E-05,9.48E-05,-7.94E-06,6.68E-05,-0.246210085,-0.149733944,4.25
LE3,0.670125289,0.339438798,0.506530352,0.577841896,0.527260453,0.006411576,-0.001732962,-0.000140274,-0.000130524,7.67E-05,0.000206383,-0.000328214,-0.000259595,-0.327553738,-0.167091554,2.55
LE4,0.7891317,0.645833944,0.818410849,0.906392364,0.861662271,0.008172148,0.000741207,2.78E-05,1.85E-05,-2.02E-05,-0.000359197,0.002094336,0.002436456,-0.099861454,-0.172576904,15.87
LE5,0.714811528,0.428132179,0.598944144,0.67814913,0.627630688,0.01024155,-0.001835954,-0.000169039,-0.000145928,0.000100183,0.000256021,-0.000112762,6.16E-05,-0.250825432,-0.170811965,6.73
LE6,0.616282519,0.29969566,0.486295896,0.528499069,0.497079193,0.004359491,-0.001954356,-0.000119882,-0.000165638,2.89E-05,0.000176564,-0.000206128,-0.000124798,-0.345627075,-0.186600236,2.24
LE7,0.673254179,0.358763294,0.532879417,0.609827607,0.55873266,0.008249717,-0.002017623,-0.000162858,-0.00016403,8.06E-05,0.000228359,-0.000318653,-0.00022924,-0.30473407,-0.174116123,3.27
LE8,0.678143424,0.352498962,0.519800015,0.579352834,0.532965652,0.005117364,-0.002072853,-0.000119409,-0.000114678,6.29E-05,0.000178849,-0.000222001,-0.00014362,-0.315962613,-0.167301053,2.48
LE9,0.860307953,0.731414614,0.850177674,0.932812043,0.881233409,0.007824868,0.001375609,9.51E-05,0.000399717,0.000158969,-0.000576705,0.003383191,0.003938736,-0.080977264,-0.11876306,11.79
LE10,0.65666132,0.339740953,0.517376222,0.581011046,0.537110267,0.004182798,-0.001337296,-9.08E-05,-0.000107182,3.43E-05,0.000133263,-0.00019006,-0.000139125,-0.318064677,-0.177635269,3.54
LE11,0.690719806,0.363086735,0.525664288,0.596763681,0.546524402,0.004242614,-0.001119544,-0.000114938,-9.66E-05,6.99E-05,0.000187389,-0.000257197,-0.000182527,-0.310904382,-0.162577553,5.21
LE12,0.78791675,0.496335279,0.629933656,0.704706223,0.646173505,0.009579139,-0.000817243,-0.000246174,9.79E-05,0.000356296,0.000403188,8.88E-05,0.000444016,-0.227043808,-0.133598377,4.93
LE13,0.667282897,0.314511125,0.471331015,0.501952744,0.470973719,0.005017138,-0.0020022,-0.000137842,-0.000155772,5.68E-05,0.000246439,-0.000314106,-0.000208591,-0.359313424,-0.15681989,1.82
LE14,0.767773766,0.691155904,0.900207762,0.987322001,0.959024127,0.008215776,0.000500381,6.83E-05,-0.000151715,-0.000183315,-0.000544214,0.002529667,0.002853029,-0.052516488,-0.209051858,36.04
LE15,0.707475154,0.500628801,0.707627396,0.782438685,0.73696226,0.00666418,-0.001567205,-0.000100266,-0.000132867,2.80E-05,4.62E-05,0.000252991,0.000367256,-0.171215691,-0.206998595,9.86
LE16,0.699298079,0.381951327,0.546192444,0.602005124,0.564413883,0.007494144,-0.001612651,-0.000167106,-0.000197852,6.27E-05,0.000339363,-0.000402262,-0.000247784,-0.293500048,-0.164241117,12.55
LE17,0.785596819,0.540044201,0.687431757,0.785759409,0.727855929,0.009209805,-0.001204252,5.75E-05,0.000200103,6.79E-05,-8.53E-05,0.000647332,0.000774056,-0.185233116,-0.147387556,4.75
LE18,0.704733042,0.898112073,1.274400405,1.317496102,1.377809336,0.008365876,-0.00099246,2.38E-06,-0.000422401,-0.000289093,-0.000663966,0.002491215,0.002705399,0.12064736,-0.376288331,60.59
LE19,0.729127336,0.419009658,0.574672814,0.610897334,0.58786136,0.004642336,-0.001556294,-7.64E-05,-0.000110781,1.49E-05,0.000204161,-0.000160237,-4.25E-05,-0.270105118,-0.155663156,4.42
LE20,0.693146458,0.720195968,1.039024234,1.064547019,1.102875244,0.008068501,-0.000771024,-9.08E-05,-0.000505873,-0.000235937,-0.000197846,0.001603729,0.001928584,0.019138681,-0.318828266,52.54
LE21,0.769696474,0.677211972,0.879842892,1.048665536,0.986720222,0.009063264,-0.002668656,0.000193327,0.000166384,-0.000114924,-0.000480317,0.001062483,0.000993281,-0.063918697,-0.20263092,16.28
LE22,0.768909822,0.73993588,0.962318153,1.054230931,1.039190275,0.009164515,0.000319761,0.000178612,-0.000148628,-0.000311102,-0.000749201,0.003027853,0.00333524,-0.019202721,-0.222382273,43.56
LE23,0.73030493,0.411742445,0.563795242,0.622504648,0.584780323,0.008746363,-0.001279114,-0.000193621,-0.000209064,8.63E-05,0.000520932,-0.000675168,-0.00045552,-0.278939816,-0.152052797,7.93
LE24,0.714362535,0.407020465,0.569767374,0.625778683,0.585855641,0.007224336,-0.002172042,-0.000160414,-0.000168255,7.49E-05,0.000305682,-0.000280893,-0.000117067,-0.274074129,-0.162746908,6.26
LE25,0.678836996,0.371211453,0.546834447,0.609601081,0.552940129,0.005016202,-0.001676481,-0.000148474,-0.000115208,9.68E-05,0.000157136,-0.000174178,-9.90E-05,-0.292963189,-0.175622994,4.34
LE26,0.75997418,0.527127296,0.693612112,0.763728999,0.734444372,0.011072438,-0.002186446,-3.34E-06,-0.000107649,-6.90E-05,0.000158091,0.000290324,0.000507049,-0.180907946,-0.166484816,19.67
LE27,0.72111331,0.520329077,0.721563546,0.857681217,0.791780717,0.008534593,-0.002367369,7.07E-05,6.54E-05,-3.90E-05,-0.000230359,0.000497755,0.000460986,-0.161734637,-0.201234469,11.39
LE28,0.870952153,0.833951653,0.957517184,1.149241731,1.086509449,0.009376777,-0.002408954,0.000476833,0.000511903,-0.000214647,-0.000918083,0.002047157,0.001919826,-0.021702398,-0.123565531,26.61
LE29,0.771801822,0.605882585,0.785023522,0.952128296,0.876361946,0.009611676,-0.002634789,0.000213994,0.000253298,-8.04E-05,-0.000465988,0.000926768,0.000828109,-0.120433415,-0.179140937,13.7
LE30,0.804666573,0.792616613,0.985024902,1.144373157,1.089135953,0.00993066,-0.000255692,0.000492128,0.000431654,-0.000287052,-0.001477628,0.003864969,0.0038328,-0.007544035,-0.19240829,41.84
LE31,0.751990388,0.470324112,0.625438994,0.702139446,0.657625293,0.010258324,-0.001800487,-7.05E-05,-5.07E-05,4.86E-05,0.000258085,1.45E-05,0.000229082,-0.230436828,-0.155114882,6.76
LE32,0.699644502,0.431322267,0.616487754,0.68687295,0.640268065,0.006454955,-0.001784285,-0.000110503,-0.00012294,4.68E-05,0.000133642,-5.25E-05,4.04E-05,-0.237250326,-0.185165487,8.24
LE33,0.746605487,0.500235862,0.670013642,0.766683029,0.717307126,0.007740643,-0.002259751,1.71E-05,1.44E-05,-1.04E-05,-1.19E-05,0.000144925,0.00017916,-0.197595007,-0.16977778,8.86
LE34,0.785697747,0.706425188,0.899105528,1.111559673,1.033216136,0.00858319,-0.002177315,0.00040584,0.00040831,-0.000201245,-0.000902895,0.001792253,0.001600048,-0.053127364,-0.19268034,22.69
LE35,0.682558615,0.383886046,0.562422094,0.641749602,0.591499649,0.006882885,-0.002419275,-7.98E-05,-8.63E-05,3.55E-05,0.000109928,-0.000102779,-4.44E-05,-0.280063824,-0.178536048,4.22
LE36,0.918092431,1.098474439,1.196474779,1.466266467,1.372038293,0.014034281,-0.003463103,0.001223371,0.001443926,-0.000462198,-0.003304736,0.007251415,0.006757457,0.08945005,-0.09800034,52.99
LE37,0.726951593,0.6048137,0.831986209,0.996451415,0.9393241,0.009587064,-0.002397001,0.00017647,0.000101692,-0.000138918,-0.000448683,0.00099559,0.000931879,-0.091711275,-0.227172509,15.3
LE38,0.846456362,0.968443323,1.144114885,1.353366238,1.296548323,0.011321631,-0.001724075,0.000759925,0.000697397,-0.000422342,-0.002184459,0.005261242,0.005076548,0.067214162,-0.175671562,48.44
LE39,0.825943085,0.769341796,0.931470715,1.097018822,1.040215298,0.016638335,-0.003419741,0.000719635,0.000708241,-0.00036754,-0.001584649,0.003916297,0.003812526,-0.035480364,-0.162128919,25.53
LE40,0.740463959,0.608084197,0.82122052,0.988102524,0.925369586,0.009596096,-0.00226734,0.000227194,0.000173943,-0.000149689,-0.000545265,0.00113853,0.001039479,-0.098164653,-0.213136322,33.12
LE41,0.716641831,0.45953312,0.641231226,0.736220001,0.685795066,0.007022825,-0.002230717,-1.52E-05,-2.87E-05,-1.58E-06,1.51E-05,0.000102133,0.000145352,-0.218597336,-0.181698106,8.21
LE42,0.773047774,0.55264032,0.71488508,0.804166946,0.769393119,0.007376079,-0.002242649,5.58E-05,1.72E-05,-5.40E-05,-1.74E-05,0.000282541,0.00035401,-0.166258908,-0.16224476,12.69
LE43,1.019011564,2.045081174,2.006926365,2.802565374,2.604854933,0.014186978,-0.004679926,0.00164726,0.001785679,-0.000729813,-0.005486928,0.011173109,0.010090379,0.33486898,0.038154809,114.57
LE44,0.763203819,0.567302797,0.743317555,0.846994376,0.807816794,0.009478532,-0.001484123,0.000158834,6.76E-05,-0.000141266,-0.000203822,0.000785355,0.000857349,-0.147237917,-0.176014759,46.33
LE45,0.945956158,1.492111754,1.577358254,2.213540713,2.046431137,0.011518365,-0.003076946,0.001368299,0.00144953,-0.000629093,-0.00369481,0.007341693,0.006557417,0.224011642,-0.085246501,86.98
LE46,0.776574771,0.621349618,0.800115638,0.890385995,0.848442826,0.010259113,-0.001452873,4.44E-05,-6.06E-06,-5.64E-05,-0.000243151,0.001407691,0.001636244,-0.111039734,-0.17876602,18.81
LE47,0.765450499,0.568684806,0.742941322,0.85621791,0.796031563,0.009003688,-0.001702489,7.02E-05,0.000116549,-3.68E-06,-0.000247978,0.000917281,0.000993293,-0.147485561,-0.174256516,16.26
LE48,0.776388628,0.634563678,0.817327373,0.927244648,0.88674868,0.011169126,-0.002025977,0.000187812,9.72E-05,-0.000155308,-0.000413009,0.001478918,0.001590723,-0.100517183,-0.182763695,22.84
LE49,0.834095904,0.585326974,0.701750208,0.7881111,0.728562953,0.011778647,-0.000848776,1.96E-05,0.000458473,0.000287685,2.23E-05,0.001087451,0.001435179,-0.175260617,-0.116423234,11.47
LE50,0.76713591,0.529448149,0.690162124,0.786141373,0.727053259,0.009831487,-0.001198409,-2.79E-05,0.000106537,0.000105087,-6.94E-05,0.000726078,0.000889618,-0.183318435,-0.160713975,9.97
LE51,0.772041647,0.998505266,1.293330832,1.543177742,1.502602208,0.018289817,-0.000293985,0.001280134,0.000729535,-0.001013251,-0.004709185,0.011122146,0.010657362,0.127906025,-0.294825566,71.13
LE52,0.813549312,0.65843332,0.809334248,0.930636526,0.868814291,0.012266532,-0.001151135,0.000346832,0.000531165,-4.85E-05,-0.000875379,0.002702776,0.002808895,-0.105378955,-0.150900927,22.88
LE53,0.816919969,0.807675696,0.988683992,1.118310755,1.06883726,0.007970633,0.000367588,0.000394357,0.000353167,-0.000225096,-0.001476044,0.004442619,0.004586787,-0.005690199,-0.181008296,50.69
LE54,0.762556299,0.504909778,0.66212787,0.7474586,0.694410994,0.007573761,-0.000619418,-6.84E-05,2.31E-05,9.62E-05,0.000105029,0.000373033,0.000571609,-0.203276858,-0.157218092,10.35
LE55,0.747137874,0.538016963,0.720103988,0.811226125,0.760186625,0.010174289,-0.000785285,-7.19E-05,-6.72E-05,3.91E-05,-9.31E-05,0.001051385,0.00129419,-0.162720402,-0.182087026,14.16
LE56,0.85046756,0.622120154,0.731503685,0.797883812,0.742177832,0.00809716,2.69E-06,-0.000252331,0.000268668,0.000479287,0.000294284,0.001308277,0.001944387,-0.155065402,-0.109383531,8.05
LE57,0.718072209,0.532217514,0.741175479,0.847429434,0.790465449,0.008641643,-0.001736501,-3.76E-05,-6.24E-05,2.00E-06,-0.000172999,0.000715532,0.000791471,-0.148649302,-0.208957965,16.5
LE58,0.803671289,0.861011714,1.071348106,1.2564061,1.192906675,0.012023869,-0.000601104,0.000675602,0.000606686,-0.000384511,-0.002365682,0.005828058,0.005667539,0.034445251,-0.210336392,51.61
LE59,0.76344292,1.801194962,2.359305343,3.607080151,3.358505819,0.015471271,-0.003231337,0.001305274,0.001102865,-0.000789826,-0.005401013,0.010871171,0.009766914,0.404638818,-0.558110382,44.09
LE60,0.863489793,1.019678922,1.180881268,1.386958054,1.311727339,0.010648699,-0.000695926,0.000807624,0.000904696,-0.000338019,-0.002866203,0.007086106,0.006899192,0.08293953,-0.161202346,60.26
LE61,0.795922181,0.586857436,0.737330168,0.823283537,0.773114924,0.012184393,-0.000241175,1.01E-05,0.0001657,0.000100371,-0.000113104,0.001762718,0.002204764,-0.15119166,-0.150472733,14.69
LE62,0.822853286,0.602457717,0.732156907,0.81637062,0.758119143,0.010740726,-0.000305475,-5.69E-05,0.000326579,0.000288341,-5.81E-05,0.001635079,0.002083224,-0.15462981,-0.12969919,10.69
LE63,0.77086581,0.526476057,0.682967192,0.76777705,0.715110557,0.011800578,-0.001282653,-8.75E-05,4.60E-05,0.000134281,9.80E-05,0.000748841,0.001055575,-0.188377296,-0.156491134,12.94
LE64,0.81891515,0.596555232,0.728470138,0.809783131,0.752462259,0.008039939,-0.000290358,-8.19E-05,0.000208866,0.000238064,8.07E-06,0.001231812,0.00161166,-0.157092597,-0.131914906,22.16
LE65,0.726085404,0.466165783,0.642026104,0.717877015,0.670885706,0.007866155,-0.00136618,-0.000128671,-0.000132359,6.18E-05,0.00017354,0.000121327,0.000299422,-0.218007433,-0.175860321,7.97
LE66,0.755059231,0.844474511,1.118421544,1.321186524,1.27263288,0.009240167,-0.001064438,0.000406692,0.000212166,-0.000335192,-0.001489957,0.003614049,0.003495803,0.05590084,-0.273947033,55.32
LE67,0.76379559,0.529683017,0.693487923,0.785471496,0.727607111,0.01070959,-0.00135945,-7.43E-05,5.71E-05,0.000126186,-3.31E-05,0.00076958,0.000975861,-0.180994545,-0.163804906,10.85
LE68,0.823371361,0.54950882,0.667388795,0.738075619,0.68437322,0.00980145,-0.000422235,-0.000188691,0.000240004,0.000384905,0.000467033,0.000612648,0.001178647,-0.199480293,-0.117879975,4.77
LE69,0.773369494,0.499972618,0.646486087,0.73378897,0.674894052,0.009663833,-0.001494887,-8.57E-05,0.00011002,0.0001755,0.000126764,0.000304357,0.000499821,-0.214708108,-0.146513469,6.64
LE70,0.729803964,0.454711531,0.623059827,0.70656662,0.649009971,0.009178967,-0.001592201,-0.000181325,-8.20E-05,0.000157965,0.000182441,7.01E-05,0.000239857,-0.232240468,-0.168348295,7.42
LE71,0.821886728,0.555179634,0.675494098,0.735770556,0.685856171,0.008640477,-0.000536895,-0.000284986,5.15E-05,0.000370547,0.000556446,0.000514519,0.0011236,-0.193677735,-0.120314464,5.52
LE72,0.752392199,0.607311127,0.807173609,0.942538446,0.87842066,0.010780343,-0.002386674,0.000140251,0.000143442,-6.80E-05,-0.00052523,0.001390021,0.001383495,-0.106700535,-0.199862482,52.96
LE73,0.812852046,0.773787378,0.951941232,1.137882029,1.071429547,0.009992899,-0.001860653,0.000483029,0.000484819,-0.000240301,-0.001172813,0.002680966,0.002538248,-0.024621012,-0.178153854,39.76
LE74,0.737755211,0.534284373,0.724202777,0.833014946,0.782325692,0.010234772,-0.001688956,7.23E-05,2.40E-05,-6.89E-05,-0.000214734,0.000833679,0.000911431,-0.159956373,-0.189918404,16.63
LE75,0.780380843,0.512319272,0.656499036,0.739700873,0.686491341,0.011484141,-0.001279158,-7.23E-05,0.000122922,0.000168411,0.000205754,0.000485497,0.000800183,-0.207365628,-0.144179765,8.25
LE76,0.737764438,0.648303334,0.878740287,1.041303245,0.969347409,0.012569372,-0.001920713,0.000243455,0.0002077,-0.000145962,-0.001051003,0.00250936,0.002413842,-0.064543095,-0.230436953,12.17
LE77,0.710154003,0.43187139,0.608137655,0.69164734,0.636359191,0.008749403,-0.002039531,-0.000146775,-0.000110201,9.82E-05,0.000153617,-1.11E-05,0.000110599,-0.243674628,-0.176266265,5.07
LE78,0.765559039,0.448310805,0.585599259,0.6476049,0.601790654,0.009212704,-0.001579791,-0.000212204,-8.80E-05,0.000190309,0.000530506,-0.000360218,-3.73E-05,-0.261352759,-0.137288453,2.84
LE79,0.840629102,0.556986497,0.662582935,0.733915639,0.676113541,0.010422684,-0.000645191,-0.000200683,0.000379332,0.000493463,0.000489507,0.000545269,0.001109153,-0.202947509,-0.105596438,3.41
LE81,0.8500231,0.578531793,0.680607142,0.757498136,0.698179916,0.010874995,-0.000221691,-0.000102628,0.000557859,0.000498977,0.000338141,0.001014456,0.001597246,-0.190046115,-0.10207535,3.91
LE82,0.776077526,0.460955825,0.593955899,0.657282377,0.605026672,0.010099006,-0.00131803,-0.000332189,-5.46E-05,0.000354233,0.000649065,-0.000332945,9.48E-05,-0.254739859,-0.133000075,2.71
LE83,0.781080816,0.498987825,0.638842761,0.721074172,0.663059117,0.01039261,-0.001099571,-0.000119975,0.000112711,0.000217697,0.000216061,0.000246902,0.000497679,-0.220373331,-0.139854936,7.46
LE84,0.772996127,0.47341411,0.612440469,0.68229416,0.632933863,0.010752099,-0.001194689,-0.000194249,-1.73E-05,0.000217045,0.000482592,-0.00012704,0.000227483,-0.240355869,-0.139026359,3.51
LE85,0.889789722,0.664027194,0.746274292,0.813550628,0.763189026,0.009050766,-0.000183438,1.85E-06,0.000432666,0.000291074,0.000177745,0.001504118,0.002104667,-0.14529545,-0.082247097,7.69
LE86,0.885704845,0.65138936,0.735447439,0.796270832,0.747133422,0.010477438,0.000178247,-0.000141828,0.000514896,0.000516027,0.000504616,0.001889536,0.002873079,-0.152440549,-0.084058079,4.86
LE87,0.905345502,0.708470845,0.782541962,0.84777124,0.79269686,0.010170968,-0.000260457,-0.000106859,0.000639222,0.000559106,8.66E-05,0.002739829,0.003640571,-0.121993223,-0.074071117,8.09
LE88,0.727270355,0.400462949,0.550638351,0.61650182,0.56518738,0.01093951,-0.00220157,-0.000296915,-0.000167048,0.000236478,0.00051585,-0.000580626,-0.000336468,-0.289791394,-0.150175402,1.88
LE89,0.823643151,0.583722247,0.708707705,0.765056696,0.726999925,0.01148767,0.000161202,-0.00020373,-3.40E-05,0.000216914,0.000645874,0.001116364,0.001980652,-0.170475204,-0.124985457,7.69
LE90,0.70043426,0.389985094,0.556776154,0.626557563,0.573375823,0.008030606,-0.002176661,-0.000235233,-0.000176648,0.000157323,0.000315098,-0.000303887,-0.00013936,-0.284706214,-0.16679106,2.77
LE91,0.766411956,0.50429011,0.657988314,0.729482844,0.681147304,0.01121676,-0.000769957,-0.000206858,-9.22E-05,0.000181108,0.000353113,0.000470244,0.000900315,-0.20628112,-0.153698203,6.57
LE92,0.754459599,0.535241085,0.709436378,0.808957139,0.746658544,0.008273864,-0.00011453,-6.88E-05,5.45E-05,0.000117989,-0.000150843,0.000891576,0.001038906,-0.169976272,-0.174195293,13.83
LE93,0.859737371,0.654236731,0.760972772,0.824610968,0.779372205,0.009974577,0.000217258,-7.79E-05,0.000240466,0.000254749,0.000200121,0.001795659,0.002502776,-0.135735902,-0.106736041,8.49
LE94,0.839210023,0.578024071,0.688771648,0.759781193,0.704657679,0.010913292,-0.000200556,-0.000180007,0.000344066,0.000445209,0.000411328,0.001041219,0.001691723,-0.184292738,-0.110747577,5.82
LE95,0.825430987,0.544679552,0.659872915,0.729300953,0.672243552,0.009593648,-0.000492252,-0.000266925,0.00024166,0.00047817,0.000513607,0.000475597,0.001037996,-0.204911522,-0.115193363,2.9
LE96,0.75367858,0.443447685,0.58837772,0.666351765,0.607956043,0.009265849,-0.001433266,-0.000207944,5.66E-06,0.00024875,0.00034181,-0.000206053,9.87E-06,-0.259146344,-0.144930036,2.65
LE97,0.760389068,0.4727637,0.621739212,0.729554371,0.66456492,0.007762102,-0.000766475,6.21E-05,0.000229011,8.21E-05,-6.11E-05,0.000407798,0.000481617,-0.233243905,-0.148975512,5.2
LE98,0.691699031,0.401027631,0.579771856,0.639685353,0.579772423,0.007327694,-0.001706296,-0.000360337,-0.000256098,0.00025082,0.000335839,-0.000233152,-3.03E-05,-0.266005589,-0.178744225,3.95
LE99,0.720003057,0.399923378,0.555446778,0.626652874,0.575272662,0.007106794,-0.001192557,-0.000144456,-8.92E-05,0.00010968,0.00025412,-0.000267276,-0.000141315,-0.2858042,-0.1555234,3.57
LE100,0.708171298,0.395482028,0.558455319,0.626823478,0.576266778,0.008442247,-0.001468476,-0.000203592,-0.000156415,0.000133771,0.000312671,-0.000286296,-0.000118415,-0.283322002,-0.162973291,2.19
LE101,0.823291502,0.569515161,0.691753965,0.761548761,0.712708029,0.01048103,-9.83E-05,-0.000120985,0.000184058,0.000267244,0.00037503,0.000895768,0.001472636,-0.182205002,-0.122238804,7.55
LE102,0.771818299,0.47732393,0.618440804,0.693023251,0.637695318,0.01128236,-0.000996428,-0.000260884,2.54E-05,0.00032445,0.000472018,1.08E-05,0.000398521,-0.235757276,-0.141116874,5.26
LE103,0.761322326,0.462566011,0.607582355,0.675500222,0.624085977,0.011825396,-0.001158218,-0.000314423,-0.000101885,0.000301265,0.000574912,-0.000173534,0.000242085,-0.244104225,-0.145016343,4.28
LE104,0.69187273,0.367784119,0.531577707,0.602040005,0.547913235,0.010558454,-0.002484601,-0.000283739,-0.000206315,0.000194346,0.000387652,-0.000531978,-0.000377482,-0.305842982,-0.163793588,1.56
LE105,0.964841987,0.729428553,0.756008303,0.805371772,0.754236624,0.007971272,0.000722531,-0.000178918,0.000851258,0.00078769,0.000704123,0.00224961,0.003504743,-0.138946779,-0.02657975,4.1
LE106,0.759174601,0.447953969,0.590053946,0.665000259,0.607769156,0.01172583,-0.000897392,-0.000305621,-8.59E-07,0.000359372,0.000526281,-0.000362302,-4.35E-05,-0.257818959,-0.142099977,2.89
LE107,1.036221903,0.91282909,0.880920474,0.904151075,0.861542755,0.006788645,0.001179703,-0.000427901,0.000870715,0.001094123,0.000576355,0.004417783,0.006225884,-0.063309176,0.031908616,4.4
LE108,0.877819954,0.641954868,0.73130585,0.79337747,0.742484604,0.007761718,0.000628844,-0.000135592,0.000349587,0.00039664,0.000358387,0.001377707,0.002087062,-0.15519739,-0.089350983,6.2
LE109,0.955392113,0.859995454,0.900149208,0.966965927,0.911671857,0.007831278,0.001505286,8.09E-05,0.000850676,0.000481274,-0.000701693,0.004966709,0.005900317,-0.052548922,-0.040153754,18.65
LE110,0.991727063,0.780644405,0.787156501,0.830467361,0.781490827,0.007161288,0.000821487,-0.000178823,0.0008751,0.000803737,0.000652259,0.002846643,0.004240458,-0.119096172,-0.006512096,2.82
LE112,0.728263926,0.708717601,0.973160383,0.993407442,1.019453089,0.00540971,-0.000346929,-7.54E-05,-0.000351345,-0.000149381,-4.41E-05,0.001056972,0.001341361,-0.013602349,-0.264442782,37.57
LE113,0.770725561,0.577082995,0.748752896,0.815749267,0.794292025,0.004753201,-0.001269418,7.77E-06,-3.59E-05,-3.35E-05,2.34E-05,0.000224816,0.000311975,-0.143672159,-0.1716699,16.71
LE114,0.873368448,0.566572807,0.648721405,0.705830647,0.660277775,0.004436089,0.000300237,-6.47E-05,0.000199472,0.000211405,0.000458652,6.72E-05,0.000461144,-0.213061221,-0.082148598,6.27
LE115,0.730171558,0.651000063,0.891571379,0.910469719,0.916644927,0.005099725,-0.000102174,-0.00014296,-0.000358404,-7.45E-05,8.60E-05,0.000872879,0.001207442,-0.057321982,-0.240571316,35.41
LE116,1.008162684,0.898680981,0.891404726,0.924087361,0.88482029,0.005838233,0.000937558,-0.000105537,0.000584297,0.000520323,0.000104376,0.003788121,0.005021039,-0.057415144,0.007276255,15.31
LE117,0.747163255,0.585153818,0.783167285,0.91984865,0.854074226,0.014419574,-0.001415338,0.000231507,0.000248742,-0.000104072,-0.000809891,0.002028702,0.00198389,-0.121599761,-0.198013467,20.09
LE118,0.706641009,0.543746318,0.769480276,0.865508047,0.820147931,0.00525444,-0.001073152,-3.24E-05,-8.59E-05,-2.00E-05,-7.99E-05,0.000435571,0.000502462,-0.130275385,-0.225733958,15.58
LE119,0.930636495,0.793587755,0.852736551,0.911675744,0.869209365,0.011109366,0.001750877,0.000141562,0.000823019,0.000391096,-0.000288167,0.005342745,0.006727077,-0.07948429,-0.059148796,22.27
LE120,0.80820958,0.870819314,1.077467201,1.257602786,1.204701476,0.007319564,-0.00075684,0.000391894,0.000315993,-0.00024739,-0.0012521,0.003146137,0.003079809,0.037289253,-0.206647887,51.92
LE121,0.874748787,0.774918133,0.885875058,0.969351907,0.924223974,0.010590615,0.001785273,0.000300579,0.000573286,3.45E-05,-0.000963538,0.004957455,0.005675014,-0.060515643,-0.110956925,31.35
LE122,0.801723956,0.593993718,0.740895559,0.848896053,0.783823482,0.015557128,-0.00111917,0.000170334,0.000538383,0.000164289,-0.00057234,0.00225156,0.002467741,-0.148833995,-0.146901841,12.21
LE123,0.727878451,0.484029378,0.664986547,0.761299662,0.702637741,0.010634159,-0.001817104,-9.38E-05,-4.06E-05,8.30E-05,-1.59E-05,0.000449904,0.000573274,-0.201210907,-0.180957169,14.52
LE124,0.757846864,0.703377132,0.928125675,1.1123013,1.03700936,0.014852213,-0.001743194,0.000499332,0.000467856,-0.000271,-0.00169424,0.003832473,0.003614049,-0.037276784,-0.224748543,32.5
LE125,0.745048213,0.622709639,0.835797776,1.002807788,0.926857269,0.009708675,-0.001756455,0.000200133,0.000208571,-9.43E-05,-0.000664366,0.001454343,0.001353997,-0.089444614,-0.213088136,21.52
LE126,0.74230585,0.462028527,0.622423395,0.742124185,0.675419782,0.00542836,-0.001507495,4.66E-05,9.16E-05,7.16E-06,-6.82E-05,0.000150665,0.000140769,-0.232723841,-0.160394868,7.33
LE127,0.737797206,0.908275032,1.231063256,1.612129556,1.504528517,0.010485388,-0.001403369,0.000602867,0.000485962,-0.00038067,-0.001930177,0.003817144,0.00340193,0.10356643,-0.322788225,39.98
LE128,0.692541472,0.548152191,0.791508109,0.87791045,0.865964673,0.007290576,-0.000935236,2.82E-05,-0.000206569,-0.000173249,-9.82E-05,0.000729259,0.000870285,-0.116377866,-0.243355918,23.1
LE129,0.841110302,0.626458843,0.744799869,0.825351522,0.775869365,0.00933575,0.00036518,8.01E-05,0.000327682,0.000127775,-3.85E-05,0.001526428,0.001957616,-0.146263268,-0.118341027,15.97
LE130,0.683208316,0.46337684,0.678236534,0.761534548,0.720340909,0.008257547,-0.001753052,-9.65E-05,-0.000193917,-1.78E-05,4.90E-05,0.000227248,0.000336023,-0.191727125,-0.214859694,16.17
LE131,0.715483517,0.460459116,0.643563556,0.739598726,0.687915201,0.008135735,-0.001868405,-2.80E-05,-4.51E-05,2.39E-06,1.47E-05,0.000159506,0.00021983,-0.216868063,-0.18310444,10.32
LE132,0.715714405,0.522933787,0.730645887,0.852626417,0.787940298,0.007333644,-0.001418705,7.79E-06,5.92E-06,-5.16E-06,-0.000187105,0.000517312,0.000521696,-0.155637912,-0.207712101,16.1
LE133,0.714234605,0.688448887,0.963897412,1.180404221,1.107724481,0.009445295,-0.001873221,0.0002438,0.000148502,-0.000186491,-0.000831351,0.001722882,0.00156792,-0.018383134,-0.275448524,27.06
LE134,0.788510834,0.82650859,1.048189263,1.305267878,1.22584427,0.00823101,-0.001909552,0.000381799,0.000346558,-0.000214785,-0.000993689,0.00202232,0.00182589,0.023527739,-0.221680673,30.56
LE135,0.885977124,4.871992871,5.499005268,8.952576752,9.160665214,0.018490812,-0.005441733,0.001881785,0.001475189,-0.001216475,-0.012114584,0.021135863,0.017674626,0.692260597,-0.627012398,531.7
LE136,0.797278877,1.0576606,1.326588012,1.737326262,1.649306258,0.008819709,-0.002086315,0.000558878,0.000471214,-0.000338855,-0.001565859,0.003139033,0.002815029,0.140372086,-0.268927412,38.02
LE137,0.852866341,0.738875207,0.866343496,0.974047702,0.920135611,0.009637375,0.000155936,0.000336381,0.00051777,-4.52E-05,-0.000867324,0.00315288,0.003401955,-0.071614097,-0.127468289,35.12
LE138,0.691205784,0.508260632,0.735324623,0.849740217,0.795057282,0.01029096,-0.001973072,-2.15E-05,-0.000105438,-4.61E-05,-0.000213625,0.000713247,0.000755407,-0.152522112,-0.227063991,15.05
LE139,0.690789905,0.455379782,0.659216035,0.740950657,0.699097854,0.006791631,-0.001427013,-7.39E-05,-0.000139288,-7.32E-06,6.38E-05,0.00014581,0.000241918,-0.205388544,-0.203836252,12.39
LE140,0.719645704,0.570944029,0.793368217,0.942989672,0.900151583,0.008796454,-0.001878478,0.000186011,6.60E-05,-0.000174368,-0.000362898,0.000818565,0.000771074,-0.115219943,-0.222424188,17.16
LE141,0.799685893,1.299554317,1.625080958,2.299252307,2.132627279,0.014296117,-0.00328395,0.001105856,0.00101392,-0.00061524,-0.003539925,0.006884859,0.006088287,0.238118735,-0.32552664,111.87
LE142,0.805520857,1.054913985,1.309604805,1.717159615,1.590736618,0.009836216,-0.002040357,0.000674361,0.000663383,-0.000344621,-0.002092587,0.004179863,0.003742298,0.134050988,-0.25469082,54.72
LE143,0.881733891,1.849453345,2.097518722,3.011297706,2.814807474,0.013103079,-0.003375538,0.001327059,0.001276707,-0.000697658,-0.004816725,0.009770576,0.008808644,0.354321901,-0.248065377,110.88
LE144,0.81920653,1.001845697,1.222946424,1.644572624,1.516496564,0.00911962,-0.002145928,0.000668479,0.000669505,-0.000333544,-0.001731032,0.003262676,0.002841624,0.100293206,-0.221100727,31.45
LE145,0.895859682,1.138762708,1.271139589,1.538966132,1.454370891,0.012793902,-0.002176932,0.001113301,0.001218737,-0.000485188,-0.003422691,0.007782245,0.007353082,0.119384819,-0.132376881,120.78
LE146,0.721296771,0.585441534,0.8116514,0.981235402,0.914074318,0.011077632,-0.001974683,0.000253116,0.000179771,-0.00017627,-0.000706412,0.001444924,0.001307482,-0.103965144,-0.226209866,22.04
LE147,0.701616684,0.557072813,0.793984558,0.927802777,0.869868075,0.008196248,-0.001450933,4.69E-05,-2.44E-05,-7.18E-05,-0.000320727,0.000844696,0.000839467,-0.114836798,-0.236911745,15.91
LE148,0.771264384,0.583914139,0.757086871,0.922188949,0.84787485,0.008770042,-0.002071048,0.000241694,0.0002843,-9.20E-05,-0.000464266,0.000911417,0.000809509,-0.138247649,-0.173172732,16.24
LE149,0.799415999,1.102062842,1.37858492,1.798542507,1.689849032,0.012262738,-0.002089664,0.000946051,0.000849629,-0.000538378,-0.002988291,0.006111502,0.005529826,0.159163929,-0.276522079,73.33
LE150,0.708073325,0.514252796,0.72627054,0.844624699,0.795092237,0.008507186,-0.002353517,3.91E-05,-1.66E-05,-5.73E-05,-0.000132868,0.000409711,0.000425658,-0.158566953,-0.212017744,12.97
LE151,0.867629289,1.321971106,1.523658921,1.997429895,1.870103041,0.014965693,-0.00296226,0.001425843,0.001433243,-0.000707906,-0.004588193,0.009511787,0.008657551,0.207499879,-0.201687815,116
LE152,0.790614747,1.627342962,2.05832609,3.21350757,2.995948718,0.014021894,-0.002400098,0.001610787,0.00139654,-0.000950605,-0.005374847,0.010356578,0.009117692,0.346047498,-0.430983128,113.49
LE153,0.807575015,1.351417668,1.673426794,2.249601043,2.125456296,0.015180266,-0.002607121,0.001318962,0.001153309,-0.000771757,-0.00462164,0.009562705,0.008696659,0.251896478,-0.322009126,92.55
LE154,0.735759575,0.612606734,0.832618092,0.993857711,0.925110184,0.00846443,-0.001379645,0.000157119,0.000130504,-9.66E-05,-0.000511912,0.001187154,0.001129999,-0.091334855,-0.220011358,22.55
LE155,0.795583905,0.623171139,0.783287765,0.941527703,0.867648252,0.009234605,-0.001615713,0.000330039,0.000426711,-9.95E-05,-0.000659253,0.001383629,0.001266018,-0.121523985,-0.160116626,18.89
LE156,0.875741611,0.884416887,1.009906205,1.166558944,1.097787378,0.015144489,-0.000541806,0.001023188,0.001359349,-0.000283751,-0.003032537,0.008118978,0.008109596,0.00492869,-0.125489318,46.9
LE157,0.733718216,0.461214692,0.628599211,0.720817452,0.664146702,0.008597125,-0.001858628,-6.84E-05,-5.96E-06,7.65E-05,7.51E-05,0.000152766,0.000260249,-0.228049226,-0.167384519,8.88
LE158,0.842254402,0.999833571,1.187092129,1.440602264,1.351816683,0.009217489,-0.000665874,0.000767183,0.000823316,-0.000345546,-0.002505792,0.005645706,0.005315824,0.08554378,-0.187258558,66.56
LE159,0.679488526,0.390135501,0.574160543,0.674077464,0.609891161,0.007375735,-0.002164666,-9.03E-05,-6.05E-05,6.54E-05,4.30E-05,-3.36E-05,-8.72E-06,-0.270518442,-0.184025042,5.56
LE160,0.891289426,1.011291489,1.134638714,1.317605649,1.249728308,0.012373973,-0.000202589,0.001066256,0.001256522,-0.000404169,-0.003370348,0.008669019,0.008551203,0.063073303,-0.123347225,45.6
LE161,0.835688693,0.811706598,0.971302598,1.140252319,1.061671699,0.013868087,-0.000419387,0.000803864,0.001089596,-0.000208269,-0.002594868,0.006450595,0.006292076,-0.014557583,-0.159596,41.23
LE162,0.887442509,0.852605821,0.960744851,1.09975482,1.031311278,0.012283472,-0.00051603,0.000765021,0.001178014,-0.000102593,-0.002195699,0.00626324,0.006373027,-0.020020529,-0.10813903,39.43
LE163,0.812517527,0.70891439,0.872491198,1.023076379,0.954542838,0.012272334,-0.001050544,0.000542958,0.000683895,-0.000175955,-0.001419379,0.003601408,0.00353681,-0.068095808,-0.163576808,28.04
LE164,0.712304137,0.62066507,0.8713484,1.026790551,0.968803899,0.011378075,-0.000758507,0.000227121,5.33E-05,-0.000231357,-0.000961798,0.002358298,0.002289651,-0.068748075,-0.25068333,29.32
LE165,0.678793023,0.374126896,0.551164911,0.624109781,0.57589538,0.006021407,-0.001940578,-0.000120499,-0.0001306,5.34E-05,0.000172757,-0.000212865,-0.000136678,-0.28935356,-0.177038015,3.97
LE166,0.876731087,0.949689928,1.083216896,1.264551824,1.187224731,0.0153386,-0.001027742,0.001069867,0.001386792,-0.000320129,-0.003509153,0.008909434,0.008751429,0.039946343,-0.133526969,61.91
LE167,0.701205133,0.617062765,0.880003205,1.015309829,0.962220517,0.009471173,-0.001338524,5.09E-05,-8.32E-05,-0.000116372,-0.000548178,0.001640802,0.001691582,-0.063827974,-0.26294044,29.45
LE168,0.799034135,1.982140169,2.480670204,3.830807085,3.582041023,0.019781473,-0.003388872,0.002203691,0.001916567,-0.001296452,-0.008923483,0.016107447,0.013721261,0.425398017,-0.498530034,180.38
LE169,0.833080434,0.726831364,0.872462411,1.015358166,0.942556642,0.016002999,-0.001006644,0.000672751,0.001048387,-8.18E-05,-0.001907546,0.005113849,0.005110006,-0.068112229,-0.145631047,33.49
LE170,0.703882103,1.855211117,2.635684457,4.615724187,4.429639677,0.019426624,-0.00372943,0.001816029,0.001335105,-0.001233975,-0.006721122,0.012046314,0.010223071,0.449897255,-0.78047334,166.81
LE171,0.596729086,1.072285339,1.796938283,3.345999899,3.142475278,0.016915649,-0.00260424,0.001257417,0.00078976,-0.000945676,-0.003651467,0.006100045,0.004974811,0.28493238,-0.724652943,35.15
LE172,0.754545306,0.727322964,0.96392219,1.16808669,1.098038283,0.016391916,-0.001580329,0.00069479,0.000554975,-0.000442158,-0.002053222,0.004458628,0.004137596,-0.018370285,-0.236599226,33.54
LE173,0.774961249,1.310492596,1.691042744,2.415610197,2.291540734,0.018691648,-0.003214857,0.001643049,0.001334474,-0.00103067,-0.005123143,0.009992396,0.008848138,0.256793671,-0.380550147,89.16
LE174,0.723528007,0.571231028,0.789507831,0.948160617,0.883777739,0.011728611,-0.001550753,0.000260844,0.000184088,-0.000182445,-0.000705909,0.001536246,0.001426887,-0.117625732,-0.218276803,17.74
LE175,0.666631677,0.371184692,0.556806262,0.641139307,0.581228381,0.005572576,-0.001619187,-0.000109148,-9.36E-05,6.51E-05,9.15E-05,-0.00011305,-7.28E-05,-0.284681369,-0.18562157,3.63
LE176,1.084470948,0.955616824,0.881182502,0.895839714,0.853272159,0.005789044,0.000748175,-0.000552132,0.001120464,0.001409715,0.00096013,0.005214981,0.007577202,-0.063161069,0.074434321,5.12
LE177,0.825832905,0.628849648,0.761473229,0.838306204,0.805479125,0.00714383,0.001036965,0.00018422,0.000155637,-0.000111483,-3.67E-05,0.001562511,0.002006118,-0.135413225,-0.132623581,16.14
LE178,1.118893168,1.075642584,0.961345207,0.96328398,0.930093054,0.004185387,0.000607104,-0.000455683,0.00107102,0.001262607,0.000451322,0.005076846,0.006982838,-0.019708307,0.114297377,4.81
LE179,0.834807725,0.666802945,0.798750329,0.880725298,0.841354379,0.010689075,0.001737475,0.000255516,0.000326275,-7.98E-05,-0.000354173,0.002945655,0.003549841,-0.111883049,-0.131947384,21.67
LE180,0.695541739,0.394584856,0.567305791,0.643393541,0.583789752,0.009723455,-0.001962317,-0.000276697,-0.000181228,0.000203056,0.000280932,-0.000308777,-0.000173556,-0.276075168,-0.172720935,3.44
LE181,0.905001351,0.614735188,0.679264387,0.736627077,0.685335373,0.009438094,0.000729382,-0.00017622,0.000633318,0.000636797,0.000878023,0.000761531,0.001707355,-0.190997687,-0.064529199,2.99
LE182,0.615988716,0.614925631,0.998274182,1.070782557,1.087475817,0.005731422,0.000426634,-0.000108986,-0.000506121,-0.000214676,-0.000298929,0.001448189,0.001643588,-0.000863654,-0.38334855,43.02
LE183,0.590731512,0.623607728,1.055653397,1.058144798,1.145852224,0.004062883,-4.40E-05,-9.34E-05,-0.000445455,-0.000191909,-5.71E-05,0.000815698,0.001016395,0.027073337,-0.432045669,42.01
LE184,0.867565671,0.676594716,0.779877234,0.855834065,0.808706832,0.006436138,0.001059034,0.000100274,0.000352912,0.000121095,-9.50E-05,0.001820373,0.002294641,-0.123673005,-0.103282518,19.99
LE185,0.707770017,0.580203672,0.819763,0.885947886,0.875890994,0.005264487,0.000481729,-4.75E-05,-0.000319103,-0.000160357,-4.58E-05,0.000931652,0.001176641,-0.099044216,-0.239559327,33.76
LE186,0.926899027,0.817959538,0.882468871,0.950313094,0.908199815,0.00719756,0.001614078,0.000251625,0.000662241,0.000152493,-0.000572767,0.004505578,0.005404447,-0.062434567,-0.064509333,28.91
LE187,0.635264397,0.560840189,0.882845302,0.942707571,0.957778293,0.004762575,6.76E-05,-7.57E-05,-0.000387966,-0.000173829,-7.44E-05,0.000785688,0.00096315,-0.062222158,-0.322005114,36.06
LE188,0.650419034,0.41610308,0.63974616,0.668737583,0.64522809,0.003723721,-0.00100776,-0.000127842,-0.000188518,2.28E-05,0.000156868,-4.93E-05,6.35E-05,-0.219700981,-0.223643081,10.24
LE189,0.683429552,0.429065756,0.627812705,0.688853398,0.649270781,0.003102127,-0.000510066,-8.80E-05,-0.000118063,2.37E-05,0.000104913,-1.79E-05,6.21E-05,-0.228642579,-0.198746949,8.31
LE190,0.712738307,0.568395825,0.797481796,0.891832115,0.84307486,0.007990616,9.10E-05,-0.000115484,-0.000214183,-9.15E-06,-0.000235605,0.001210546,0.001385503,-0.112667736,-0.229085971,28.35
LE191,0.644554611,0.349480802,0.542205106,0.582684171,0.527179668,0.004243029,-0.001586496,-0.000197294,-0.000171509,0.000116124,0.000185237,-0.000181145,-8.52E-05,-0.296844364,-0.192724305,3.04
LE192,0.774229689,0.540793942,0.698492902,0.764954383,0.735546096,0.007341294,-0.000235068,-1.04E-05,-0.000104014,-5.82E-05,0.000212392,0.000421323,0.000721967,-0.177514488,-0.15769896,11.18
LE193,0.880340409,0.78904224,0.896292198,0.972428898,0.930324991,0.008424472,0.001555637,0.00019206,0.000402712,4.67E-05,-0.000723324,0.004195965,0.004878398,-0.054689779,-0.107249958,32.08
LE194,0.762132721,0.581004211,0.762339937,0.842718064,0.805662241,0.007791816,0.000750429,-1.69E-05,-0.000133702,-7.07E-05,-8.08E-05,0.001278368,0.001599979,-0.134854836,-0.181335726,25.88
LE195,0.706739082,0.460429998,0.651485123,0.721630033,0.641507241,0.004095299,-0.00048984,-0.000277554,-0.000135892,0.000234792,0.000118855,6.71E-05,0.000184182,-0.211031194,-0.191055125,8.61
LE196,0.756833896,0.532664039,0.703805739,0.783097535,0.739972568,0.010423546,0.000124833,-8.43E-05,-0.000115425,2.11E-05,0.000107949,0.000818099,0.00115392,-0.173842742,-0.1711417,14.92
LE197,0.827675529,0.822839138,0.994156658,1.163815032,1.096839014,0.008497494,-0.001418837,0.000350654,0.000386198,-0.000151236,-0.00104778,0.002617183,0.002556964,-0.002930232,-0.17131752,35.15
LE198,0.66537929,0.392699029,0.590188235,0.600166974,0.592028251,0.004248345,-0.001494415,-0.000107968,-0.0001763,7.67E-06,0.000200199,-0.000122003,4.07E-06,-0.257712738,-0.197489206,6.7
LE199,0.831758222,1.450245746,1.743590514,2.249096476,2.155100773,0.009562659,-0.001807164,0.00074588,0.000639082,-0.000445325,-0.002842224,0.006182594,0.005741418,0.271028242,-0.293344768,88.92
LE200,0.884578382,0.948338446,1.072079609,1.277186257,1.201520554,0.008847661,-0.002157384,0.00050625,0.000594211,-0.000193506,-0.001321891,0.002997208,0.002828913,0.03478612,-0.123741164,26.39
LE201,0.820722991,0.751838541,0.916068575,1.021480732,0.973516593,0.008274885,0.000803046,0.000217859,0.000239488,-9.43E-05,-0.000915156,0.003326899,0.003589753,-0.043803978,-0.164230034,36.51
LE202,0.802436109,0.709195828,0.883803483,1.026017011,0.964495054,0.008281064,-0.001382359,0.000225284,0.000250574,-9.55E-05,-0.000634344,0.001755314,0.001770621,-0.061681868,-0.174607655,28.86
LE203,0.721648131,0.45592205,0.631778884,0.719063405,0.671132535,0.005949999,-0.001399648,-2.79E-05,-3.84E-05,6.80E-06,5.17E-05,4.56E-05,0.000101533,-0.225656258,-0.175856833,8.03
LE204,0.732163915,0.491572338,0.671396566,0.77902876,0.714644526,0.008703994,-0.0013388,-2.43E-05,3.79E-05,5.43E-05,-0.000100747,0.000394749,0.000432323,-0.19660411,-0.179824228,7.92
LE205,1.039069567,3.878001696,3.732186774,5.589921106,5.842444793,0.012728716,-0.004361061,0.001411464,0.001152437,-0.000881295,-0.006095771,0.012488128,0.011308049,0.577362413,0.145814921,143.23
LE206,0.798859572,0.618115714,0.773747647,0.908897045,0.85902788,0.00754914,-0.002246618,0.000181588,0.000171257,-9.78E-05,-0.000253085,0.000514828,0.000464725,-0.127556112,-0.155631933,18.4
LE207,0.955591441,1.331800285,1.393692145,1.6623882,1.610405651,0.008119141,-0.001946004,0.000786753,0.000785317,-0.00039435,-0.002260431,0.00529966,0.005064736,0.164470668,-0.06189186,97.5
LE208,0.916458132,0.963732917,1.051584228,1.225074468,1.140847838,0.008577478,-0.001655896,0.000410963,0.000628543,-5.80E-05,-0.001254658,0.003211876,0.003163387,0.025143607,-0.08785131,49.79
LE209,0.801381504,0.938105277,1.170610093,1.296744851,1.297147772,0.008089625,0.001164385,0.000502278,7.46E-05,-0.000540988,-0.00177787,0.005455958,0.005661392,0.078600064,-0.232504816,71.27
LE210,0.841598503,0.601917165,0.715207029,0.796494704,0.73994057,0.009746827,-0.000986804,-3.72E-07,0.000333794,0.000226677,5.04E-05,0.001026109,0.001378086,-0.166039998,-0.113289864,13.98
LE211,0.73591584,0.463466999,0.62978261,0.714290897,0.664827116,0.006559551,-0.001924502,-3.02E-05,-2.20E-05,2.07E-05,6.24E-05,-3.33E-06,4.65E-05,-0.227157528,-0.166315612,7.64
LE212,0.777123553,0.481552741,0.619660464,0.690855259,0.634703763,0.008959455,-0.001389093,-0.000186853,6.43E-06,0.000224431,0.000310276,-2.15E-05,0.00022468,-0.234826709,-0.138107723,6.82
LE213,0.857315993,1.069471322,1.247464565,1.596362896,1.488200533,0.01210721,-0.00359148,0.000765475,0.000801988,-0.00035799,-0.002118842,0.004198992,0.003745842,0.110108328,-0.177993243,52.36
LE214,0.860416671,1.066143846,1.239101801,1.622083833,1.486000008,0.01124656,-0.003292821,0.000759769,0.000857792,-0.000313447,-0.002118492,0.004102425,0.003620297,0.106784694,-0.172957955,42.9
LE215,0.979214444,2.51769514,2.571137666,3.639398937,3.533592308,0.010198028,-0.00325541,0.001085372,0.001004049,-0.000597805,-0.004179257,0.008839681,0.00811481,0.439954382,-0.053442526,74.3
LE216,0.968085554,1.517731372,1.567765747,1.958690277,1.876771763,0.007611803,-0.002052443,0.000777247,0.000798973,-0.000373898,-0.002368574,0.005240373,0.004899412,0.221112751,-0.050034376,49.63
LE217,0.733471208,0.639083447,0.871313611,0.966497339,0.932346961,0.010115697,-0.001953085,4.50E-06,-0.00013955,-9.99E-05,-0.000311598,0.001339114,0.001491143,-0.068767944,-0.232230164,20.22
LE218,0.903015523,1.003492642,1.111268429,1.339617492,1.243507076,0.010281544,-0.002701707,0.000602221,0.000793239,-0.000171644,-0.001722285,0.003773632,0.003514538,0.052702171,-0.107775787,30.36
LE219,0.842628757,1.064850612,1.26372451,1.634210277,1.561782138,0.020043335,-0.004229862,0.001688954,0.001492209,-0.000977826,-0.004098951,0.008259414,0.007424106,0.116500267,-0.198873897,52.87
LE220,0.771571623,0.430496825,0.557947975,0.568487092,0.551022627,0.004699688,-0.001826383,-0.000104753,-0.000121062,4.13E-05,0.000276166,-0.000263095,-0.000117913,-0.283739914,-0.12745115,5.63
LE221,0.921267491,1.580936651,1.716045196,2.268091578,2.128376418,0.013879771,-0.003574087,0.00137014,0.001420311,-0.000651065,-0.00460815,0.009544752,0.008684252,0.263635228,-0.135108544,100.53
LE222,0.835143603,1.037226854,1.241974255,1.578481646,1.53894289,0.01316966,-0.002799962,0.001063231,0.000836733,-0.00068513,-0.002405105,0.004841889,0.004350426,0.107929096,-0.204747401,51.57
LE223,0.894248788,1.201498914,1.343584616,1.578369617,1.5071677,0.009475048,-0.001066563,0.000772653,0.00081854,-0.000355225,-0.002876215,0.006951608,0.006715783,0.146606448,-0.142085702,81.47
LE224,0.876880216,0.943248899,1.075687285,1.31654569,1.227562519,0.010843958,-0.002407796,0.000715158,0.000836952,-0.000275029,-0.001800503,0.003936894,0.003663573,0.036463723,-0.132438386,42.47
LE225,0.735606873,0.438688198,0.596362289,0.67606996,0.656634359,0.007756388,-0.002341386,9.12E-05,-2.81E-05,-0.00012647,0.00012436,-1.75E-06,9.90E-05,-0.252848438,-0.15767409,6.22
LE226,0.846487033,0.858798136,1.014543758,1.303252162,1.155710734,0.010540329,-0.002117846,0.000595859,0.000904337,-8.89E-05,-0.001771443,0.003471613,0.003080964,0.007219381,-0.155745622,29.29
LE227,0.767487882,1.270855963,1.655864532,2.449690376,2.228122202,0.01989623,-0.004168247,0.001551357,0.001436615,-0.000853448,-0.005113884,0.009573088,0.008309308,0.246949543,-0.385008569,68.01
LE228,0.758520944,0.54267335,0.715436211,0.822668389,0.763154174,0.00695956,-0.002170132,1.67E-05,4.21E-05,8.79E-06,-8.13E-05,0.00025312,0.000263621,-0.165884215,-0.172762861,13.36
LE229,0.903308379,5.271881436,5.836192332,11.21809633,10.40046963,0.02375393,-0.006946369,0.002823948,0.002581406,-0.001576363,-0.018057111,0.019839407,0.011145746,0.707439478,-0.564310896,140.89
LE230,0.785680574,1.005445791,1.279713187,1.640617023,1.454266867,0.018690817,-0.002677998,0.000846808,0.001265007,-0.000139958,-0.004518149,0.009114819,0.008197332,0.122696657,-0.274267396,59.87
LE231,0.987672865,4.526566625,4.583062656,8.349152009,7.809532603,0.019438093,-0.0061499,0.002468653,0.002331293,-0.001327427,-0.012624937,0.017674562,0.012748818,0.641773678,-0.056496031,93.65
LE232,0.843652382,1.205182871,1.428530159,1.860505177,1.721506506,0.014247241,-0.003339638,0.001028332,0.001082588,-0.000477392,-0.00345619,0.007128087,0.006473413,0.176456594,-0.223347288,72.35
LE233,0.745870342,0.437650225,0.586764483,0.67408075,0.629838922,0.007841826,-0.002093376,3.11E-05,2.90E-05,-1.70E-05,0.000113568,-8.65E-05,-2.02E-05,-0.260426498,-0.149114257,8.95
LE234,0.832974645,0.879225597,1.055525042,1.314386222,1.228685583,0.013932248,-0.002943357,0.000872309,0.000904513,-0.000414327,-0.002123439,0.004407195,0.004013393,0.027012583,-0.176299445,41.19
LE235,0.778440582,0.774986124,0.995562335,1.189100856,1.103143751,0.011077864,-0.001829081,0.000364428,0.000415414,-0.000147656,-0.001473683,0.003404411,0.003235892,-0.002223767,-0.220576211,52.5
LE236,0.870406187,0.966288117,1.110157684,1.266236709,1.211996732,0.01237348,-0.000262705,0.000838999,0.000890665,-0.000384482,-0.002819923,0.00774899,0.00780064,0.052203532,-0.143869567,39.63
LE237,0.810175716,0.887264296,1.095150445,1.283584808,1.256498165,0.01039515,-0.000805642,0.000790054,0.000502397,-0.000589995,-0.001954258,0.004831201,0.004703665,0.045414612,-0.207886149,69.27
LE238,0.790972544,0.877549477,1.109456306,1.324118055,1.260161179,0.013600484,-0.001314746,0.000763196,0.000622414,-0.000477016,-0.002511078,0.005828665,0.005549921,0.051888397,-0.231906829,54.02
LE239,0.811003182,0.821470502,1.012906632,1.192791609,1.104208234,0.013362824,-0.001255341,0.0004905,0.000701937,-0.000101943,-0.002179031,0.005327675,0.005167533,0.006411938,-0.191436131,63.91
LE240,0.742417727,0.649536084,0.874893015,0.990941598,0.951162879,0.01030795,-0.001832046,0.000120946,-3.55E-05,-0.000166505,-0.000543117,0.001821239,0.001930819,-0.066727533,-0.225356932,45.48
LE241,0.726707604,0.651654417,0.896721616,1.043554288,1.007666445,0.013969396,-0.0011947,0.00040631,5.71E-05,-0.000439862,-0.001131788,0.003020536,0.003014128,-0.054450997,-0.245067199,31.98
LE242,0.863944401,1.017217471,1.177410803,1.379567191,1.3295331,0.013849061,-0.00096762,0.001193383,0.001086323,-0.000669255,-0.003456875,0.00856399,0.008343881,0.081477874,-0.160193332,35.23
LE243,0.753893415,0.881922109,1.169823335,1.349070514,1.328074432,0.013081145,1.36E-05,0.000656184,0.000156674,-0.000666649,-0.002478938,0.006464828,0.006405035,0.078265973,-0.287901226,70.64
LE244,0.729352079,0.81394318,1.115981162,1.274300292,1.202331888,0.00966009,-0.000920297,3.38E-05,-3.87E-05,-6.61E-05,-0.00114007,0.003087342,0.003094435,0.054812001,-0.302037982,45.97
LE245,0.839432621,1.081135526,1.28793604,1.423958557,1.387685645,0.012075511,0.00017396,0.000562738,0.00035516,-0.00042206,-0.003546291,0.008626374,0.008352349,0.125849689,-0.206800514,106.76
LE246,0.744914227,0.909553553,1.22101783,1.391434584,1.37341996,0.011438717,-4.74E-05,0.000428671,5.36E-06,-0.000501248,-0.002063499,0.005613092,0.005633529,0.099511957,-0.311464277,93.65
LE247,0.801520972,0.901347715,1.124546639,1.255620414,1.196515905,0.010361979,0.001614363,0.000209193,0.000184213,-0.000121527,-0.002302941,0.006896996,0.007111493,0.05862269,-0.223198924,69.37
LE248,0.751240719,0.740739225,0.986021133,1.13231366,1.080114534,0.012669648,-0.000371283,0.000293364,0.000103433,-0.000275413,-0.001516753,0.004078139,0.004078704,-0.007038629,-0.245281908,46.75
LE249,0.668395997,0.511619728,0.765444033,0.883298367,0.841191463,0.010910923,-0.001583802,1.00E-05,-0.000201905,-0.000148622,-0.000293922,0.00088966,0.000919886,-0.132859475,-0.253824305,22.62
LE250,0.689056284,0.567052164,0.82294027,0.932749012,0.891810191,0.01181168,-0.00091547,-2.11E-05,-0.000261455,-0.000152328,-0.000430085,0.001628757,0.001772061,-0.097128652,-0.255888106,25.22
LE251,0.750977482,0.632169032,0.841794924,0.940915237,0.890707581,0.00875659,0.000694392,-3.64E-05,-9.85E-05,-2.38E-05,-0.000494009,0.002070231,0.002295255,-0.085897227,-0.209625891,28.93
LE252,0.822984525,0.984842965,1.19667252,1.402249591,1.345353988,0.013051316,0.000501699,0.000997699,0.000841095,-0.000604993,-0.003573261,0.008854886,0.008628142,0.089532017,-0.211829555,84.24
LE253,0.732234002,0.670862069,0.916185356,1.024580405,0.921565833,0.009442199,0.000774734,-0.000535504,-0.000190493,0.000501593,-0.000795231,0.002750598,0.002936481,-0.043740364,-0.245323286,32.44
LE254,0.749900793,0.827144419,1.103005126,1.248049518,1.212293696,0.011752218,0.00159802,0.000377797,-2.51E-05,-0.000462006,-0.002228352,0.006338068,0.006443939,0.048979969,-0.275860707,64.3
LE255,0.702992711,0.736555467,1.047742681,1.187939108,1.136898905,0.012108381,0.001436149,3.85E-05,-0.000325175,-0.000265721,-0.001858616,0.005277908,0.005363628,0.023314785,-0.311187213,56.4
LE256,0.680262446,0.691306223,1.016234583,1.070293582,1.046801061,0.007875442,0.00036619,-0.000329295,-0.000613751,-2.82E-05,-0.000403461,0.002064541,0.002361584,0.008051932,-0.32492836,54.5
LE257,0.720300583,0.63107622,0.876128986,0.983354013,0.95614327,0.011481606,0.000488879,0.000145939,-0.000251194,-0.000342137,-0.000738472,0.002654476,0.002857456,-0.066024786,-0.245052766,35.04
LE258,0.756471601,0.476767525,0.630251716,0.719295872,0.65665831,0.01048775,-0.001293904,-0.000134993,6.43E-05,0.000202578,0.00012881,0.000223379,0.000395971,-0.226804413,-0.153484191,10.8
LE259,0.693623586,0.389814578,0.561997294,0.635579801,0.577501141,0.005322887,-0.001682105,-0.000118921,-8.25E-05,8.41E-05,0.000127939,-0.000151075,-9.27E-05,-0.280411949,-0.172182716,4.74
LE260,0.744155272,0.642095344,0.8628513,0.970814351,0.928601418,0.009948233,0.000323895,8.68E-05,-8.59E-05,-0.000160423,-0.000635063,0.002360376,0.002558451,-0.073622999,-0.220755956,34.52
LE261,0.738130232,0.503733767,0.682445652,0.79050935,0.726550695,0.007708098,-0.001077598,-1.23E-05,4.75E-05,4.67E-05,-0.000113142,0.000543554,0.000616125,-0.18874568,-0.178711885,12.34
LE262,0.82158,0.682465295,0.830674183,0.920167616,0.86412728,0.011439917,0.00054603,1.55E-06,0.000255835,0.00017157,-0.00059267,0.003083834,0.003535662,-0.092493694,-0.148208887,25.81
LE263,0.742696564,0.486518899,0.655070891,0.740102158,0.69385137,0.00956558,-0.000957792,-4.16E-05,-5.25E-05,1.34E-05,0.000115584,0.000338022,0.000534584,-0.208407453,-0.168551991,13.46
LE264,0.68388428,0.404864795,0.592007752,0.647652867,0.624791667,0.00743944,-0.001750072,-0.000109761,-0.000251815,-4.14E-05,0.000286776,-0.000153484,3.36E-05,-0.25627529,-0.187142957,8.59
LE265,0.721581915,0.456165205,0.632173833,0.707018142,0.660577048,0.009142114,-0.00116543,-0.000163352,-0.000173717,7.47E-05,0.000233052,4.53E-05,0.000248888,-0.225359677,-0.176008628,9.69
LE266,0.827954163,0.583614466,0.70488741,0.781375891,0.718272511,0.011719451,-0.000193146,-0.000273466,0.000311582,0.000533266,0.000209717,0.001245518,0.00179374,-0.173097993,-0.121272944,10.8
LE267,0.808367813,0.50409521,0.623596341,0.699494847,0.641932935,0.011614216,-0.000525353,-0.000165529,0.000256478,0.000368792,0.00045299,0.00012136,0.000527048,-0.231833277,-0.119501131,5.46
LE268,0.866920905,0.711883849,0.821163551,0.891716963,0.842358726,0.008345545,0.000713053,-2.86E-05,0.000286665,0.000228,-0.000199155,0.002540391,0.003148016,-0.098199005,-0.109279702,22.88
LE269,0.725529126,0.523629248,0.721720506,0.804119067,0.771743801,0.011090527,-0.000540381,-2.21E-05,-0.000252376,-0.000145046,1.15E-05,0.00094721,0.001243594,-0.161628727,-0.198091258,22.88
LE270,0.700356166,0.492507064,0.703223714,0.755658131,0.736851383,0.008171499,-0.001199779,-0.000143127,-0.000338164,-6.06E-05,0.000227385,0.000304495,0.000581948,-0.174243867,-0.210716649,19.7
LE271,0.793599173,0.507151099,0.63905195,0.718399262,0.656229832,0.011151848,-0.001020691,-0.00020833,0.000162207,0.000355307,0.000291797,0.000303342,0.000632901,-0.220217577,-0.131900851,6.29
