,412,442,490,510,560,620,665,673,681,708,753,761,764,767,778,Chla
1,0.014657456,0.015732658,0.019613861,0.021398613,0.02408061,0.008054233,0.005141367,0.005093784,0.004781689,0.002645233,0.00070956,0.000755249,0.000589053,0.000411684,0.000695352,4.31
2,0.017242231,0.017929887,0.021742427,0.024449805,0.032669827,0.019371147,0.014539364,0.013746981,0.012723601,0.00877698,0.002354056,0.002126172,0.00192499,0.002041112,0.002072349,4.25
3,0.018156934,0.02129882,0.027983528,0.030844419,0.035837311,0.016075813,0.010750291,0.01034043,0.009428205,0.005434361,0.001561818,0.00125862,0.001020571,0.001073665,0.00153663,2.55
4,0.020080442,0.025437727,0.035713332,0.041584096,0.056629337,0.048483135,0.038169572,0.036299397,0.034573347,0.031214684,0.008373786,0.008596268,0.007868646,0.007506287,0.009348983,15.87
5,0.028837418,0.034925957,0.04627179,0.051717685,0.061331019,0.034705189,0.0247508,0.023643151,0.021894474,0.014805184,0.004050916,0.004425444,0.00387621,0.003556225,0.004418591,6.73
6,0.020475733,0.021191259,0.024853639,0.026127604,0.026559338,0.008093403,0.004976426,0.004875238,0.004576486,0.002412169,0.000548599,0.000309297,0.000292353,0.000492695,0.000601764,2.24
7,0.023337548,0.027921592,0.036661621,0.040270801,0.046895376,0.02237824,0.015027419,0.014355303,0.013149636,0.00799583,0.002137759,0.001927685,0.00167056,0.001595698,0.002093316,3.27
8,0.020219595,0.022557549,0.028658683,0.030192664,0.030805816,0.010922893,0.007392993,0.007212808,0.006632626,0.003834751,0.001053679,0.00101158,0.000758951,0.000712113,0.000955718,2.48
9,0.024212502,0.029081526,0.03900223,0.045590697,0.065917906,0.064135933,0.055084042,0.053188941,0.050328899,0.046786595,0.012935649,0.013037087,0.011741759,0.011299396,0.014248388,11.79
10,0.012525579,0.014290802,0.018740767,0.020500541,0.023071186,0.009104709,0.005967612,0.005755011,0.00531838,0.003076196,0.000964984,0.000737913,0.000477704,0.000494699,0.001030025,3.54
11,0.019875817,0.022127744,0.025738744,0.027319881,0.029193152,0.014862643,0.010245875,0.009863684,0.009031947,0.005373431,0.001472726,0.00138602,0.001201549,0.00111001,0.001582477,5.21
12,0.036109679,0.043367323,0.055136006,0.060553137,0.071229837,0.05089025,0.040034675,0.039059899,0.035807921,0.025170939,0.006878336,0.006873192,0.005952489,0.005797261,0.007349998,4.93
13,0.013917829,0.017059659,0.023674513,0.025534761,0.027026565,0.008554258,0.005701062,0.005693305,0.005350044,0.002668986,0.000876003,0.000505737,0.000542891,0.000500729,0.001001699,1.82
14,0.021030752,0.023615131,0.031142939,0.036291814,0.053348898,0.043592098,0.03337307,0.031382416,0.030564653,0.030026917,0.008286767,0.008600125,0.007463849,0.007145149,0.008885308,36.04
15,0.011361143,0.013868642,0.020882001,0.024929177,0.033118486,0.01556248,0.010991271,0.010557468,0.009965498,0.007762878,0.002065321,0.002155403,0.002103609,0.001921602,0.002359188,9.86
16,0.014235597,0.019245111,0.028975833,0.032911423,0.039858387,0.020031472,0.013961383,0.013560818,0.012674289,0.007622382,0.002593896,0.001663771,0.001557882,0.002498452,0.003112163,12.55
17,0.02636541,0.030474302,0.040344705,0.045782629,0.05845373,0.038616648,0.030271482,0.028607011,0.026529822,0.020777904,0.005949883,0.005841277,0.004850144,0.004865379,0.00607803,4.75
18,0.00742027,0.008741613,0.016203364,0.020692082,0.037861665,0.021969531,0.015420367,0.014299646,0.015009428,0.019656787,0.006760792,0.006778587,0.005203783,0.005050972,0.007878293,60.59
19,0.009440915,0.011629777,0.017785434,0.020247277,0.023511075,0.008893996,0.006467946,0.006326889,0.006095011,0.003708289,0.001114763,0.000994193,0.000822533,0.000954008,0.001292141,4.42
20,0.008701103,0.010951885,0.017945227,0.022304556,0.038431512,0.023314978,0.016088811,0.015196108,0.015789323,0.016706595,0.005028354,0.004296078,0.003317261,0.003469279,0.005655384,52.54
21,0.013757036,0.014750676,0.022695089,0.027823133,0.041621576,0.016867731,0.01293412,0.011545985,0.01090482,0.011373646,0.003397851,0.003281361,0.002784217,0.002671296,0.003410604,16.28
22,0.011703442,0.017126897,0.027958003,0.033712351,0.052339573,0.041858055,0.032066996,0.029729533,0.029424123,0.030858489,0.008250115,0.007339312,0.006531241,0.006964938,0.009785109,43.56
23,0.024272968,0.030369071,0.04043802,0.04540596,0.054163821,0.032966553,0.0240352,0.023177836,0.021774827,0.013489248,0.005493339,0.00269353,0.001574234,0.002555607,0.006242087,7.93
24,0.023925495,0.026105831,0.033531169,0.036821182,0.042221283,0.019054132,0.013579967,0.013223814,0.012386184,0.007720835,0.00237905,0.001836572,0.001635372,0.001558187,0.002077562,6.26
25,0.014559261,0.017487174,0.023141749,0.025292627,0.028111223,0.01108733,0.00751063,0.007408727,0.006747147,0.004079591,0.001189332,0.000448168,0.000342646,0.000621953,0.002007118,4.34
26,0.014422569,0.019048189,0.030814604,0.037630912,0.054882384,0.029454621,0.022316657,0.02109639,0.020353524,0.015438731,0.005057173,0.004307824,0.003423212,0.003716751,0.005034074,19.67
27,0.019059653,0.019241546,0.026511332,0.031129271,0.04235702,0.01822489,0.013100922,0.011951803,0.011052038,0.00943874,0.002686336,0.002553597,0.00214411,0.002008737,0.002638759,11.39
28,0.008912072,0.010840101,0.019644325,0.025455818,0.043365896,0.021941421,0.01904378,0.016805937,0.015944075,0.018225243,0.005091851,0.004818678,0.004560432,0.004789903,0.0068019,26.61
29,0.015200078,0.016370456,0.025078661,0.030385022,0.045222353,0.019868264,0.015281509,0.013706142,0.012643977,0.011990224,0.003264063,0.003397427,0.003079448,0.003029509,0.003620186,13.7
30,0.013195284,0.01846576,0.02950058,0.036219508,0.056236927,0.043171487,0.034637928,0.031361111,0.029963396,0.034148688,0.009013201,0.008097737,0.007903119,0.008119183,0.009558786,41.84
31,0.025468163,0.031729031,0.043627225,0.049564907,0.060790084,0.035789018,0.026858576,0.025557192,0.023956296,0.016771521,0.004807772,0.004621522,0.004052642,0.004016451,0.005295757,6.76
32,0.015141241,0.017499613,0.024450404,0.0275338,0.033971482,0.014924656,0.010416271,0.010044265,0.00936309,0.006406421,0.001986404,0.001570529,0.00131751,0.001435682,0.002180309,8.24
33,0.012739443,0.01454272,0.02211622,0.026897587,0.036843049,0.01515028,0.011274411,0.010556142,0.009892956,0.007530951,0.002531907,0.001674882,0.001571944,0.002034092,0.002741772,8.86
34,0.023883845,0.022501188,0.028120395,0.032903752,0.046190073,0.023525374,0.018404717,0.016042171,0.014963357,0.016554792,0.00436806,0.004240145,0.003807707,0.003847615,0.004659808,22.69
35,0.019829749,0.020848862,0.0272094,0.030708504,0.036114577,0.012908297,0.008790055,0.00836753,0.007715368,0.004933832,0.00121162,0.001388016,0.001123142,0.001098745,0.001330811,4.22
36,0.022307979,0.024727745,0.037739189,0.047105833,0.074187721,0.044008176,0.040258331,0.035133205,0.03303249,0.048200971,0.013175108,0.013704978,0.012500214,0.011854596,0.01480648,52.99
37,0.014306503,0.014365552,0.021592777,0.027288252,0.043378772,0.018924147,0.013695903,0.012151665,0.01150009,0.011399371,0.003029636,0.003092452,0.002920311,0.002757308,0.003438947,15.3
38,0.015787292,0.018644942,0.029890776,0.037438269,0.059527904,0.038947448,0.032844788,0.029030662,0.02793294,0.037600988,0.010047908,0.010132716,0.009237778,0.009095985,0.011160793,48.44
39,0.025758604,0.02832366,0.044783131,0.05579747,0.084295128,0.048087031,0.039566511,0.035498426,0.033766222,0.036860535,0.009625671,0.010118741,0.009214894,0.009113962,0.011097638,25.53
40,0.0184832,0.019026679,0.027979466,0.033522207,0.047061293,0.022609032,0.016673579,0.014822156,0.01392944,0.013688952,0.00392428,0.00412706,0.003792213,0.003483625,0.004184922,33.12
41,0.019197018,0.01958612,0.025306527,0.029137418,0.036709558,0.014773138,0.010557196,0.009883394,0.009219374,0.006760888,0.001876351,0.001943904,0.00180897,0.001638381,0.001902586,8.21
42,0.012654735,0.013609706,0.020801653,0.025673251,0.035093,0.014316046,0.01104057,0.01024805,0.009859123,0.007877036,0.002326625,0.002222694,0.001878196,0.002124997,0.002642105,12.69
43,0.008477439,0.009124627,0.022272491,0.031600916,0.059381959,0.025703001,0.026066767,0.020034676,0.018856512,0.052468016,0.015244449,0.017516899,0.015292765,0.014108631,0.016977212,114.57
44,0.018720258,0.022406708,0.032967675,0.037994118,0.051907302,0.031205272,0.023711782,0.02190247,0.02090426,0.017661771,0.005787795,0.005351307,0.004145438,0.00463882,0.006109801,46.33
45,0.005652538,0.007057539,0.019184122,0.028011631,0.048793939,0.024445294,0.022959875,0.017764248,0.016523695,0.036389479,0.008289054,0.007827238,0.007817196,0.007252945,0.010407153,86.98
46,0.02061816,0.02468317,0.036315698,0.042664402,0.057911668,0.036431877,0.028209427,0.026633234,0.025433469,0.022577748,0.006176734,0.006841987,0.006837835,0.005998513,0.006139051,18.81
47,0.017994897,0.021500768,0.032356035,0.038121817,0.048935028,0.027782036,0.021204228,0.019829764,0.018454298,0.015740746,0.0036896,0.004433986,0.004172612,0.003657434,0.004394739,16.26
48,0.017886861,0.021639501,0.033581397,0.040395509,0.05773287,0.033065583,0.025586461,0.02362315,0.022650199,0.020903386,0.005842565,0.006122079,0.005658526,0.005350201,0.006639825,22.84
49,0.027778136,0.036960497,0.052374595,0.060589426,0.079744347,0.060268817,0.050163485,0.04836617,0.044720421,0.035118809,0.010354662,0.012101338,0.009642404,0.009783778,0.011159646,11.47
50,0.029226649,0.034960554,0.046182529,0.050943849,0.063497128,0.04177963,0.031977509,0.030389689,0.028135608,0.022037596,0.006009904,0.005781419,0.005300918,0.005265994,0.006365215,9.97
51,0.021222563,0.026343952,0.043481519,0.054656391,0.094269299,0.070728498,0.054345324,0.046886102,0.045899197,0.070433528,0.018835335,0.019656516,0.017762099,0.016887528,0.02142794,71.13
52,0.032722929,0.03870705,0.052170465,0.059539255,0.079458204,0.056926996,0.046199701,0.043080958,0.040294895,0.03736003,0.010176314,0.010144023,0.009220031,0.008898902,0.011192496,22.88
53,0.029692664,0.032447757,0.039797688,0.044624012,0.060481906,0.050828604,0.041412412,0.038365881,0.036766703,0.040952833,0.011066302,0.010849661,0.009871887,0.00961776,0.012513733,50.69
54,0.028497794,0.03298514,0.041376317,0.045059973,0.053799746,0.037445947,0.028502273,0.027190086,0.025283426,0.018838712,0.005136885,0.004856336,0.004172196,0.004130051,0.00528537,10.35
55,0.037172703,0.041867063,0.051833438,0.056420206,0.069703381,0.047864133,0.035681646,0.033832582,0.031742776,0.025654742,0.006955628,0.007024507,0.006263172,0.006084468,0.00797369,14.16
56,0.04181562,0.050537344,0.061272598,0.066530357,0.077974456,0.065056734,0.055300737,0.054524537,0.050735079,0.040357859,0.012422047,0.012700644,0.012257593,0.011026708,0.013454357,8.05
57,0.022871499,0.025441204,0.03426962,0.038901285,0.04854532,0.026040371,0.018643104,0.017510306,0.016358874,0.013804873,0.003706966,0.003894032,0.003432965,0.003105738,0.003792728,16.5
58,0.023954275,0.028920758,0.041495193,0.049280883,0.071494851,0.053219264,0.042616908,0.038332178,0.036526482,0.045697399,0.012563942,0.012511503,0.011324218,0.010682953,0.013400791,51.61
59,0.004948352,0.004616943,0.016159364,0.024942904,0.058029162,0.02612351,0.019791887,0.013909531,0.013127379,0.046917155,0.012556893,0.01317195,0.011850985,0.011289853,0.01401112,44.09
60,0.014746291,0.01957018,0.031732523,0.039349312,0.062147363,0.048319436,0.041595283,0.037488738,0.035590905,0.049152802,0.012805052,0.013822673,0.012386121,0.011970283,0.014910985,60.26
61,0.036857679,0.046462027,0.061805511,0.069335463,0.086920337,0.06699858,0.0532125,0.050793207,0.047755126,0.039186727,0.010484789,0.010464067,0.009252032,0.008965191,0.011414806,14.69
62,0.03334311,0.043422547,0.058852443,0.065686665,0.080716522,0.063524272,0.052191718,0.050437664,0.046871302,0.038148625,0.010220967,0.010372908,0.009383541,0.00913737,0.011241266,10.69
63,0.036911279,0.044575511,0.058421749,0.064721078,0.078852975,0.053240586,0.040950371,0.039155076,0.036495874,0.027928764,0.007621941,0.007580157,0.00687195,0.006677529,0.008201649,12.94
64,0.031571114,0.037971603,0.047667493,0.052679584,0.063981989,0.049860746,0.040749686,0.039517727,0.036708498,0.029645026,0.007781762,0.010421341,0.009558352,0.008963511,0.009393348,22.16
65,0.022196398,0.026269295,0.035517048,0.039308957,0.047222933,0.027273388,0.01975776,0.018933888,0.017713052,0.012667244,0.003369669,0.003510765,0.00324045,0.003009827,0.00392903,7.97
66,0.017755043,0.019972798,0.028232058,0.033097665,0.04941606,0.031404817,0.023609575,0.020781339,0.020121243,0.026428155,0.006965968,0.007828928,0.007644541,0.006623631,0.007548308,55.32
67,0.030362865,0.03741765,0.050008659,0.055764624,0.068473608,0.044524313,0.033934808,0.032373355,0.030020314,0.023492176,0.006401145,0.006431229,0.005830658,0.005546622,0.00711464,10.85
68,0.040837095,0.050823918,0.064117608,0.069730912,0.081706779,0.063673994,0.052360614,0.051072406,0.047376589,0.034881827,0.009163688,0.009353887,0.008535861,0.007877587,0.009960393,4.77
69,0.031363066,0.037745316,0.049465283,0.054362831,0.064306509,0.040996968,0.031638759,0.030329141,0.027904394,0.020426575,0.005554625,0.006020449,0.005423992,0.005028888,0.006001334,6.64
70,0.032342581,0.037836435,0.048458062,0.052747534,0.060070064,0.035594426,0.025928276,0.024913985,0.022890299,0.0161265,0.004388878,0.004609287,0.004222097,0.004032611,0.004675958,7.42
71,0.036389304,0.044853989,0.056372879,0.061512445,0.07169686,0.054796438,0.044979278,0.044327124,0.041323527,0.030329534,0.007909293,0.008721727,0.007815608,0.00785683,0.008995046,5.52
72,0.024097855,0.027480362,0.039304458,0.044923314,0.058085536,0.030527643,0.022900232,0.021074653,0.019675184,0.018475201,0.005008511,0.005318305,0.004806686,0.004576017,0.005093987,52.96
73,0.017728722,0.019780059,0.029142582,0.034988396,0.052549927,0.031170434,0.025231107,0.022454672,0.021221598,0.024027716,0.006509086,0.00708213,0.006661877,0.006061292,0.007117251,39.76
74,0.022700926,0.026393413,0.036255632,0.041922435,0.056431215,0.0326679,0.024038613,0.022271494,0.020962297,0.017382206,0.004639481,0.005068122,0.00443078,0.004116978,0.005143787,16.63
75,0.037535632,0.04609237,0.060338535,0.066406131,0.079186576,0.054033461,0.042093674,0.040271992,0.037406171,0.027584664,0.007375177,0.007824724,0.007136679,0.006435189,0.007884276,8.25
76,0.026077114,0.031158149,0.045725169,0.052691037,0.068499299,0.040337037,0.029659962,0.02692378,0.025131977,0.026061053,0.006849319,0.00749375,0.006830938,0.00635681,0.007618245,12.17
77,0.026331834,0.032007394,0.042697037,0.046395325,0.052525356,0.027116308,0.019216072,0.018389089,0.01691463,0.011670315,0.003100712,0.003040716,0.002749342,0.002752211,0.003324308,5.07
78,0.027827105,0.035504362,0.047751709,0.052260621,0.06043586,0.037265439,0.028440549,0.027766898,0.02577821,0.016645365,0.004597567,0.005368239,0.004904564,0.00537369,0.006178594,2.84
79,0.035398605,0.047169614,0.06338783,0.069604672,0.082917602,0.06452206,0.054187449,0.053159665,0.048917413,0.035835663,0.009662621,0.011321685,0.010697062,0.009683278,0.011151938,3.41
81,0.034283814,0.047958057,0.06430914,0.071546096,0.088069434,0.072096942,0.061212787,0.059690608,0.055021086,0.041626107,0.010954503,0.014860765,0.013644866,0.011243665,0.013259104,3.91
82,0.033911888,0.044141694,0.058232584,0.063040199,0.071967957,0.04801279,0.037197673,0.036557481,0.033632889,0.022073346,0.00568469,0.007063716,0.006336743,0.005974193,0.006788483,2.71
83,0.020719812,0.028994691,0.042838307,0.049081452,0.06319911,0.042731715,0.033309789,0.032126281,0.029559735,0.021243364,0.005508466,0.007114499,0.00679621,0.006101985,0.0062906,7.46
84,0.026865346,0.037118153,0.052610806,0.058477637,0.069806334,0.046907912,0.03619312,0.035065534,0.032527312,0.022121196,0.006042218,0.007478184,0.007139091,0.006542299,0.007285622,3.51
85,0.013738512,0.021577368,0.035877588,0.043397318,0.062711871,0.053581156,0.047646176,0.046582451,0.04373597,0.035486431,0.009414398,0.011854285,0.010777788,0.009682863,0.011386881,7.69
86,0.032913786,0.047380855,0.065337089,0.073832578,0.092148778,0.081201237,0.071829462,0.07072363,0.06637633,0.052712963,0.014523203,0.01622228,0.01467866,0.013971764,0.016352583,4.86
87,0.029416767,0.042100259,0.060170548,0.06871011,0.087008779,0.075621728,0.068432141,0.067533759,0.06316321,0.05345389,0.014592974,0.016678882,0.014736229,0.01378645,0.015739735,8.09
88,0.027801683,0.038349179,0.05386313,0.058698864,0.066440065,0.036921214,0.026805239,0.026156478,0.02394029,0.014734233,0.004322295,0.005104994,0.004952125,0.004120209,0.005069221,1.88
89,0.031452636,0.043456539,0.061127541,0.06914425,0.08633548,0.070941345,0.058331738,0.056940393,0.054119578,0.041290806,0.010883173,0.011140144,0.010533674,0.00989338,0.01188534,7.69
90,0.0317492,0.037816707,0.047699502,0.050040121,0.052886349,0.026399547,0.018464463,0.017938029,0.016405369,0.010255963,0.00261855,0.00302595,0.002729623,0.002365819,0.003160393,2.77
91,0.024492247,0.03391054,0.048145716,0.055073709,0.070501592,0.049488674,0.037886894,0.036559654,0.034186487,0.02487451,0.005586364,0.006668264,0.006095937,0.005773457,0.006735755,6.57
92,0.025558381,0.031391672,0.042522204,0.047579904,0.056734094,0.042147987,0.031736793,0.030175255,0.027890723,0.022483118,0.0062037,0.006365588,0.00540446,0.005225467,0.006234562,13.83
93,0.018994077,0.029012412,0.044916364,0.052579855,0.072131014,0.062171812,0.053355622,0.052088285,0.049366656,0.040584969,0.011190439,0.010020344,0.010046508,0.009901138,0.011154395,8.49
94,0.032981304,0.044990306,0.061823398,0.069305443,0.08511203,0.068922686,0.057758126,0.056502153,0.052418539,0.039732416,0.010120628,0.010639391,0.010313775,0.009616959,0.011162452,5.82
95,0.039563241,0.05012683,0.064195946,0.069793864,0.080405176,0.062341672,0.051393602,0.05048251,0.046527947,0.033849415,0.008971533,0.009128455,0.008231042,0.00771965,0.009594232,2.9
96,0.030125306,0.039011921,0.051774831,0.055959575,0.062844994,0.039426715,0.02966515,0.0287323,0.026202152,0.017426704,0.004615849,0.004822381,0.004245127,0.003776005,0.004816801,2.65
97,0.023748061,0.031744935,0.042359074,0.047656223,0.052964771,0.035918524,0.027309954,0.025457704,0.023237227,0.016907338,0.003064883,0.004355094,0.004752925,0.004491162,0.005005488,5.2
98,0.024441199,0.031141456,0.04127549,0.043928175,0.046817062,0.024338859,0.016805702,0.016822694,0.015232918,0.009715965,0.00255876,0.001966118,0.001848164,0.002523965,0.003234065,3.95
99,0.012537491,0.016803441,0.025623075,0.029619634,0.038125697,0.021417155,0.015388392,0.014877911,0.013654124,0.008529589,0.002298989,0.002199203,0.002048356,0.001999778,0.002389041,3.57
100,0.013432446,0.021127273,0.033851428,0.038361407,0.045626391,0.025123848,0.017758372,0.017222055,0.015833292,0.009897672,0.002480805,0.002843693,0.002628621,0.002184068,0.002869332,2.19
101,0.030069218,0.039208157,0.053455366,0.060581751,0.077384983,0.062104577,0.051054242,0.049586505,0.046423101,0.035258013,0.00940391,0.009443799,0.008386314,0.008103374,0.01003778,7.55
102,0.037978108,0.047887889,0.062835738,0.068783714,0.080201265,0.055936642,0.043103837,0.041829291,0.038490768,0.026605889,0.006904289,0.006803581,0.005921243,0.005856063,0.007448632,5.26
103,0.02989764,0.041644948,0.060039125,0.066430092,0.077222364,0.052188482,0.039654759,0.038655145,0.035692437,0.024052556,0.006274335,0.005958971,0.00513292,0.004997654,0.006651215,4.28
104,0.026614191,0.036560264,0.051538253,0.05580867,0.061572304,0.030754648,0.021239576,0.020621932,0.018748365,0.011263809,0.003306843,0.003435827,0.003146767,0.002872893,0.00331655,1.56
105,0.012653085,0.025898,0.041860284,0.050946901,0.075974288,0.077740265,0.074958592,0.075119668,0.070380489,0.056578268,0.015010847,0.014487434,0.01189113,0.01135623,0.015802405,4.1
106,0.033054541,0.043733813,0.059425585,0.066009119,0.07875966,0.054683011,0.041455912,0.040264264,0.036784989,0.024406975,0.006958339,0.006539256,0.005593236,0.005470457,0.007174185,2.89
107,0.001398758,0.017526613,0.03635201,0.048863387,0.080569442,0.093861215,0.097243479,0.099480417,0.094770973,0.085561355,0.033561835,0.034403349,0.030279011,0.028615471,0.035848761,4.4
108,0.018640806,0.027729989,0.040427407,0.047177708,0.06393529,0.058998104,0.051733391,0.050975442,0.047723353,0.037766481,0.009896412,0.009703631,0.008723337,0.008425357,0.010509457,6.2
109,0.001163112,0.012460503,0.02862809,0.038748973,0.065401266,0.072241884,0.068910512,0.068117198,0.064293012,0.062026197,0.016970937,0.015657213,0.013810477,0.014197559,0.018039467,18.65
110,0.00747041,0.019937104,0.036544982,0.046469698,0.071114624,0.076373704,0.075724404,0.076283814,0.071772564,0.0594902,0.015514154,0.016366914,0.014517084,0.01357088,0.01667219,2.82
112,0.005803833,0.008134327,0.013602545,0.017341109,0.027442945,0.018311039,0.013306456,0.012716787,0.013093629,0.012908336,0.003973122,0.005633962,0.005942049,0.005070524,0.004852855,37.57
113,0.003448636,0.00452958,0.009470525,0.012547503,0.020252181,0.00839386,0.006441393,0.006102037,0.005941133,0.004836359,0.001137824,0.002054409,0.002526868,0.001795261,0.001971133,16.71
114,0.013223025,0.016501881,0.022487822,0.026212381,0.036485392,0.033131317,0.028909025,0.028372734,0.026567237,0.018704219,0.005177442,0.00433853,0.004543057,0.004297451,0.005905746,6.27
115,0.004723411,0.007290381,0.01300383,0.016176148,0.026411551,0.018905528,0.013752235,0.013427748,0.01353815,0.012257404,0.002974409,0.003682794,0.003247928,0.002833627,0.003492228,35.41
116,0.000746454,0.010521599,0.025031709,0.033876326,0.056878199,0.064527558,0.06501378,0.065540465,0.062791905,0.057875687,0.018299255,0.019793805,0.018088355,0.017112982,0.02224227,15.31
117,0.023953483,0.029805628,0.044104272,0.053025572,0.077387197,0.050162211,0.03736935,0.03430302,0.031918176,0.029251004,0.008088319,0.008283788,0.007559111,0.007319711,0.008905572,20.09
118,0.011753549,0.012705224,0.017670441,0.020195549,0.027503788,0.014127506,0.009938362,0.009346821,0.008881574,0.007650991,0.002040018,0.001717489,0.001534638,0.001721921,0.001818357,15.58
119,0.015592649,0.028804414,0.049282341,0.061404622,0.094904886,0.098729387,0.091779893,0.090089015,0.085984379,0.07816181,0.020946168,0.021668763,0.019733877,0.018717741,0.023826951,22.27
120,0.013795077,0.015599165,0.022209347,0.026658804,0.041050781,0.028298048,0.022786133,0.020418391,0.019630162,0.024545729,0.006689938,0.007343397,0.006774035,0.006307964,0.007428332,51.92
121,0.01624753,0.024971557,0.041007095,0.050882809,0.079336387,0.079283278,0.069227288,0.06641596,0.063433612,0.061255822,0.016669918,0.017407234,0.016075936,0.01536156,0.018920543,31.35
122,0.037219466,0.04740972,0.06587818,0.076333483,0.100190757,0.072799353,0.058244839,0.055100987,0.050934338,0.043094815,0.011550579,0.012184486,0.010686492,0.010073362,0.012629307,12.21
123,0.030751529,0.035487155,0.046249044,0.051945033,0.063779934,0.037049281,0.026898821,0.025493121,0.023537802,0.017869106,0.004790428,0.00474492,0.004256733,0.004025922,0.005080834,14.52
124,0.02771217,0.03171898,0.046346247,0.055715321,0.079692995,0.050607145,0.038226759,0.034244354,0.032033054,0.03548445,0.009470881,0.009841944,0.009079228,0.008589286,0.010338526,32.5
125,0.015204328,0.018107798,0.02847478,0.034147256,0.048463544,0.026580985,0.019739691,0.017819279,0.016507726,0.016490949,0.004443069,0.004768215,0.004372619,0.004181827,0.004968233,21.52
126,0.014392121,0.015933097,0.022037111,0.024505899,0.029697041,0.013883785,0.010280609,0.009486342,0.008638051,0.006382328,0.001434746,0.001563291,0.00174202,0.001526505,0.001895201,7.33
127,0.006327517,0.007961843,0.017575533,0.024081933,0.044681565,0.025515004,0.018725172,0.015341026,0.014413512,0.023095141,0.00584002,0.006017188,0.005439885,0.005099343,0.006077222,39.98
128,0.012041636,0.014672034,0.021540957,0.02509361,0.036964706,0.021391305,0.014776744,0.013499766,0.013368717,0.011683012,0.002889709,0.002978516,0.003002236,0.002735027,0.003332509,23.1
129,0.017577358,0.023680734,0.035878396,0.042781969,0.063326008,0.054527162,0.045775229,0.043990057,0.041392851,0.034040008,0.009326167,0.009603881,0.008655787,0.00831293,0.010121621,15.97
130,0.019386982,0.02195093,0.029706906,0.033637443,0.043828225,0.021794497,0.014844676,0.014005299,0.013259733,0.010056828,0.002921771,0.003065523,0.002688979,0.002724412,0.003074818,16.17
131,0.021313716,0.025076422,0.034316607,0.038139653,0.045766849,0.023264372,0.016602927,0.015550351,0.014478886,0.010671067,0.003084308,0.003268586,0.002711623,0.002560699,0.003192809,10.32
132,0.01295607,0.01492295,0.022237285,0.026361977,0.036828869,0.019182914,0.013691609,0.012703708,0.011769345,0.009986022,0.002804144,0.003042591,0.00286047,0.002757979,0.002769368,16.1
133,0.013370579,0.014183811,0.022275175,0.027660021,0.043445196,0.021524423,0.015303752,0.013337054,0.012577843,0.014762999,0.004154074,0.004588222,0.004193939,0.003782563,0.004457765,27.06
134,0.010292408,0.011067632,0.018433704,0.023128459,0.037628233,0.018435096,0.014475271,0.012382895,0.011698958,0.015186375,0.004217966,0.004860792,0.00464978,0.004118679,0.004885368,30.56
135,0.004514768,0.000310805,0.010021183,0.019891336,0.064010468,0.020885884,0.018307942,0.01099772,0.011525178,0.101718551,0.07497473,0.077548846,0.070115789,0.066954756,0.082110799,531.7
136,0.00740814,0.007843594,0.01525203,0.020710649,0.037198718,0.017249319,0.013664869,0.011003701,0.010536973,0.018184936,0.0048342,0.00515288,0.004589194,0.004395106,0.005126914,38.02
137,0.014362952,0.020155836,0.032400257,0.0398321,0.06161447,0.05252227,0.04469446,0.042128709,0.039870714,0.038680288,0.010664535,0.011268916,0.010121156,0.009669138,0.011837279,35.12
138,0.019562287,0.023042856,0.03321266,0.038665092,0.052352518,0.026861837,0.01850269,0.017144926,0.016068056,0.013595949,0.003653583,0.004342144,0.004111391,0.003644216,0.004128286,15.05
139,0.013936175,0.016569858,0.024151954,0.027517278,0.03527816,0.017586967,0.012117602,0.011438706,0.010814407,0.007978667,0.002124156,0.002529605,0.002334036,0.002112564,0.002344723,12.39
140,0.011549645,0.013227234,0.022197935,0.027412954,0.040374364,0.01938321,0.013883646,0.012265169,0.011749287,0.011021679,0.003098454,0.004680881,0.004609698,0.003891062,0.004052019,17.16
141,0.009105972,0.009068778,0.020633501,0.028930314,0.057619945,0.026471346,0.021042206,0.016035907,0.015021961,0.03429085,0.009073712,0.009524119,0.008711777,0.008412507,0.010481289,111.87
142,0.010482065,0.010970985,0.019927255,0.025645555,0.044129093,0.023163894,0.018569748,0.015312679,0.014260598,0.024344644,0.006416727,0.006773851,0.005727346,0.005335802,0.007280945,54.72
143,0.006382328,0.006943732,0.018447265,0.026499032,0.052702842,0.024132905,0.021132314,0.015768811,0.014901364,0.044509752,0.012374034,0.012664118,0.011660378,0.011212657,0.013935795,110.88
144,0.008807124,0.009723285,0.018118113,0.023751951,0.040021304,0.019585362,0.01596291,0.012883613,0.011962446,0.019543819,0.005072472,0.005706527,0.005053242,0.004255246,0.005606504,31.45
145,0.012145117,0.016409609,0.030320571,0.039157157,0.065671357,0.043675827,0.03899003,0.034103179,0.032394767,0.049598522,0.013542832,0.013903268,0.012371965,0.01196027,0.015471795,120.78
146,0.021924981,0.022385357,0.032848304,0.039769085,0.05556276,0.029966104,0.021527395,0.019134841,0.017904179,0.017468666,0.00486907,0.0059305,0.005063051,0.004601828,0.00551468,22.04
147,0.013472951,0.015622152,0.024896757,0.029598152,0.040343803,0.021261754,0.014863779,0.013591992,0.012774988,0.011801528,0.003231474,0.003764485,0.003515446,0.003199815,0.003685884,15.91
148,0.014641047,0.01627667,0.025522326,0.031078533,0.043033771,0.021346691,0.016387376,0.014659651,0.013524148,0.012415172,0.00306807,0.003565207,0.003148132,0.002684437,0.003557605,16.24
149,0.01139271,0.012473459,0.024299796,0.031840741,0.055098367,0.031395477,0.024968275,0.020389023,0.019291844,0.034471905,0.008965715,0.009853765,0.009245123,0.00883631,0.010561174,73.33
150,0.013298913,0.013968496,0.022289511,0.027301018,0.038661756,0.015412033,0.010884712,0.00994312,0.009394728,0.007891215,0.002056661,0.00234405,0.001925718,0.001991231,0.0026921,12.97
151,0.009795442,0.012370981,0.027014158,0.036413723,0.066973243,0.038472449,0.033212461,0.027106038,0.025553619,0.050730937,0.013460466,0.01426273,0.012270791,0.010956694,0.014306556,116
152,0.003660154,0.003968445,0.01758811,0.026196296,0.053896675,0.028384799,0.02225657,0.015291586,0.014444535,0.046057403,0.012359213,0.013559302,0.012356132,0.011486692,0.01385232,113.49
153,0.007844379,0.0091576,0.022556037,0.031770044,0.063718522,0.035513138,0.028502486,0.022469321,0.021422827,0.047855237,0.012248674,0.013402435,0.011540755,0.01096964,0.013389852,92.55
154,0.008699562,0.011645157,0.020978234,0.026370369,0.039683855,0.021869462,0.016047979,0.01444481,0.013510322,0.013343728,0.00330859,0.0034443,0.003106867,0.002838288,0.004197009,22.55
155,0.016932169,0.020026893,0.030926892,0.036937936,0.049728201,0.029785907,0.023620057,0.021334604,0.019714519,0.018508821,0.005035494,0.004989978,0.004637857,0.004494514,0.005574706,18.89
156,0.021326451,0.032438093,0.052730773,0.064365358,0.095827006,0.078865142,0.068898526,0.063429641,0.059859781,0.069580683,0.018325634,0.01827337,0.016800159,0.016180386,0.020275341,46.9
157,0.03382099,0.036770598,0.045078979,0.048745697,0.056109505,0.031368641,0.022949603,0.021738079,0.020053351,0.01440748,0.003840152,0.003496862,0.003275003,0.003309379,0.003910375,8.88
158,0.01081457,0.015559082,0.026438517,0.032856993,0.050927306,0.038071855,0.031957113,0.028086994,0.026466519,0.037967937,0.010152341,0.010069553,0.009043643,0.008817909,0.011298877,66.56
159,0.025292661,0.028871327,0.037036549,0.039578883,0.0436578,0.019477934,0.013193308,0.012439357,0.01125391,0.007563339,0.001754719,0.001868748,0.001921153,0.001765392,0.001904783,5.56
160,0.008277069,0.017609549,0.035072952,0.045296367,0.073412299,0.062882949,0.055894426,0.050788643,0.048346198,0.063452174,0.016501829,0.016458542,0.014871528,0.014353954,0.019092848,45.6
161,0.028620595,0.037407819,0.055467947,0.064855031,0.089522468,0.070968697,0.059149316,0.054168567,0.050568363,0.057450803,0.015364416,0.015458917,0.01368389,0.013066654,0.016796377,41.23
162,0.022559644,0.032314803,0.049593458,0.058982708,0.083701454,0.069552552,0.06158742,0.057402247,0.053955939,0.059154505,0.015779187,0.015852421,0.013965141,0.013453249,0.017645512,39.43
163,0.029284543,0.034862519,0.049403722,0.057158833,0.076464026,0.055044252,0.044590922,0.04080493,0.038170158,0.038897136,0.010312773,0.01035354,0.009322524,0.009481537,0.011608999,28.04
164,0.023782435,0.026795514,0.037205431,0.044112244,0.062235156,0.040996035,0.029089071,0.026220397,0.024812235,0.025349726,0.006791385,0.006763584,0.006323074,0.006007209,0.007407433,29.32
165,0.023222136,0.026166807,0.033056586,0.035228908,0.037004212,0.015959604,0.010806917,0.010349795,0.009563001,0.005952025,0.00176326,0.001939966,0.001669189,0.001388195,0.001915937,3.97
166,0.018016491,0.028328284,0.047252784,0.058892578,0.091457858,0.072132593,0.063073172,0.057584676,0.054247696,0.068345415,0.017737646,0.018119707,0.016470304,0.01555281,0.01973514,61.91
167,0.016948209,0.019904454,0.028826407,0.033966042,0.048562833,0.027730264,0.019367428,0.017765134,0.016863958,0.017053191,0.003786653,0.0047093,0.004013643,0.003492189,0.004084656,29.45
168,0.000494788,0.001964663,0.019168783,0.031514102,0.074100168,0.038866786,0.030820535,0.021356151,0.020245094,0.076944727,0.036858383,0.037798454,0.034272413,0.032650005,0.039837151,180.38
169,0.033796219,0.042961562,0.062134057,0.072511336,0.101606362,0.077158046,0.064109839,0.059419231,0.055254939,0.055889178,0.014637327,0.014498067,0.013841043,0.013130146,0.016044266,33.49
170,0.00237522,0.000903374,0.017330612,0.028688391,0.067687485,0.028946345,0.020169836,0.012000839,0.011762494,0.053561675,0.022748664,0.02335803,0.021090483,0.019718097,0.023357753,166.81
171,0.002395008,0.000923926,0.015391512,0.025659239,0.058022801,0.025345278,0.014957551,0.008551515,0.008202863,0.027080796,0.007777104,0.008445214,0.007768557,0.006992062,0.007962191,35.15
172,0.021118692,0.025515143,0.040935984,0.050590118,0.081862697,0.053008868,0.039842503,0.035023312,0.033053367,0.038417594,0.010429987,0.0108868,0.009690992,0.0091774,0.011292625,33.54
173,0.004435977,0.004944162,0.02068136,0.031932878,0.072022041,0.037315418,0.028714032,0.021213838,0.020344733,0.048755056,0.012873882,0.013382109,0.012212154,0.011407628,0.014357321,89.16
174,0.017132073,0.021023282,0.033762211,0.040704252,0.058482782,0.034465329,0.024836606,0.022216297,0.020774746,0.019627987,0.00501425,0.005657123,0.004891887,0.004766576,0.005463971,17.74
175,0.014951435,0.018024435,0.024390614,0.026528198,0.030536447,0.012929563,0.008596674,0.008240004,0.007469443,0.004770413,0.001279671,0.001235951,0.001175759,0.001064343,0.001392624,3.63
176,0.00134514,0.016013798,0.035932983,0.048795816,0.08303021,0.099859614,0.108299444,0.11182948,0.106548357,0.095241818,0.033274888,0.034708329,0.032323062,0.030607778,0.038501964,5.12
177,0.015667285,0.020633876,0.029682013,0.035253126,0.051678131,0.048166143,0.039698818,0.037574953,0.036187528,0.030198453,0.007458606,0.007982588,0.006626452,0.006378249,0.007995899,16.14
178,0.001123856,0.016565386,0.035266753,0.047870517,0.081638836,0.102429838,0.114627429,0.118462048,0.11444596,0.110048973,0.060666628,0.063698957,0.057493613,0.05522149,0.069319205,4.81
179,0.018668395,0.027471243,0.042703192,0.051537725,0.076559636,0.073252345,0.061025677,0.057973313,0.055492543,0.048695396,0.013151619,0.013073549,0.012261111,0.011113733,0.013985336,21.67
180,0.024753391,0.031356661,0.042506161,0.046820447,0.056101865,0.029699575,0.020619125,0.020057674,0.018180314,0.011662921,0.003487001,0.003337136,0.003730906,0.003438372,0.003627493,3.44
181,0.019185818,0.028915398,0.04444286,0.053374005,0.077387687,0.073506974,0.06648071,0.065909438,0.06132375,0.045036314,0.011889615,0.012323992,0.011255379,0.010640958,0.01278298,2.99
182,0.012488445,0.013631809,0.017573465,0.020241685,0.03120338,0.022741738,0.013944528,0.012840353,0.013101734,0.013928758,0.003389728,0.003400581,0.003015587,0.002975836,0.003703158,43.02
183,0.00825496,0.008680537,0.011043376,0.012739895,0.020639191,0.013174659,0.007749686,0.007162107,0.007796911,0.008178681,0.002125533,0.002090853,0.001881034,0.001611352,0.002201968,42.01
184,0.015234821,0.019765678,0.02877357,0.034497553,0.051306406,0.050260392,0.043520835,0.041997497,0.039738234,0.033883639,0.009201266,0.009377578,0.008437279,0.008182403,0.010038773,19.99
185,0.014494522,0.016201258,0.020510543,0.023392364,0.033424305,0.026627142,0.018782468,0.01763817,0.017458517,0.015428534,0.004332141,0.003467097,0.003385332,0.003683211,0.004265848,33.76
186,0.013614467,0.021064426,0.034176289,0.042525411,0.065138185,0.070175604,0.064948497,0.063170518,0.060485272,0.057292668,0.014682618,0.014508292,0.013348858,0.013312975,0.016759147,28.91
187,0.012541264,0.013287853,0.016349408,0.018316332,0.026955495,0.01849932,0.01170062,0.010828566,0.01103018,0.010341318,0.002744104,0.002336963,0.002323065,0.002360655,0.0025546,36.06
188,0.009928297,0.010600241,0.013283652,0.014930189,0.019624722,0.008358101,0.005426615,0.005391211,0.005198917,0.00346563,0.001020131,0.001115368,0.00138059,0.000910219,0.001073943,10.24
189,0.008515578,0.009155342,0.01153969,0.012863902,0.017473123,0.009672642,0.006598173,0.006393316,0.00602688,0.004135037,0.001179887,0.001152068,0.001033926,0.000983348,0.001173475,8.31
190,0.015945332,0.019754912,0.027909388,0.032404886,0.046475107,0.03412207,0.024249429,0.022985666,0.021772649,0.019311214,0.005342696,0.005181066,0.004417052,0.004077365,0.006065336,28.35
191,0.015267822,0.017302286,0.022223316,0.023510068,0.024819191,0.00895335,0.005752192,0.005948509,0.005357517,0.003109357,0.000915866,0.001258538,0.001374008,0.000590628,0.000978636,3.04
192,0.016716367,0.020835125,0.02877604,0.033203698,0.046002051,0.034067239,0.026330188,0.024999249,0.024082034,0.018349124,0.005442842,0.005549253,0.004797123,0.003754572,0.005646267,11.18
193,0.011454024,0.019114246,0.032926692,0.040776524,0.063895865,0.065014393,0.057143459,0.055104351,0.052822141,0.051146039,0.013731193,0.014696438,0.013253664,0.012637838,0.015899181,32.08
194,0.028645339,0.031663074,0.038814045,0.043171486,0.057557024,0.047917915,0.036433607,0.034529437,0.033053652,0.027743223,0.008461693,0.00639566,0.005183194,0.005912787,0.008782053,25.88
195,0.013663341,0.015106405,0.019182323,0.021314204,0.026196456,0.016272947,0.01147073,0.011681404,0.010335286,0.007465972,0.002116559,0.00206586,0.002533574,0.002048631,0.002186128,8.61
196,0.022542214,0.029017161,0.040854418,0.047208186,0.065260867,0.050030647,0.037753624,0.035978919,0.034012064,0.026565873,0.007476226,0.007069918,0.00667106,0.006606128,0.007868081,14.92
197,0.011943496,0.014627223,0.023047046,0.028801978,0.044457727,0.027704078,0.022848262,0.020741651,0.019601898,0.02272538,0.006216371,0.006401912,0.00590832,0.005787218,0.006792504,35.15
198,0.010251012,0.010858073,0.014739805,0.016899385,0.021021865,0.006954427,0.004617544,0.00459273,0.004564497,0.002713559,0.000726004,0.000924699,0.000727476,0.000806037,0.000797878,6.7
199,0.00293972,0.004201445,0.012926642,0.019314956,0.039461798,0.021426064,0.017709592,0.014360828,0.013879686,0.030952222,0.008009189,0.008840116,0.007817437,0.007299661,0.009320487,88.92
200,0.011927619,0.01396194,0.022398135,0.027836317,0.044719562,0.025062858,0.022092233,0.019756512,0.018625731,0.023674977,0.007221503,0.007537634,0.006870205,0.005998383,0.007519373,26.39
201,0.013707918,0.018880653,0.029369901,0.035919669,0.05437686,0.048678015,0.03985385,0.03755641,0.035859052,0.036498014,0.010005886,0.010351579,0.009590932,0.00925438,0.011091154,36.51
202,0.011702401,0.014793514,0.023430155,0.028893189,0.04303754,0.026048029,0.02083646,0.019117171,0.01802273,0.018411172,0.004553863,0.004785349,0.004159046,0.004059579,0.00519232,28.86
203,0.010456022,0.012916863,0.019241381,0.022493715,0.029996249,0.01439705,0.010350585,0.009766526,0.009115408,0.006557527,0.001907621,0.001794413,0.001509875,0.001846688,0.001818177,8.03
204,0.015031817,0.020100465,0.029673109,0.034746068,0.046722325,0.027213007,0.01987751,0.018686372,0.017163115,0.013324073,0.003743066,0.003663419,0.003240598,0.003284662,0.003841757,7.92
205,0.001233901,0.000600609,0.011137233,0.019311545,0.044989882,0.013674264,0.014082249,0.009001706,0.009599494,0.052959292,0.020888936,0.021158991,0.019433557,0.019090823,0.023296336,143.23
206,0.012684741,0.013572935,0.020416275,0.024513014,0.036032747,0.015434065,0.012290302,0.011104265,0.010490643,0.009500858,0.003619135,0.001671043,0.001627433,0.002783376,0.003593063,18.4
207,0.005542906,0.008427926,0.01722576,0.023086582,0.03981207,0.024128146,0.022983332,0.019903714,0.019389865,0.032039289,0.009050725,0.008550422,0.007591028,0.007611074,0.010179595,97.5
208,0.003008676,0.006894509,0.017671668,0.023921104,0.041832839,0.026763377,0.024478267,0.022604705,0.021080176,0.025690713,0.006778239,0.008309659,0.008480894,0.005753136,0.008530411,49.79
209,0.005356688,0.009975093,0.020355035,0.02652962,0.046266091,0.043369098,0.034639119,0.031287898,0.031497991,0.040576913,0.010488409,0.01115697,0.009593249,0.009318023,0.012777761,71.27
210,0.023373161,0.030395134,0.042777684,0.049242807,0.06541806,0.048074291,0.040394996,0.03907442,0.036310617,0.028850121,0.008016228,0.007882761,0.007145819,0.00684142,0.008915009,13.98
211,0.011998404,0.014593565,0.021626183,0.025089556,0.032628956,0.013696413,0.010044393,0.009528122,0.008851016,0.006340021,0.002130831,0.002151689,0.001825928,0.00190646,0.002146827,7.64
212,0.017312454,0.023913576,0.034966203,0.04041283,0.052448489,0.032608815,0.025290804,0.024711749,0.022722377,0.015647164,0.004172928,0.004772868,0.00390619,0.004043064,0.004935221,6.82
213,0.019583982,0.018120477,0.027879667,0.034590829,0.05610432,0.025005355,0.021347043,0.017955361,0.016817085,0.026656527,0.008218675,0.007188583,0.00704041,0.007508925,0.008881282,52.36
214,0.017650109,0.016984731,0.025754296,0.031933632,0.052408645,0.023813232,0.020401934,0.017027458,0.015694827,0.025287862,0.007232259,0.007316899,0.006257254,0.006321894,0.00803475,42.9
215,0.004092284,0.004010568,0.013013448,0.019439802,0.039605023,0.015287178,0.014867255,0.010819642,0.010649394,0.038357087,0.010854688,0.010985716,0.009962114,0.009529549,0.012134887,74.3
216,0.005284301,0.00594444,0.012966762,0.017805454,0.034568267,0.018720743,0.018040882,0.015078362,0.014569135,0.028305614,0.007663186,0.008100067,0.006685404,0.006440592,0.008916349,49.63
217,0.015990868,0.01851187,0.028279284,0.034050969,0.050056059,0.026381943,0.019293766,0.018054873,0.01749745,0.01678178,0.004661889,0.004945253,0.004246479,0.004368732,0.005378067,20.22
218,0.013864196,0.015917733,0.026761383,0.033339292,0.051767363,0.028292943,0.025459312,0.022753019,0.021223152,0.028299686,0.008755798,0.008966935,0.007412315,0.007718505,0.010040469,30.36
219,0.015774932,0.017527839,0.035260421,0.046880357,0.087950169,0.047076341,0.039460988,0.03196363,0.03074888,0.04999758,0.013279037,0.01317412,0.011854909,0.01175355,0.01455446,52.87
220,0.009241909,0.01145614,0.017888276,0.020550852,0.023447993,0.007717214,0.005961141,0.006010024,0.005801462,0.003319569,0.001313596,0.001788176,0.001412376,0.000812552,0.001351424,5.63
221,0.008842421,0.01014013,0.022709044,0.03113543,0.060263791,0.030846641,0.028271114,0.022832081,0.021552287,0.048628952,0.01416042,0.014337692,0.014015745,0.013216501,0.015617768,100.53
222,0.009011589,0.010818764,0.021764274,0.029260719,0.056932508,0.029876085,0.024811565,0.020004509,0.019675235,0.030876788,0.00924114,0.009259101,0.007600229,0.007548821,0.009405773,51.57
223,0.00523582,0.009943928,0.02176016,0.028958629,0.049469021,0.036543902,0.032574381,0.02905551,0.027878245,0.04381481,0.012454894,0.013329583,0.012019647,0.012117425,0.013986903,81.47
224,0.012087092,0.01463603,0.026102601,0.032874235,0.053236886,0.030573412,0.026740157,0.023475556,0.021967109,0.02875543,0.007411961,0.007686893,0.006759035,0.005787881,0.008028623,42.47
225,0.015502254,0.019308108,0.028794683,0.032565207,0.039418656,0.016478518,0.012073886,0.010954502,0.010710589,0.007174163,0.00147492,0.002966715,0.002872208,0.001501203,0.002219348,6.22
226,0.009993681,0.012906978,0.024811917,0.031547899,0.050434755,0.028982525,0.024400729,0.021468276,0.019093074,0.024836441,0.005465858,0.007369949,0.006622845,0.005855714,0.007350986,29.29
227,0.012974189,0.011403972,0.027609313,0.038592276,0.078870462,0.036877321,0.028110524,0.020915451,0.019217883,0.046718241,0.012821097,0.013300565,0.012207358,0.01132729,0.014394909,68.01
228,0.014701409,0.014802029,0.021599871,0.025398062,0.034110063,0.0137761,0.010424251,0.009798611,0.009087475,0.007413178,0.002670923,0.003268442,0.003398673,0.002273313,0.002942674,13.36
229,0.007593499,0.000515356,0.016610499,0.029634764,0.082165162,0.027595856,0.024658273,0.01381978,0.013155661,0.145700768,0.199628626,0.208648241,0.188586046,0.179714034,0.212187883,140.89
230,0.025873064,0.026365116,0.041753192,0.051445863,0.091250764,0.055798492,0.043632841,0.038490968,0.034183507,0.055849231,0.016188917,0.018912317,0.021107885,0.017624013,0.018865227,59.87
231,0.005755223,0.000441363,0.016584058,0.02842641,0.068070152,0.02254022,0.022026155,0.012919579,0.012357368,0.102019826,0.103257927,0.106926334,0.096016516,0.090781041,0.108080839,93.65
232,0.015216362,0.015700079,0.029946309,0.038465198,0.064235634,0.032892497,0.027604153,0.022955183,0.021386465,0.039484674,0.010437596,0.012052684,0.010111098,0.00905192,0.01215764,72.35
233,0.0168442,0.020717309,0.030406716,0.034746594,0.041778654,0.019744829,0.014691877,0.013697859,0.01280046,0.008642568,0.002396054,0.001667227,0.001693954,0.002476725,0.002371605,8.95
234,0.016380378,0.019133206,0.033809123,0.042000371,0.066597711,0.036829424,0.030546916,0.026251235,0.024654831,0.03224632,0.008323834,0.008983935,0.008015768,0.007473158,0.009671634,41.19
235,0.025993165,0.026920805,0.036642083,0.042081568,0.061213273,0.036922037,0.028618707,0.025894393,0.024094538,0.028531372,0.007687064,0.007838854,0.007796763,0.007148434,0.008222509,52.5
236,0.013602395,0.021456509,0.037738526,0.046982028,0.074545892,0.061982211,0.053778009,0.049312967,0.047385202,0.059741661,0.015952095,0.016220975,0.014629274,0.013914303,0.017883003,39.63
237,0.017695445,0.021213263,0.031589477,0.037707446,0.057987278,0.041605991,0.033594595,0.029310476,0.028871176,0.036805585,0.01002224,0.010244482,0.009424949,0.008143217,0.010752216,69.27
238,0.020829956,0.025143153,0.039420771,0.047120358,0.072469571,0.049197411,0.038779467,0.03418385,0.032663886,0.043024225,0.011915945,0.011854597,0.010990793,0.010556697,0.013015785,54.02
239,0.024611508,0.029669089,0.044664956,0.052652037,0.077063292,0.0542564,0.043868907,0.040338551,0.037419753,0.044423774,0.011958466,0.012972143,0.012377906,0.011120068,0.013581381,63.91
240,0.02611535,0.027478129,0.03692601,0.041930601,0.057174058,0.03257977,0.024105417,0.02222318,0.021395845,0.021086976,0.00558443,0.006454589,0.006052941,0.005295254,0.006090121,45.48
241,0.024919272,0.029314999,0.042919251,0.050147918,0.073990818,0.047860969,0.034652191,0.030886818,0.029949575,0.03109118,0.008042747,0.008052731,0.006900208,0.00665247,0.008612892,31.98
242,0.013446083,0.021159842,0.038148618,0.0477799,0.076927516,0.059169655,0.050939341,0.045154363,0.043709774,0.060032376,0.015991093,0.016419207,0.014701414,0.013624202,0.017502929,35.23
243,0.015951983,0.022321938,0.035718011,0.043297842,0.069818956,0.052709285,0.039563828,0.034931479,0.034554577,0.046393256,0.012347999,0.011525609,0.009517284,0.010149197,0.013729046,70.64
244,0.010016881,0.012615596,0.022430703,0.027838503,0.046607275,0.02933299,0.021297834,0.019855909,0.018800846,0.023812168,0.006603823,0.008900326,0.008738841,0.008132217,0.007979862,45.97
245,0.023379626,0.029115094,0.042528479,0.050680568,0.0781567,0.065522992,0.054867728,0.050977476,0.049886208,0.070693423,0.033671035,0.040579536,0.036675105,0.032340358,0.03648386,106.76
246,0.009676377,0.01431918,0.026435552,0.032876422,0.05727969,0.042520081,0.031557752,0.028084574,0.027869245,0.03856841,0.0097757,0.010692434,0.008484737,0.009197654,0.010810714,93.65
247,0.009625142,0.016961448,0.03180836,0.039758389,0.063814427,0.05990689,0.04785983,0.045081792,0.043075453,0.053808816,0.014537323,0.016225234,0.015740447,0.014227939,0.017399896,69.37
248,0.021347859,0.026837442,0.040224719,0.047589514,0.070797363,0.051172614,0.038314691,0.035032719,0.033495546,0.037777293,0.011097128,0.011447931,0.010253987,0.009654514,0.012129538,46.75
249,0.020734742,0.022898708,0.032501479,0.0376137,0.054758644,0.029941619,0.019929691,0.018198148,0.017349892,0.01527141,0.004474825,0.004143469,0.003656253,0.00405233,0.004350187,22.62
250,0.017883767,0.022152481,0.033900343,0.040125402,0.06017197,0.037855467,0.025982304,0.024033803,0.023030865,0.021357978,0.005232611,0.006766291,0.006311014,0.004720048,0.006454959,25.22
251,0.015542439,0.021488712,0.032211955,0.037536316,0.054097117,0.044476984,0.033297794,0.031526644,0.029890838,0.028016469,0.007822499,0.008264069,0.007541533,0.007004293,0.008623952,28.93
252,0.009367329,0.018057316,0.034128937,0.043421897,0.072947559,0.062082275,0.050919321,0.045363823,0.043680309,0.061028136,0.016170277,0.015637106,0.013812973,0.013831968,0.018128941,84.24
253,0.015084664,0.019847778,0.031058357,0.036647869,0.056315039,0.04572888,0.033359123,0.033248073,0.029944378,0.03064098,0.008912005,0.010106035,0.009446399,0.006535858,0.010414081,32.44
254,0.014989477,0.022226731,0.03587838,0.043422925,0.06875891,0.060434993,0.045149675,0.041158899,0.040102537,0.049839663,0.013414254,0.014033242,0.012523425,0.011545322,0.014670308,64.3
255,0.028546317,0.033911928,0.045633105,0.051978175,0.074794045,0.061194437,0.042860147,0.039599492,0.037988623,0.044922668,0.012728572,0.012834756,0.013133307,0.011724522,0.013630381,56.4
256,0.013982651,0.017279419,0.025040346,0.029113115,0.044261965,0.032991413,0.022320944,0.021801824,0.02126651,0.022723857,0.007933366,0.007639011,0.007534208,0.005924884,0.008060226,54.5
257,0.020875382,0.027297903,0.039797736,0.046226764,0.066562008,0.051181972,0.036740985,0.033751182,0.032843414,0.03226366,0.009121111,0.007833223,0.006678246,0.007698719,0.009388688,35.04
258,0.020202415,0.02769702,0.041303754,0.047211521,0.060856967,0.038806812,0.029297216,0.02815072,0.025709878,0.018426901,0.004612364,0.005036352,0.004894692,0.00452506,0.005297185,10.8
259,0.014409256,0.017715049,0.024437228,0.026707009,0.029616392,0.012283772,0.008492367,0.008275382,0.007497643,0.004767489,0.001467944,0.00244038,0.001491707,0.001187056,0.00151102,4.74
260,0.016102914,0.021239404,0.03227665,0.03854245,0.057323445,0.044572044,0.033060624,0.030783838,0.029513923,0.0285172,0.007406597,0.008720938,0.007359125,0.006664634,0.007810597,34.52
261,0.015458186,0.019468611,0.028309588,0.032303153,0.042943106,0.025985803,0.019122055,0.017936818,0.01654302,0.013043415,0.002747593,0.004377589,0.003352845,0.002210188,0.002825784,12.34
262,0.02232003,0.03123008,0.04707508,0.055220012,0.07781976,0.066190816,0.054277997,0.052240849,0.049105639,0.044983334,0.012799574,0.013877699,0.013164021,0.011902392,0.014294336,25.81
263,0.019724628,0.026096863,0.037910009,0.043321892,0.055793432,0.036348099,0.026922485,0.025447105,0.023887408,0.017620465,0.004503229,0.004633669,0.003852202,0.003773717,0.004754248,13.46
264,0.01945138,0.023027205,0.031353462,0.034863619,0.041248018,0.019995426,0.01363054,0.012939911,0.012506196,0.008080551,0.002041106,0.001923996,0.001739682,0.001860553,0.002230158,8.59
265,0.020790556,0.026887195,0.037878394,0.042428239,0.053387657,0.032734734,0.023559101,0.022582809,0.02110768,0.01487669,0.004244337,0.004251215,0.004160604,0.003814323,0.004351597,9.69
266,0.027207551,0.038786318,0.056056128,0.064055678,0.083464487,0.066798239,0.055232089,0.054243832,0.049843547,0.038822919,0.010397984,0.010635134,0.009552348,0.009812419,0.011509791,10.8
267,0.021002016,0.030771954,0.047157603,0.05498394,0.073828929,0.055794587,0.044998541,0.043771192,0.040203416,0.028042353,0.006952449,0.007892741,0.006362361,0.005654972,0.00731555,5.46
268,0.015623575,0.023213041,0.036748579,0.043770609,0.06226423,0.057383759,0.049664706,0.048483765,0.045817493,0.040756935,0.011299133,0.010648226,0.010399034,0.010402414,0.011935344,22.88
269,0.026293213,0.033225473,0.045904676,0.051749656,0.067063466,0.046249013,0.033460155,0.031335202,0.030124545,0.024153753,0.00643304,0.00584061,0.004300327,0.004618954,0.00663783,22.88
270,0.014272023,0.019276494,0.028499259,0.032272616,0.043525204,0.024861863,0.017388326,0.016512768,0.016204063,0.012164008,0.003091236,0.004045324,0.004167185,0.002526174,0.004108611,19.7
271,0.02069535,0.030878035,0.045885208,0.052941064,0.069175121,0.048429646,0.038362,0.037356391,0.034164546,0.024460891,0.005972868,0.007315441,0.007942598,0.006242972,0.006927468,6.29
272,0.003342962,0.003070698,0.005691651,0.007174192,0.013570307,0.008294089,0.009489844,0.008367298,0.007540594,0.019089916,0.014919546,0.014660995,0.014585295,0.014884827,0.01704895,332.3767747
273,0.001972336,0.00128483,0.001789672,0.002572475,0.008201956,0.002494327,0.003620135,0.00293571,0.002578782,0.01668551,0.015014238,0.015636038,0.015039664,0.014524562,0.017336849,747.0780418
274,0.003499141,0.002598285,0.004676694,0.006014197,0.012991519,0.005666258,0.006457573,0.005281295,0.004588042,0.016814216,0.013795401,0.014030649,0.013220887,0.013294821,0.015562032,507.6957992
275,0.005050068,0.004235495,0.007678502,0.009867137,0.018821052,0.009180112,0.010375636,0.008564105,0.007402594,0.023758931,0.016762982,0.016908838,0.015627411,0.016590075,0.0190765,360.0107227
276,0.003648962,0.002542988,0.004076698,0.005390164,0.012690068,0.005750897,0.006387487,0.00517428,0.004464831,0.015917151,0.012358433,0.012382551,0.011256866,0.012244932,0.013918218,539.7317274
277,0.00187411,0.001240763,0.001963588,0.002742636,0.007513801,0.003116511,0.003808088,0.002973931,0.002542071,0.01206572,0.011553124,0.011067477,0.010152425,0.012030604,0.013277664,831.3533806
278,0.007218347,0.006659322,0.010424475,0.012687629,0.02143587,0.013062168,0.013819237,0.012031715,0.010661728,0.022994502,0.013638762,0.013937857,0.01287934,0.013084177,0.015357204,205.6016241
279,0.004038814,0.003880393,0.006272836,0.007689301,0.013029231,0.009207265,0.009982183,0.009042038,0.008269381,0.016623878,0.013625137,0.014186181,0.013130231,0.012934534,0.015501511,228.2593263
280,0.001054135,0.000649486,0.001056285,0.001781895,0.008588871,0.002300298,0.003044678,0.00220411,0.001773394,0.018597028,0.020636081,0.020730176,0.019392524,0.02068994,0.024125486,1376.567116
281,0.007827315,0.006831578,0.010438858,0.013965135,0.029448634,0.021565359,0.016472873,0.014346233,0.014197279,0.032689894,0.018384526,0.019969479,0.017382497,0.016481105,0.020877557,94.03091241
282,0.007412888,0.006742995,0.010441591,0.013516773,0.025434512,0.016792079,0.01403025,0.012480958,0.012417586,0.027920899,0.014815514,0.016354268,0.013514395,0.012931692,0.016674264,130.434745
283,0.007196116,0.006712836,0.010945305,0.014505205,0.027662065,0.018482269,0.015692567,0.013955083,0.013937825,0.032666034,0.019098476,0.020965975,0.017385913,0.016727921,0.021580843,131.0515767
284,0.006372892,0.005110365,0.008346909,0.011453356,0.024463127,0.013988452,0.012284495,0.010801244,0.011073548,0.036340158,0.026280956,0.029779408,0.024006686,0.022693143,0.029496028,155.5401996
285,0.005840125,0.004890942,0.007759551,0.010543459,0.022789498,0.013826315,0.010773352,0.009308304,0.009359805,0.024903868,0.01171623,0.013719758,0.010713933,0.010061177,0.013319698,117.4019379
286,0.007282636,0.005892775,0.009022616,0.012054561,0.027168878,0.016928074,0.012758261,0.010934107,0.010912925,0.031188218,0.017474745,0.019725601,0.015674948,0.014972519,0.019630709,117.4175717
287,0.004252889,0.004104626,0.007193382,0.009473362,0.015472126,0.009317772,0.00897435,0.008072137,0.00819445,0.020627681,0.013430451,0.015313633,0.012195904,0.011652658,0.015408743,229.2515156
288,0.004521532,0.00416792,0.007347998,0.009815232,0.016256725,0.009122829,0.008645027,0.007721118,0.007852743,0.021335982,0.013465737,0.015450428,0.012236376,0.011694125,0.015479137,198.4992703
289,0.002643562,0.002242886,0.003949623,0.00575146,0.012670008,0.007053884,0.006087171,0.005254526,0.005417628,0.019141327,0.01341443,0.015189017,0.012010643,0.011553205,0.015306074,210.8290332
290,0.005911315,0.005152277,0.008431377,0.011059211,0.020746843,0.012807718,0.010910684,0.009653958,0.009526161,0.024322201,0.014697402,0.016128475,0.01404301,0.013213732,0.01669942,109.2597554
291,0.004990479,0.004374053,0.007417504,0.010077835,0.020133152,0.011907661,0.010637974,0.009375917,0.009431337,0.028485035,0.020497769,0.022607252,0.01928509,0.018126688,0.022993467,164.3035855
292,0.008231445,0.007409502,0.01097393,0.013936901,0.026619455,0.019791439,0.015692586,0.014041103,0.013691221,0.026484702,0.014805709,0.016635952,0.013856407,0.012958146,0.016648684,59.79190177
293,0.005997538,0.005568743,0.00966096,0.0126098,0.020166359,0.011736686,0.011284012,0.010195898,0.010191574,0.025743529,0.016864429,0.018859242,0.015542546,0.014667921,0.018987112,101.3951303
294,0.00407328,0.003641256,0.006615025,0.008581946,0.012960976,0.00634467,0.007159849,0.006431123,0.006477275,0.021597255,0.017295607,0.019663361,0.015756637,0.01482272,0.019359679,168.2160805
295,0.0048291,0.004484199,0.008216213,0.010678756,0.01650006,0.00903613,0.009810098,0.008896051,0.008961642,0.025983436,0.019698093,0.022914576,0.017807179,0.016609515,0.022057431,149.6108212
296,0.006884225,0.006692389,0.010647855,0.013148827,0.019656401,0.012434509,0.012402595,0.011446493,0.011368088,0.024773149,0.018416313,0.021547695,0.016517262,0.015472684,0.020654088,152.504053
297,0.002917882,0.003020089,0.004349917,0.005735626,0.009996256,0.006099802,0.00431234,0.003930276,0.003953899,0.004730834,0.001421224,0.001507727,0.001325043,0.00122752,0.00147538,36.65
298,0.003729147,0.00360142,0.004562899,0.005901171,0.010266976,0.00620051,0.004254122,0.003908374,0.003978623,0.005197244,0.001528241,0.001583614,0.001385506,0.001302974,0.001587653,35.19
299,0.004981759,0.005392033,0.007493934,0.009200519,0.013994381,0.008873607,0.006085815,0.00564069,0.005376022,0.004587308,0.001291518,0.001292843,0.001124674,0.001098432,0.001365135,10.01
300,0.009533951,0.010292247,0.012857628,0.014271452,0.018007588,0.013246859,0.010431245,0.010083467,0.009380738,0.007495399,0.003717114,0.003346849,0.002809809,0.003039827,0.003990329,5.38
301,0.01183456,0.013542572,0.017543503,0.019601623,0.02465892,0.018708451,0.014949596,0.014523473,0.013497817,0.010678008,0.004236575,0.004047431,0.003593797,0.003629408,0.004575783,6.11
302,0.005475932,0.007277824,0.010396112,0.011770681,0.014843254,0.011562565,0.00971443,0.009555402,0.008817183,0.006441899,0.001920166,0.00197666,0.002003506,0.001835893,0.00225491,2.10802857
303,0.002341226,0.002559437,0.003466803,0.004297848,0.006825134,0.004694746,0.00317784,0.002979932,0.00289706,0.008196011,0.016626572,0.01717886,0.016738076,0.015727242,0.019436168,11.56005
304,0.001212206,0.001216991,0.001656232,0.002199667,0.004036141,0.002636662,0.001596403,0.001558553,0.001715703,0.002502407,0.000722621,0.000748988,0.000726753,0.000658544,0.000789402,43.44934
305,0.00236024,0.002390313,0.003252299,0.00402036,0.006199057,0.004600308,0.002837705,0.002613795,0.002693585,0.003766289,0.001136601,0.00114529,0.0011781,0.001070193,0.001270476,39.6154
306,0.002142792,0.002330163,0.003476942,0.004428796,0.007147003,0.005115309,0.003137567,0.00289755,0.002999729,0.003959725,0.001075225,0.001096123,0.001124378,0.001016243,0.001216363,31.77258
307,0.002067947,0.002266038,0.003434814,0.004405005,0.007146375,0.005079306,0.003100407,0.002864733,0.002962062,0.003865139,0.00100356,0.001020262,0.001044039,0.000944696,0.001129789,35.02118
308,0.002271332,0.00227171,0.00310996,0.004074663,0.006373143,0.004509092,0.002910697,0.002898796,0.003123456,0.003928379,0.001309246,0.001168558,0.001362577,0.001312018,0.001442747,16.67685
309,0.003873082,0.00401806,0.005335193,0.006623748,0.009593928,0.007093148,0.004920991,0.004762703,0.004856724,0.005549211,0.00196696,0.001773692,0.001999826,0.001944923,0.002217435,19.420475
310,0.003051491,0.003379802,0.00498903,0.006506095,0.009381101,0.006818928,0.004542298,0.004312893,0.004335404,0.004604403,0.001166098,0.000859792,0.001174876,0.00123907,0.001331595,14.081075
311,0.001630646,0.001737712,0.002845697,0.003736693,0.007333083,0.004428384,0.003511541,0.003158112,0.002911373,0.002883803,0.000723928,0.00093337,0.000772442,0.000698397,0.000850098,18.3
312,0.001636415,0.001359104,0.002307,0.003252675,0.008890952,0.004113168,0.00355338,0.002965477,0.00281034,0.007199769,0.001950518,0.002293273,0.001944956,0.001773972,0.002178994,120
313,0.001772664,0.001705518,0.002683947,0.003660916,0.008892535,0.00582455,0.004607751,0.003979119,0.003645306,0.004574845,0.001117335,0.001377329,0.001156073,0.00107427,0.001321208,28.9
314,0.00097984,0.001086857,0.001863215,0.002484017,0.004652668,0.002871882,0.002362129,0.002239986,0.002164583,0.002109817,0.000563864,0.000671001,0.000577749,0.000566975,0.00065261,24.4
315,0.000734584,0.000812362,0.001385675,0.001841581,0.003870848,0.00306681,0.002772701,0.002552026,0.002415681,0.002699934,0.000725942,0.000822485,0.000730252,0.00069005,0.000835758,30.1
316,0.002415331,0.002395361,0.004484271,0.006322493,0.014248531,0.009053479,0.007065917,0.00588184,0.005457583,0.008578283,0.002198249,0.002464943,0.002222041,0.002056173,0.002482582,47
317,0.000794428,0.000869896,0.001476718,0.001942815,0.00366193,0.002712212,0.001950488,0.0018313,0.001857847,0.00219474,0.000560813,0.000662354,0.000560792,0.000525188,0.000619397,35.9
318,0.002529535,0.002265447,0.00378468,0.005062292,0.011602613,0.006663474,0.005003157,0.004152515,0.003895861,0.007778993,0.002031594,0.00230344,0.001986129,0.001830569,0.002218883,79.5
319,0.001953786,0.001982804,0.003353446,0.00464054,0.010486423,0.006690787,0.004995436,0.004170588,0.003859071,0.005246739,0.001312448,0.001522404,0.001297191,0.001222624,0.001468556,36
320,0.001336124,0.001407671,0.002408329,0.00324206,0.006472059,0.003868027,0.003139155,0.002768303,0.002592463,0.003624209,0.000920378,0.001064102,0.000918023,0.000862886,0.001027946,41.8
321,0.000940348,0.000989028,0.00181524,0.002344033,0.004527316,0.00385888,0.004000253,0.003651394,0.003417181,0.004618306,0.001689033,0.001726838,0.001618349,0.001570233,0.001889749,39.9
322,0.001614263,0.001731014,0.00313925,0.004213904,0.008410394,0.005643664,0.004764336,0.0041137,0.003833803,0.005241661,0.001524134,0.001648804,0.001523078,0.001441647,0.001700088,37.9
323,0.000809005,0.000903782,0.001504886,0.001812216,0.003040027,0.002297142,0.002170285,0.002015468,0.001912034,0.002117706,0.000686498,0.000756032,0.00075238,0.000683832,0.000736296,20.6
324,0.001918621,0.00188048,0.003551329,0.004440254,0.007576113,0.004069573,0.003797545,0.003394102,0.003248367,0.005876615,0.001937437,0.0022577,0.002305012,0.00199355,0.002072135,80.2
325,0.001095687,0.0012482,0.00219917,0.002844092,0.00544984,0.003474531,0.003088023,0.002779213,0.002649677,0.003015879,0.00088977,0.001012506,0.001054349,0.000907188,0.000950476,29
326,0.000530469,0.000599194,0.001017606,0.001225075,0.002017833,0.001930545,0.001799766,0.00175774,0.001757442,0.002135205,0.000761587,0.000822601,0.000810844,0.000743676,0.000822391,49.7
327,0.000994228,0.001088367,0.001722841,0.002117986,0.003734837,0.002384941,0.001597273,0.001535184,0.001559424,0.001557793,0.000467351,0.000598457,0.000595148,0.000481703,0.000503427,33.5
328,0.000999986,0.001095746,0.001511086,0.001824412,0.003258867,0.002566865,0.001367817,0.001442278,0.001686446,0.00335659,0.001099927,0.001261769,0.001151649,0.000972089,0.001036727,201
329,0.000476085,0.000590024,0.000836593,0.000996362,0.001981653,0.001437968,0.000752492,0.000747622,0.000820666,0.001786308,0.000540617,0.000586588,0.000558219,0.000497143,0.000557402,196
330,0.001332424,0.001605141,0.00246981,0.003055054,0.005115191,0.003015568,0.002204612,0.002024223,0.001881529,0.001827796,0.000454821,0.000582213,0.000465151,0.000424037,0.000506587,15.1
331,0.001710795,0.001946458,0.002900301,0.003641653,0.00673977,0.003349472,0.002529379,0.002270723,0.002060735,0.002044267,0.000517631,0.000667954,0.00055783,0.000501403,0.000585338,14.7
332,0.000519361,0.000666173,0.001156982,0.001451746,0.002373604,0.001640856,0.001368735,0.001326562,0.001253185,0.001021135,0.000254187,0.00032195,0.000259626,0.000245478,0.000297403,10.5
333,0.001306295,0.001417645,0.00238977,0.003101249,0.006747643,0.003816661,0.003137817,0.0027738,0.002576132,0.003466227,0.000878641,0.000970181,0.000860402,0.000841662,0.000989966,36.9
334,0.002355611,0.002052598,0.003052703,0.004080764,0.011262011,0.005806546,0.004603062,0.003769621,0.003389765,0.005796017,0.001437793,0.001646821,0.00145251,0.001348333,0.001620582,52.3
335,0.001519338,0.001608006,0.002717673,0.003544842,0.007408623,0.004419122,0.003483166,0.003046471,0.002832244,0.003751631,0.000994445,0.001159346,0.001014317,0.000945194,0.001104786,33
336,0.001202213,0.001133178,0.002134523,0.002919036,0.006252536,0.003938238,0.003171814,0.002742656,0.002611967,0.00431747,0.001118618,0.001320274,0.001093846,0.001014899,0.001246599,53
337,0.002281245,0.002094677,0.003874364,0.005207577,0.012000229,0.005999596,0.004587025,0.00378977,0.003529834,0.008611955,0.002493124,0.002928036,0.002468728,0.00224434,0.002771683,102
338,0.001142206,0.001021213,0.001668149,0.002230972,0.00476613,0.002574642,0.002388751,0.002047871,0.001969896,0.003987058,0.001118177,0.001328689,0.001097267,0.001009586,0.001242616,83.2
339,0.001767441,0.001847794,0.002994577,0.003993999,0.008607211,0.005085171,0.003817869,0.00327779,0.003024538,0.003718545,0.000863959,0.001092629,0.000892864,0.00081203,0.001002562,28.4
340,0.000891369,0.000981119,0.0015669,0.002056692,0.004115615,0.002860662,0.002120989,0.001898594,0.001809041,0.001931889,0.000443674,0.000560596,0.00045698,0.000430136,0.000518003,21.4
341,0.001339467,0.001396233,0.002247533,0.003051189,0.007338883,0.004716973,0.003424671,0.003088948,0.003006799,0.003106137,0.000714301,0.000849633,0.000815116,0.000751012,0.000853442,23.7
342,0.002507338,0.002524076,0.004014818,0.005309334,0.011341206,0.006530795,0.004878685,0.004254372,0.003956159,0.004533523,0.001169449,0.001351361,0.001284257,0.001184134,0.001360111,23
343,0.001594746,0.00140813,0.002633663,0.00351253,0.007711099,0.004425101,0.004200662,0.003608388,0.003386101,0.007482917,0.002361346,0.002594245,0.00242086,0.002277974,0.002732195,102
344,0.00210307,0.002344796,0.003780839,0.005054362,0.008065196,0.007541365,0.004288078,0.00385888,0.004060503,0.006866691,0.0015408,0.002199458,0.001788546,0.001426282,0.001759214,65.3434084
345,0.002160285,0.002447382,0.00396775,0.005202577,0.008378822,0.006926974,0.004300132,0.003921427,0.004020205,0.005283935,0.001285784,0.001903904,0.0015571,0.001212239,0.00151046,40.231313
346,0.002118868,0.002484857,0.004109561,0.005404967,0.009120635,0.006941748,0.004425346,0.004051283,0.004081604,0.004766409,0.001153101,0.001740519,0.001425674,0.001108256,0.001372075,31.576053
347,0.002056661,0.002302142,0.003748509,0.005000915,0.008104244,0.006839946,0.004184841,0.003873254,0.004064505,0.005433833,0.001341757,0.001970488,0.001610793,0.001256591,0.001544341,38.292088
348,0.002115269,0.002332226,0.003752545,0.004952551,0.007710975,0.006883916,0.004178287,0.003814237,0.003994637,0.005942706,0.001450681,0.002149893,0.001758852,0.001367149,0.001681712,52.1607629
349,0.002129841,0.002420269,0.003913782,0.005164186,0.008640476,0.006963264,0.004280471,0.003899104,0.003992024,0.00516719,0.001265889,0.001880121,0.00152575,0.001196221,0.001487226,43.0532019
350,0.002145822,0.002420306,0.003920426,0.005214137,0.008858277,0.007226706,0.004394197,0.004000108,0.004110194,0.005388635,0.001301817,0.00197245,0.001598323,0.001244649,0.001532424,48.7740451
351,0.002001281,0.002270619,0.003686068,0.004877782,0.008011324,0.006743554,0.004076432,0.003733168,0.003863657,0.005184823,0.001244491,0.001835554,0.001497468,0.001167046,0.001440737,50.0134029
352,0.002225999,0.002369455,0.003629784,0.004767549,0.007193207,0.006915638,0.004103683,0.003759806,0.004009801,0.006964664,0.001731673,0.002454728,0.002027608,0.001607018,0.001965517,74.5128811
353,0.001944528,0.001975082,0.003035698,0.004081338,0.00617224,0.006406892,0.003555303,0.003281574,0.003615077,0.007026336,0.001788736,0.00249324,0.002061584,0.001635387,0.001977203,94.9627167
354,0.002043733,0.002179682,0.003485715,0.004644954,0.007340248,0.006847753,0.003975929,0.003650947,0.003908019,0.006067404,0.001522416,0.002184674,0.001801486,0.001409731,0.001709486,64.7062382
355,0.002166868,0.00238272,0.003830716,0.005091126,0.00823025,0.007197516,0.004323439,0.003992431,0.004210663,0.005762652,0.001431568,0.002069412,0.001707057,0.00133167,0.001618456,53.4752566
356,0.002006947,0.002131456,0.003355289,0.004481673,0.006932045,0.006768936,0.003868849,0.003597118,0.003940106,0.006878801,0.001772139,0.002410281,0.002000457,0.001601778,0.001924681,91.9691132
357,0.002082795,0.002284985,0.003860823,0.005356175,0.00927877,0.00839919,0.004721627,0.004121938,0.004334505,0.009003751,0.00215177,0.002840743,0.002399174,0.00196796,0.002421675,99.0498141
358,0.002124576,0.002292567,0.003825496,0.005281999,0.008931994,0.008297021,0.004660806,0.004149353,0.0044621,0.009311879,0.002375733,0.003068147,0.002602692,0.002142956,0.002605148,87.7701642
359,0.001807496,0.00192627,0.003327,0.004851449,0.008777917,0.008230302,0.004378451,0.003843313,0.004202525,0.010069714,0.00254829,0.003311787,0.002793141,0.002303174,0.002814749,116.807646
360,0.002144379,0.0022514,0.003520168,0.004840672,0.00863203,0.007761005,0.004462931,0.004041025,0.004392961,0.008651698,0.002352078,0.003627871,0.002997347,0.002258649,0.002742799,84.3062955
361,0.001756083,0.001810008,0.002984133,0.004353919,0.008053579,0.007275163,0.003842055,0.00345384,0.003823663,0.009062284,0.002289121,0.003041879,0.002557117,0.002073016,0.002514443,122.573342
362,0.00203476,0.002141509,0.003508901,0.005174611,0.008409395,0.007506306,0.004211694,0.003887422,0.004320585,0.008358208,0.002141435,0.002836953,0.002405249,0.001941922,0.002316615,98.9770392
363,0.002083054,0.002049921,0.003113731,0.004433087,0.007958237,0.007358567,0.003903799,0.003601291,0.004075853,0.009279369,0.00243169,0.003406513,0.002895943,0.002265972,0.002703939,107.925836
364,0.003600966,0.004053224,0.006711388,0.008949191,0.019319324,0.011467907,0.009596417,0.008736557,0.008772158,0.010335084,0.002560733,0.003812653,0.003325406,0.002519783,0.003019982,31.4705372
365,0.00276349,0.003007784,0.004866163,0.006492986,0.013169087,0.0081308,0.006529135,0.005969436,0.006125013,0.00775603,0.001944221,0.002834714,0.00243557,0.001883775,0.002269397,37.1869936
366,0.004448171,0.005103714,0.008257765,0.010807466,0.021646268,0.014104663,0.011431003,0.01027375,0.010216689,0.01340236,0.003368764,0.004477646,0.00388345,0.003169975,0.003891858,41.6320286
367,0.00372392,0.004228166,0.006639917,0.008631205,0.017363673,0.011145829,0.00879229,0.007875992,0.007701841,0.009437536,0.002417315,0.003193668,0.00276294,0.002286346,0.002821677,32.2498252
368,0.003189579,0.003459361,0.005471483,0.007052125,0.01409119,0.008406127,0.007442385,0.0067977,0.006817522,0.0078374,0.001983964,0.002941733,0.002508409,0.001930472,0.002343943,37.9517012
369,0.002679202,0.002906672,0.004571246,0.006091015,0.012498398,0.007436717,0.006183635,0.005670294,0.005797506,0.00711572,0.00182047,0.002626487,0.002217837,0.001738927,0.00212365,32.1226747
370,0.003303641,0.003630813,0.005622444,0.007152476,0.013722093,0.008476121,0.007214623,0.006606149,0.006621985,0.00768906,0.002012613,0.002805299,0.002387201,0.001914043,0.002339292,34.185992
371,0.003755053,0.003944858,0.005641549,0.007046083,0.013101625,0.008239687,0.007389941,0.006949142,0.007060966,0.007915474,0.002501321,0.00371735,0.003198771,0.002432307,0.002956052,36.4667448
372,0.003110461,0.003489736,0.005550026,0.00709379,0.013520045,0.008339293,0.007052801,0.00646877,0.00646434,0.007546429,0.001938624,0.002736661,0.002307652,0.001846525,0.002280067,33.9080011
373,0.003688896,0.004065554,0.006089582,0.007691423,0.015165017,0.009132247,0.007951592,0.007281005,0.00718098,0.008139297,0.002296159,0.003548409,0.003029679,0.002279356,0.002767578,33.3038213
374,0.004019158,0.004269472,0.006298813,0.007961714,0.01517851,0.00929139,0.008240103,0.007615066,0.007644311,0.008901412,0.002656838,0.004030499,0.003456232,0.00261054,0.003136052,31.7791455
375,0.003643915,0.003557031,0.004816084,0.006009891,0.011310575,0.007067899,0.006349334,0.005877609,0.005968801,0.006998419,0.002265406,0.003812176,0.003195603,0.002305481,0.002796878,33.4095357
376,0.003616111,0.00358242,0.004747476,0.005898313,0.011003595,0.00699992,0.006500875,0.00607598,0.006178511,0.00718745,0.002359205,0.003985296,0.003345678,0.00240709,0.002920528,32.849848
377,0.003878678,0.003791226,0.004991504,0.00621143,0.012173933,0.007623548,0.007324559,0.006814278,0.006851239,0.007984025,0.002660552,0.004455431,0.003831504,0.002728259,0.003287565,27.9652511
378,0.005830147,0.005673351,0.007557867,0.009787335,0.01806328,0.013613731,0.010360649,0.009526089,0.009963079,0.015818125,0.005001765,0.007572979,0.006412047,0.004907444,0.005909509,62.1978977
379,0.005369079,0.005339022,0.00733729,0.009345719,0.017861811,0.012449913,0.010291592,0.009436657,0.009668061,0.013939809,0.004275163,0.006610096,0.005659676,0.004257472,0.005148819,52.8157606
380,0.004293214,0.004314801,0.006018814,0.007930785,0.015141487,0.011188634,0.008556862,0.007834345,0.008216543,0.013366651,0.004025462,0.005910375,0.005001714,0.003873335,0.004721805,68.4938039
381,0.005244516,0.005874643,0.009286402,0.012688775,0.023660818,0.01566977,0.012489723,0.011363059,0.011490361,0.016381971,0.004736849,0.006156681,0.005349634,0.004469207,0.005493154,51.6520689
382,0.00506587,0.005301352,0.007715674,0.010526917,0.019572468,0.013420483,0.010830111,0.009911503,0.01011399,0.014539091,0.004444148,0.006582508,0.005625514,0.004374714,0.00533158,52.2737843
383,0.005122627,0.004992304,0.006811955,0.009390147,0.017774031,0.011801104,0.009335648,0.008588746,0.008899513,0.013467306,0.004187069,0.006448924,0.005606493,0.004284886,0.00506083,56.616524
384,0.002357672,0.003198161,0.005408676,0.007007732,0.011580116,0.009224483,0.006740645,0.006176382,0.005959359,0.006357655,0.001538784,0.001887673,0.001685339,0.001398524,0.001700506,27.2997959
385,0.002479136,0.003522753,0.006432515,0.008599924,0.015034155,0.012203317,0.008813394,0.008015731,0.007734932,0.008359466,0.001875,0.002313084,0.002057565,0.00168853,0.002080854,27.9976793
386,0.001941105,0.002573721,0.004332492,0.005653409,0.009350165,0.007304664,0.005096419,0.004597133,0.004450969,0.005003502,0.001152176,0.001421127,0.00125704,0.001035312,0.001265673,22.0285895
387,0.001708488,0.002126099,0.003583963,0.004807392,0.008114059,0.006255859,0.003954221,0.003507274,0.00351229,0.004582335,0.001045507,0.00130706,0.00115434,0.000933746,0.001125468,42.600456
388,0.002990265,0.004540618,0.009073557,0.012509215,0.023277037,0.019631949,0.014199766,0.012803149,0.012430209,0.014541493,0.003213932,0.003792481,0.003411913,0.002917805,0.003578646,31.4838428
389,0.002747909,0.004158437,0.008127321,0.011123787,0.020583482,0.017266237,0.012512455,0.011305294,0.01100119,0.012596906,0.002844932,0.003288548,0.00296237,0.002557363,0.00312758,31.5294422
390,0.003312298,0.004964994,0.009640298,0.013125628,0.023876676,0.019938572,0.014270015,0.012863545,0.012498455,0.014528767,0.003283019,0.003826734,0.003413191,0.002963211,0.003612654,32.2583772
391,0.002936835,0.004331783,0.008271651,0.01122288,0.019975236,0.016861392,0.012148443,0.011021938,0.010787343,0.012725019,0.002982058,0.003453617,0.003087908,0.002665632,0.003272506,33.7394054
392,0.002615976,0.003887621,0.007531234,0.010314929,0.01855873,0.015839112,0.011333983,0.01022136,0.010035272,0.012257653,0.00283654,0.003262089,0.002927444,0.002529822,0.003110308,36.9403516
393,0.001999597,0.002837702,0.005554166,0.007660089,0.013798341,0.011702971,0.008007461,0.007111584,0.006984705,0.009034034,0.002015877,0.002362347,0.002097497,0.00180374,0.002225042,40.140963
394,0.00240446,0.003524509,0.006955348,0.00955843,0.017022746,0.014266789,0.00980335,0.0086939,0.008511555,0.011029739,0.002464151,0.002853645,0.002528592,0.002181647,0.002704979,40.5102417
395,0.001970626,0.00282001,0.005818096,0.008224748,0.015061854,0.012811161,0.008270687,0.007251983,0.007241374,0.010127698,0.002061131,0.002466008,0.002174465,0.001830393,0.002246172,45.082863
396,0.002252143,0.003351505,0.006731202,0.009340128,0.016869322,0.014437512,0.00986401,0.008701134,0.008499295,0.011423477,0.00254727,0.00289865,0.002556342,0.002248033,0.002801227,42.0808937
397,0.001809207,0.002489818,0.005001314,0.007320919,0.013969815,0.012180269,0.007459617,0.006328938,0.006359886,0.012124327,0.003015392,0.003379671,0.002989304,0.002647955,0.003287583,74.5473542
398,0.001734274,0.002344476,0.004671377,0.006834606,0.013047151,0.011484472,0.007175377,0.006178458,0.006304363,0.012070354,0.003315558,0.003698128,0.003279174,0.002912052,0.003611663,79.7324595
399,0.002010692,0.00275966,0.005442699,0.007869377,0.014971545,0.012827663,0.008073178,0.006895801,0.006912521,0.012878741,0.003467576,0.003858363,0.003408692,0.003046048,0.003784311,71.71721
400,0.001387157,0.001873587,0.003750142,0.005513847,0.010578673,0.009372417,0.005715645,0.00483715,0.004893202,0.010099046,0.002755595,0.003057308,0.002694103,0.002411123,0.003011273,90.3910841
401,0.001364915,0.001811523,0.003850099,0.005876131,0.012125417,0.010704255,0.006364078,0.005248864,0.005292917,0.011597758,0.002965341,0.00329524,0.002930284,0.002613639,0.003264848,83.7063684
402,0.001826652,0.002499185,0.005400877,0.008338207,0.017460648,0.015978586,0.009792097,0.008163186,0.008262642,0.018017584,0.004869672,0.005404598,0.004807053,0.004300253,0.005372358,87.4228639
403,0.001337849,0.001810145,0.003715134,0.005578935,0.011170112,0.010011785,0.006079868,0.005057997,0.005082968,0.010855735,0.002994109,0.003327543,0.002945858,0.002637539,0.003275555,83.3884409
404,0.00323441,0.003987709,0.007617789,0.01102529,0.021865589,0.015793382,0.011057566,0.00960571,0.009456326,0.013422055,0.002487917,0.003078487,0.002894406,0.002360452,0.002865656,23.2959352
405,0.002792643,0.003273876,0.006350328,0.009486903,0.020349499,0.013164006,0.009578964,0.008182708,0.007907274,0.010429561,0.001973368,0.002571191,0.00244362,0.001929593,0.002274614,22.1690528
406,0.002357263,0.002302027,0.003856966,0.005430308,0.010349664,0.006571252,0.005250803,0.004629386,0.004616656,0.006593553,0.001503007,0.002150868,0.002040932,0.001536644,0.001772865,51.5071662
407,0.002281717,0.002215656,0.003762372,0.005352993,0.010337302,0.006518514,0.0051637,0.004487625,0.004402266,0.006239724,0.001398409,0.002022677,0.001931512,0.00144317,0.001664965,35.7896488
408,0.002278085,0.002386056,0.004335165,0.006134893,0.012057862,0.00710328,0.006005437,0.005199486,0.005018016,0.006836773,0.001577958,0.002081507,0.001975116,0.001554071,0.001820093,28.8753491
409,0.002676663,0.002889583,0.00545344,0.007914572,0.01608484,0.009679252,0.007739674,0.006651502,0.006439203,0.009595904,0.002035463,0.002675531,0.002529947,0.001992481,0.002357229,29.2186848
410,0.002381119,0.00246237,0.004322366,0.00642128,0.01395315,0.007616757,0.00617331,0.005423554,0.005414296,0.009092822,0.002054771,0.002638752,0.002506353,0.002004587,0.002351747,52.3795996
411,0.001992221,0.001983454,0.003721116,0.005523583,0.012010941,0.006301022,0.005713152,0.004980094,0.004949334,0.00791366,0.001863325,0.002434589,0.00228671,0.001812058,0.002118768,41.1037366
412,0.002075266,0.002085773,0.00373331,0.005407148,0.011240391,0.006891318,0.005597924,0.004872509,0.00492581,0.008925829,0.002110035,0.002642497,0.002477159,0.002012244,0.002383299,54.4737275
413,0.002045824,0.002047425,0.003579734,0.005063171,0.009886377,0.006235923,0.005176579,0.004485937,0.00449998,0.008845736,0.001873714,0.002302142,0.002174955,0.001785807,0.002127138,62.1212466
414,0.002133668,0.002084349,0.003758466,0.005511852,0.011558015,0.007067535,0.005862758,0.005021228,0.00506699,0.010283842,0.002283239,0.002819051,0.002658713,0.002173969,0.002588519,55.2469905
415,0.002023148,0.002057381,0.004072082,0.00596074,0.012779077,0.00692772,0.006296258,0.005269887,0.005095372,0.009301301,0.001982297,0.002444573,0.002303571,0.001891043,0.002268532,30.6182543
416,0.001914644,0.001971968,0.003884883,0.00558539,0.011890441,0.006110983,0.005908443,0.004950023,0.004689495,0.007889367,0.001676457,0.00207582,0.001979318,0.001613539,0.001932624,54.5003493
417,0.00197903,0.00197209,0.003727368,0.005350382,0.011193926,0.005939865,0.005569694,0.004674458,0.004480676,0.007737396,0.001645288,0.002063241,0.001959487,0.001599016,0.00190925,48.331556
418,0.001686964,0.001622534,0.00307983,0.004521886,0.009885262,0.005211166,0.004813195,0.004025388,0.003889793,0.006940391,0.001394009,0.001788945,0.001710782,0.001373081,0.0016339,37.802129
419,0.002068398,0.0019447,0.003338755,0.004932896,0.010680345,0.006440613,0.005163937,0.00437537,0.004370027,0.009011502,0.001855849,0.002386802,0.002269035,0.00183918,0.002195647,51.0111141
420,0.001532607,0.00143335,0.002744741,0.004094877,0.00913721,0.00462696,0.004346218,0.003598814,0.003457487,0.006213074,0.0012715,0.001642115,0.00156439,0.001249528,0.001477603,47.1791185
421,0.001833002,0.00175619,0.003283807,0.004765394,0.00996871,0.005378414,0.005031009,0.00423005,0.004095144,0.007068009,0.001465087,0.001863028,0.001771689,0.001434661,0.001703881,42.9256635
422,0.001641351,0.001563339,0.003005014,0.004448172,0.009531819,0.005046651,0.004811058,0.004060646,0.003999819,0.007222867,0.001487219,0.001906168,0.001801212,0.001440778,0.001693912,48.875644
423,0.005456466,0.007147149,0.012533407,0.01660217,0.028276809,0.02462025,0.017987474,0.016031049,0.015712153,0.02123977,0.005456855,0.006656863,0.006002591,0.004974851,0.006103568,45.7548706
424,0.004781763,0.005962642,0.010837371,0.014696291,0.025506568,0.023048971,0.017048573,0.015079768,0.014886425,0.022820886,0.006604461,0.007913132,0.007062944,0.005987033,0.007448075,53.0201192
425,0.003647007,0.00416253,0.007690067,0.010435207,0.01847191,0.013989644,0.010466854,0.00933499,0.009395707,0.014679703,0.003964598,0.005135969,0.004547841,0.003602738,0.004375053,52.8128153
426,0.003005838,0.003200339,0.006147997,0.008469996,0.014981266,0.011721808,0.007784567,0.006769784,0.007016474,0.012670696,0.002815312,0.00393064,0.003417214,0.002581792,0.003095468,58.8604877
427,0.003315611,0.003559556,0.006715615,0.009231653,0.017735686,0.011347183,0.008320333,0.007176748,0.007106419,0.011727113,0.002628151,0.003657748,0.003157516,0.002415208,0.00292799,43.4226073
428,0.00310662,0.003283904,0.006132154,0.008401198,0.016894493,0.010150688,0.007709201,0.006574326,0.006342239,0.01024692,0.002295322,0.00307706,0.002643266,0.002081986,0.002554437,34.6660384
429,0.003435196,0.003670208,0.006944028,0.009590666,0.019446981,0.012146833,0.009091631,0.007751379,0.007492245,0.012392591,0.002819581,0.003702438,0.003190136,0.002552002,0.003145879,34.9853487
430,0.003114811,0.00351323,0.006645735,0.009057499,0.017997709,0.011918959,0.009134892,0.007833202,0.00744557,0.011862898,0.00272684,0.003469559,0.003001383,0.002459404,0.003071339,36.2938367
431,0.004138827,0.004633427,0.008505931,0.011279445,0.020668991,0.014152574,0.011217039,0.009865583,0.009406596,0.013655325,0.003637994,0.004432402,0.00383396,0.003235473,0.004038525,27.5822547
432,0.002987041,0.003310409,0.006582651,0.009000478,0.018755183,0.011355262,0.009201743,0.007908381,0.00743268,0.011384971,0.002582982,0.003335614,0.002880387,0.002343348,0.002911423,25.633455
433,0.002853111,0.003116462,0.006333399,0.008632607,0.017800885,0.011399152,0.008937152,0.007594423,0.007163827,0.011614201,0.002575296,0.003241982,0.002777087,0.002301195,0.002889009,24.2911905
434,0.003376048,0.003539015,0.006929898,0.009386463,0.019762798,0.01205769,0.009077363,0.007633914,0.007189289,0.011561027,0.002558554,0.003233494,0.002775247,0.002281014,0.002851976,23.3748738
435,0.002946039,0.003137251,0.006273928,0.008469256,0.016947719,0.011145572,0.008510361,0.007192749,0.006816173,0.011570585,0.002593015,0.003249495,0.002806569,0.002328743,0.002916486,28.4353678
436,0.002827156,0.002998171,0.00618616,0.008461804,0.018002261,0.011003576,0.008373448,0.00705575,0.006654504,0.010680981,0.002287606,0.002892677,0.002497275,0.002047791,0.002547071,24.8134306
437,0.002559589,0.002618806,0.005263677,0.007216333,0.015248712,0.009887802,0.007542338,0.006377642,0.00615438,0.0105497,0.002378407,0.003376393,0.00286499,0.002193905,0.002721867,28.2421949
438,0.002580306,0.002642335,0.005250717,0.007064847,0.015235775,0.008286643,0.00682117,0.005789143,0.005410952,0.008494707,0.001928635,0.002463843,0.002109396,0.001736745,0.002163891,19.8351895
439,0.002737762,0.002957119,0.005820264,0.007918715,0.016041456,0.010328257,0.008204366,0.007042135,0.006718038,0.011081093,0.002653954,0.003524648,0.003011388,0.002426172,0.003026332,30.7958458
440,0.003060011,0.003243923,0.006719272,0.009212137,0.020540712,0.011013314,0.008736806,0.007368115,0.006848155,0.01061149,0.002229734,0.002815324,0.002409765,0.00199012,0.002478192,21.5458857
441,0.004740811,0.008424832,0.016637469,0.021488859,0.035899206,0.040457375,0.041520625,0.042335791,0.040101457,0.032580603,0.008713243,0.00958969,0.008631841,0.007920633,0.010101617,2.94513907
442,0.003032267,0.005740243,0.012501746,0.01668893,0.029240336,0.03310962,0.033710793,0.034255646,0.032408953,0.02592635,0.006063034,0.006789021,0.006180863,0.005620852,0.007161302,3.80239935
443,0.003414338,0.006164931,0.012581341,0.016516204,0.027908362,0.031176455,0.031499536,0.031879838,0.03014168,0.024777391,0.00642328,0.00707298,0.006426428,0.005880489,0.007486886,5.03943587
444,0.002625274,0.00487671,0.010381714,0.013791821,0.023886251,0.027009722,0.027586516,0.028023948,0.026489136,0.021538822,0.005457662,0.005921454,0.00544142,0.00501567,0.006392346,3.35748001
445,0.002944141,0.005511882,0.012025428,0.016267035,0.028893222,0.032560383,0.032724692,0.032818856,0.031067764,0.027365837,0.006564336,0.007165437,0.006596571,0.006055602,0.007705729,7.03192475
446,0.002843962,0.005527213,0.012413023,0.016855953,0.030476205,0.034533215,0.034917663,0.035141336,0.033210444,0.028136612,0.006435848,0.007011499,0.006463418,0.005946083,0.007611784,1.85025562
447,0.002421838,0.004447083,0.009957989,0.013794755,0.02483695,0.025897281,0.025016787,0.024299291,0.023011617,0.025540447,0.005942324,0.006462063,0.00594636,0.005460218,0.006951408,17.2015138
448,0.002926144,0.005218147,0.011448534,0.01596413,0.028983788,0.029134682,0.02753868,0.026465852,0.025065238,0.029224711,0.006897189,0.007520494,0.006886058,0.006307954,0.007982,35.8733693
449,0.00211168,0.003610127,0.008226927,0.011869706,0.022283891,0.021866793,0.020172363,0.019087027,0.018142225,0.024897308,0.005824732,0.006369562,0.005850531,0.005347162,0.006765858,52.4754519
450,0.00279279,0.005024735,0.010884712,0.015008552,0.027177347,0.028924398,0.028095483,0.027432141,0.025957656,0.026570385,0.006285213,0.006770696,0.006275269,0.00577754,0.007322158,13.1322514
451,0.003063171,0.005219771,0.010835435,0.014692241,0.026344922,0.026754996,0.025023019,0.024245593,0.022836329,0.022885041,0.005165941,0.005782191,0.005373302,0.004830847,0.006099467,20.6944442
452,0.004574521,0.007133604,0.013032848,0.017211134,0.02837662,0.026400343,0.023927402,0.022651208,0.021446115,0.028500238,0.007366109,0.007893173,0.007246916,0.006687855,0.008364765,22.6971527
453,0.002437764,0.003496509,0.006958579,0.009652832,0.018073278,0.01412448,0.01153141,0.010192642,0.009727759,0.0146535,0.003135062,0.003496756,0.003261418,0.002887454,0.003566886,40.7910902
454,0.002149243,0.003104397,0.006528845,0.009549335,0.018355924,0.014311997,0.011285504,0.009922359,0.009619499,0.018885089,0.003905599,0.004336258,0.004024361,0.003570551,0.004432846,57.4079259
455,0.002855387,0.004633947,0.009562168,0.013274652,0.024576453,0.022687116,0.019475679,0.017918872,0.016907168,0.020540765,0.004423671,0.004787979,0.00444953,0.004050463,0.005091845,30.7360493
456,0.002965556,0.004828445,0.009802093,0.013501547,0.024708347,0.022499633,0.019303909,0.017779017,0.016786135,0.020382857,0.004603451,0.004998093,0.00463781,0.004221292,0.005284463,27.024912
457,0.002342221,0.00349302,0.006972985,0.01030295,0.019998074,0.017842959,0.012478431,0.010779251,0.010410529,0.020302762,0.004763721,0.005210908,0.004811709,0.004360204,0.005450498,47.7801206
458,0.003107358,0.004640803,0.009502117,0.013339969,0.025986564,0.022026447,0.017623521,0.015727429,0.014835906,0.018061087,0.003667813,0.00421392,0.003865799,0.003430124,0.004285571,30.5564795
459,0.002913123,0.004637955,0.009842567,0.013826108,0.027317435,0.023189473,0.018863498,0.016854001,0.01585349,0.01835671,0.003475431,0.00393637,0.003655268,0.003232145,0.00406849,28.375638
460,0.002610451,0.004204269,0.009169183,0.013081633,0.02607874,0.022879127,0.018494312,0.016465233,0.015537037,0.01887333,0.003810001,0.004260132,0.003916945,0.003510138,0.00441548,21.374403
461,0.002702801,0.003267455,0.006242879,0.008716851,0.017408426,0.013514564,0.010029885,0.008650539,0.008767899,0.019050485,0.006020363,0.007014374,0.00627731,0.005498859,0.006798319,95.0590314
462,0.002310851,0.00266186,0.005271896,0.007531287,0.015754763,0.011866467,0.008751888,0.007392515,0.007444552,0.017194823,0.005114473,0.006038862,0.005387316,0.004721712,0.005880101,107.911416
463,0.001855527,0.00196949,0.003911759,0.005766766,0.012337308,0.008918884,0.00619523,0.00520122,0.005407903,0.015025464,0.004163812,0.005034784,0.004461518,0.003845727,0.004768355,129.388735
464,0.002154199,0.002287205,0.004517255,0.006570223,0.014184475,0.00957694,0.007073135,0.005979319,0.006138274,0.014907597,0.003977642,0.004888608,0.004313559,0.003672637,0.004544651,104.474011
465,0.002160613,0.002283891,0.004374261,0.006288372,0.013348465,0.008701496,0.006564955,0.005598938,0.005729125,0.013111124,0.00349026,0.004350958,0.00379183,0.003207788,0.003962056,100.94878
466,0.001941345,0.001995982,0.003858215,0.005607013,0.012070839,0.007112648,0.00574021,0.004990311,0.005170453,0.011011478,0.002695248,0.003551258,0.003054663,0.002489151,0.00305743,92.5530105
467,0.001896777,0.001911788,0.003615701,0.005266434,0.011338556,0.006570243,0.005091088,0.004331161,0.004427924,0.010123498,0.002414279,0.003246527,0.002770021,0.002253332,0.002774556,78.4614204
468,0.001761318,0.001688547,0.003135835,0.004574168,0.009230322,0.005415875,0.004384837,0.003823686,0.003978938,0.008467962,0.002099745,0.002921712,0.002476825,0.001958248,0.002385947,79.6216552
469,0.002147051,0.002185076,0.003777255,0.005159048,0.009271093,0.005574729,0.004933468,0.004524396,0.004792818,0.008717382,0.002412673,0.003246625,0.002734455,0.002197461,0.002639321,78.0087044
470,0.001751525,0.00179134,0.003185026,0.004385484,0.007988761,0.004619343,0.004131784,0.003703981,0.003854008,0.007060653,0.001853754,0.002533515,0.002123431,0.001694496,0.00205728,84.4371111
471,0.001401086,0.001422911,0.002594278,0.00361322,0.006553543,0.003871158,0.00350919,0.003146084,0.003273759,0.005822186,0.001473295,0.002087693,0.001750311,0.001362781,0.00164623,76.2012696
472,0.001691194,0.001832284,0.003335976,0.004567254,0.008395362,0.0047464,0.0046123,0.004206666,0.004319461,0.006398642,0.001690844,0.002348781,0.00196824,0.00155612,0.001875291,55.5998709
473,0.001428473,0.001440913,0.002579677,0.003609171,0.006817653,0.003763743,0.003707609,0.003361423,0.003497919,0.005743711,0.001567135,0.002540973,0.002110141,0.001530473,0.001835116,58.8607773
474,0.001190117,0.00120338,0.002309159,0.00329574,0.006557896,0.003040281,0.003152304,0.002769741,0.002784221,0.004208004,0.000950153,0.001496848,0.00122967,0.000909363,0.001104752,45.7891137
475,0.001544273,0.001814784,0.003783908,0.005663868,0.013085641,0.009955508,0.006764401,0.005550979,0.005639422,0.01406912,0.004279441,0.005134696,0.004565743,0.003891488,0.004764413,95.1557849
476,0.001119292,0.001270193,0.002594777,0.003873256,0.008684797,0.006548348,0.004507782,0.003710293,0.003755916,0.0094293,0.002944967,0.003514804,0.003104171,0.002672414,0.003287489,110.074145
477,0.0013348,0.001419126,0.002759138,0.004063887,0.008783211,0.006150614,0.004297539,0.003573845,0.003631344,0.009251646,0.002708086,0.003326112,0.00288726,0.002442642,0.003003855,111.111564
478,0.00211027,0.002402616,0.004745866,0.006843813,0.01486743,0.009954013,0.00717055,0.005931677,0.005894235,0.014225524,0.003869367,0.004810292,0.004180411,0.003524367,0.004337381,93.2431165
479,0.001141951,0.001219124,0.002525318,0.003811421,0.00862803,0.005811892,0.003984569,0.003254045,0.003308092,0.009206693,0.00241341,0.003018768,0.002586124,0.002168685,0.002690406,88.7241737
480,0.001354234,0.001444971,0.002832715,0.004076315,0.008789,0.005599479,0.004200082,0.003506096,0.003478792,0.008052961,0.002068115,0.002657723,0.002257368,0.001870237,0.002321591,93.6506357
481,0.001801074,0.001954928,0.003874806,0.005615728,0.011755546,0.00808628,0.005841283,0.00483439,0.004845843,0.012395899,0.003382015,0.0041905,0.003589188,0.00303738,0.003769149,101.972763
482,0.00165476,0.001842144,0.003600231,0.005033548,0.010113877,0.006410466,0.004832039,0.004031156,0.003933559,0.008653488,0.002080453,0.002716149,0.00228998,0.001892907,0.002367235,70.3430438
483,0.001065059,0.001158726,0.002382222,0.00346089,0.007182689,0.004708951,0.003429056,0.00286268,0.002839169,0.006247594,0.001315184,0.001817897,0.001517677,0.001211157,0.00150511,65.6962446
484,0.001455004,0.001570986,0.002795256,0.003751827,0.006954309,0.004357505,0.003388722,0.00293753,0.002905682,0.005139466,0.001211814,0.001684136,0.001401231,0.001113272,0.001369627,73.6039003
485,0.001450707,0.001523252,0.002707159,0.00368973,0.006761059,0.004458737,0.003340082,0.002905528,0.0029504,0.005735717,0.001385571,0.001890353,0.00156509,0.001250124,0.001533784,65.0940053
486,0.0011306,0.001176236,0.002080875,0.002829388,0.005304279,0.003431364,0.002667936,0.00236051,0.002426356,0.004344742,0.001014012,0.001465477,0.00120394,0.000927277,0.00112863,70.3304783
487,0.001085339,0.0011369,0.002060234,0.002863067,0.005390605,0.003603164,0.002719745,0.002431375,0.002563029,0.004795551,0.001149204,0.001602781,0.001312452,0.001031417,0.001246964,72.0196785
488,0.001119845,0.001188296,0.002149218,0.002965285,0.005495623,0.003684072,0.002740489,0.002421876,0.002500706,0.004676944,0.001107572,0.001521885,0.00124891,0.00099392,0.001211076,79.0457561
489,0.001057111,0.001072757,0.001884149,0.002611641,0.004850938,0.003290173,0.002476409,0.002222594,0.00234841,0.004308523,0.001053731,0.001480454,0.001215458,0.000949645,0.001144593,79.7402372
490,0.001160146,0.001204419,0.002117859,0.002921718,0.00557552,0.003707598,0.002781717,0.002507111,0.002647879,0.004901533,0.001103775,0.001613013,0.001310438,0.00100233,0.00121829,83.7285397
491,0.001093637,0.001168985,0.002081815,0.002862376,0.005483729,0.003493132,0.002717258,0.002394318,0.00242605,0.003983461,0.000907615,0.00131124,0.001072914,0.000833949,0.00102306,57.8578516
492,0.001237645,0.001324526,0.002395302,0.003297115,0.006335416,0.004023931,0.003132209,0.002757591,0.002776246,0.004409111,0.000963973,0.001433135,0.001166172,0.000893668,0.001100727,62.5745483
493,0.001437331,0.001558603,0.002742557,0.003730266,0.006995516,0.004419311,0.003505773,0.003103446,0.003121917,0.004798946,0.001167956,0.001681531,0.001370318,0.001066693,0.001315294,55.54732
494,0.001285414,0.001339796,0.002380618,0.003304601,0.006351474,0.004003137,0.003003621,0.002628424,0.002689072,0.004696389,0.001086203,0.001581916,0.00128981,0.000991299,0.001217398,64.327334
495,0.008326966,0.008201543,0.013317833,0.01655332,0.029310918,0.016013914,0.01278822,0.010858487,0.009972781,0.014250745,0.004947147,0.004962367,0.004596054,0.004370542,0.005396115,49.408
496,0.006151097,0.005030245,0.009829355,0.0136859,0.032146932,0.016537854,0.012746749,0.009376019,0.008692754,0.025882541,0.009109096,0.010269272,0.008562162,0.008186951,0.010216298,121.6
497,0.005037791,0.005139117,0.007856413,0.009404069,0.014723799,0.006783152,0.00525204,0.004741073,0.004428467,0.004366782,0.001489939,0.001531882,0.001295614,0.001304404,0.00159056,17.472
498,0.004043496,0.003959601,0.006384409,0.007564552,0.011972634,0.005374554,0.004320332,0.003860889,0.003637746,0.003671388,0.001224397,0.002107649,0.001507998,0.001149783,0.001433098,22.4832
499,0.004076819,0.004007136,0.006195468,0.007447289,0.011393028,0.004890495,0.00360933,0.003232796,0.002995725,0.002886915,0.000978019,0.000896248,0.000913182,0.000811934,0.001014285,13.5936
500,0.007071462,0.006814857,0.010953809,0.013513809,0.021939261,0.010215984,0.007398491,0.006376618,0.005833172,0.006571811,0.002161242,0.002277361,0.001965682,0.001877012,0.002286325,24.0768
501,0.007351976,0.007176169,0.011973393,0.014973483,0.026303664,0.013957585,0.010812224,0.009170066,0.008503882,0.011791384,0.003891691,0.00400399,0.003513376,0.003478917,0.004228557,26.0544
502,0.006162728,0.007189167,0.010161002,0.011445271,0.014292598,0.005349924,0.003445821,0.003357988,0.003149078,0.001937485,0.000483922,0.000486646,0.000504025,0.000445772,0.000494477,5.808
503,0.003852367,0.003674965,0.00464093,0.005424876,0.0080368,0.003550849,0.002261046,0.002363339,0.00251881,0.001793845,0.000737891,0.000552239,0.000519285,0.000689736,0.000803895,16.4736
504,0.00571938,0.008713819,0.011859632,0.013037863,0.01496668,0.004356373,0.002893203,0.00274606,0.002471664,0.001283968,0.000376786,0.000161358,0.000188199,0.000362249,0.000397933,2.2608
505,0.007591926,0.007659513,0.011295606,0.013501338,0.021339486,0.012250131,0.00934009,0.008043489,0.007458986,0.009612322,0.00318305,0.003071505,0.00279501,0.0026892,0.003375101,27.264
506,0.003848592,0.004378007,0.008517212,0.010970302,0.019775257,0.011686195,0.010287403,0.008497766,0.008058822,0.017847214,0.00619767,0.006517565,0.005792687,0.005445107,0.006847289,100.992
507,0.005444405,0.007773098,0.01415479,0.017540808,0.028045253,0.022526469,0.019672041,0.017525233,0.016347315,0.023388157,0.007898105,0.008012647,0.007265297,0.007024886,0.00896327,58.5216
508,0.006496791,0.006351897,0.010568629,0.013234158,0.023668645,0.013654685,0.011506476,0.009399234,0.008772031,0.018048726,0.006168023,0.006408428,0.00568474,0.005387185,0.006772494,135.4752
509,0.007308837,0.007704108,0.012161609,0.014376285,0.021236016,0.014742669,0.011379152,0.009855535,0.009239721,0.01245489,0.004208345,0.004549773,0.003750108,0.003748976,0.004571552,42.28
510,0.005442952,0.007634816,0.014159164,0.017707969,0.028878565,0.023944828,0.019886565,0.017358212,0.016256846,0.024161307,0.008114991,0.008495548,0.006983688,0.007069561,0.009101996,55.07
511,0.00963859,0.011631222,0.017812709,0.02061677,0.028304572,0.023287416,0.019150898,0.017457156,0.01615816,0.018940995,0.006466781,0.006884884,0.005939013,0.005736738,0.007189954,31.73
512,0.006448188,0.006812036,0.009158894,0.010244008,0.012172854,0.004992363,0.003408389,0.003266886,0.003056854,0.002130681,0.000749658,0.000718425,0.000648965,0.000639253,0.000801147,6.21
513,0.005230376,0.005091195,0.006544694,0.007144685,0.00812734,0.00317445,0.002169263,0.002123612,0.002119787,0.001385207,0.000527657,0.000268887,0.00022164,0.000226624,0.000486262,6.87
514,0.008425315,0.008920798,0.01357246,0.015906506,0.022797027,0.015829738,0.01212866,0.010653152,0.009977341,0.013642413,0.004601705,0.004590516,0.004184162,0.004028139,0.004983964,43.97
515,0.008560435,0.00975272,0.012682439,0.013416214,0.014835867,0.00643481,0.004249327,0.004119645,0.003776184,0.002482642,0.00095953,0.000848695,0.000631345,0.000738999,0.001054857,4.71
516,0.004526146,0.005080548,0.006875577,0.007436105,0.008619909,0.003058299,0.001963967,0.001960844,0.00184408,0.001061618,0.000272976,4.53E-05,0.000105575,0.000205492,0.000270412,4.81
517,0.00867413,0.010894525,0.014967272,0.015788322,0.017100261,0.006288818,0.004196274,0.00410268,0.003679011,0.002265742,0.000840797,0.000743855,0.000649527,0.000666462,0.000889867,2
518,0.010305103,0.012537568,0.016580952,0.017235274,0.018043858,0.006738196,0.004470898,0.004332522,0.003871381,0.002235356,0.000695436,0.000479897,0.000356556,0.000586308,0.000755425,1.54
519,0.008028351,0.008677373,0.012527922,0.014202749,0.018944326,0.011495277,0.008042933,0.00739666,0.007030354,0.006891684,0.00221899,0.002095719,0.00187561,0.001962109,0.002334539,22.03
520,0.00585849,0.005782334,0.008022859,0.009030348,0.012821675,0.005675355,0.003820577,0.003597361,0.003539247,0.003173766,0.001024803,0.000971172,0.00091033,0.000817142,0.001039996,17.45
521,0.00628311,0.006373537,0.008519371,0.009576547,0.013765126,0.006895374,0.004519886,0.004236496,0.004098429,0.003766539,0.00123017,0.001041589,0.000974768,0.000974962,0.00124928,22.66
522,0.004818626,0.004771779,0.00643314,0.007167118,0.008918507,0.004041421,0.002772878,0.002587622,0.002438441,0.001865254,0.000584081,0.000628341,0.000587121,0.000510768,0.000621076,7.75
523,0.006741283,0.006885076,0.009496357,0.010979808,0.016108727,0.00827386,0.005857268,0.005296607,0.005010603,0.005027457,0.00158242,0.001607385,0.00142836,0.001363798,0.001700817,19.89
524,0.01719013,0.015409078,0.020295026,0.023150651,0.031743776,0.023317666,0.020530544,0.018284913,0.017067383,0.030123489,0.021042118,0.021346633,0.019602232,0.018788839,0.022492022,143.67
525,0.004281867,0.004243631,0.005603777,0.006255533,0.007625783,0.002651618,0.001873981,0.001853054,0.00174209,0.001255316,0.000504088,0.000395959,0.000483902,0.000426833,0.00054079,5.83
526,0.008851679,0.008399555,0.013197027,0.015555273,0.022085991,0.014336434,0.010549807,0.008825883,0.008150994,0.012755206,0.004342962,0.004484764,0.003969512,0.003816336,0.004714379,41.09
527,0.007634566,0.007199547,0.011944818,0.014662725,0.023805859,0.012992236,0.010578743,0.008785858,0.008031578,0.013693241,0.0045484,0.004369273,0.004108923,0.004116393,0.004998396,60.45
528,0.0137921,0.010013999,0.014741456,0.017808141,0.02837068,0.018319687,0.014530363,0.011397232,0.010586348,0.035597625,0.034665599,0.035114327,0.031548779,0.030294947,0.036129898,106.26
529,0.002587748,0.002732287,0.004426537,0.005487909,0.009617796,0.00395254,0.002847285,0.002583504,0.002408832,0.002176522,0.000634568,0.000670704,0.000590959,0.000567256,0.000677711,7.619
530,0.004003839,0.005444777,0.008506705,0.010264127,0.015223596,0.007172319,0.005109153,0.004835401,0.004399995,0.003056152,0.000850376,0.000872608,0.000776911,0.000743859,0.000906758,4.86
531,0.003290764,0.00442365,0.007054378,0.008718865,0.01412351,0.007291543,0.00514234,0.004835383,0.004537155,0.00362587,0.000972837,0.001019241,0.000914055,0.000847746,0.001041882,6.38
532,0.003946229,0.005408925,0.008410664,0.010254914,0.016106207,0.010925332,0.00813082,0.007610268,0.007121486,0.006346675,0.001818734,0.001876395,0.001654893,0.001569623,0.001924293,9.056
533,0.005437034,0.007043505,0.009838858,0.011257354,0.017380115,0.012419945,0.008616399,0.008232277,0.00765106,0.005553791,0.001617838,0.001685518,0.001484478,0.001396899,0.001703861,4.508
534,0.007259307,0.009333162,0.012519929,0.014100664,0.020935855,0.014727074,0.010504431,0.010115525,0.009299765,0.006496634,0.002206233,0.002278772,0.002015588,0.001904985,0.002307405,3.852
535,0.002750084,0.004008855,0.007343652,0.008812815,0.013170522,0.006033939,0.004458067,0.004175688,0.003877963,0.003368883,0.001002471,0.001062647,0.00093131,0.000871492,0.001073846,12.307
536,0.00071496,0.001023365,0.001759094,0.002037628,0.002884856,0.001650895,0.001251215,0.00124699,0.00116628,0.000722186,0.000232944,0.000241131,0.000212937,0.000203292,0.000246028,3.071
537,0.002382944,0.002939911,0.004417235,0.005078376,0.007599968,0.004708542,0.003421938,0.003499355,0.003493827,0.002421255,0.000755501,0.00083168,0.000710228,0.000636406,0.000770038,4.675
538,0.002838029,0.003864809,0.006304721,0.007392078,0.010992555,0.006375219,0.004515332,0.004417595,0.004231514,0.003121912,0.00093001,0.000981139,0.000854799,0.000805284,0.000979235,4.12
539,0.002340824,0.00289764,0.004738477,0.005756387,0.008968949,0.004270365,0.003133014,0.002988549,0.002766649,0.002017595,0.000656711,0.000680376,0.000597132,0.000564622,0.000690557,4.018
540,0.002599,0.003113114,0.005062186,0.006172873,0.009642624,0.00445994,0.003337213,0.003154315,0.002924553,0.002299312,0.0007858,0.000798409,0.000704554,0.000678441,0.00082735,4.185
541,0.001965902,0.002287456,0.003332889,0.004058055,0.006223365,0.003095048,0.002405811,0.002305182,0.002190191,0.001861312,0.000633543,0.000675585,0.000586124,0.000544577,0.000652673,5.209
542,0.003801151,0.003929827,0.004850695,0.005548298,0.007693753,0.004696187,0.004032752,0.00395842,0.003838645,0.003643325,0.001807513,0.002254582,0.001911565,0.00162136,0.001857448,1.765
543,0.002098321,0.002642048,0.004831721,0.00615885,0.012345844,0.006843272,0.005744085,0.005026975,0.004671159,0.005600285,0.001631067,0.001694999,0.00148177,0.00140237,0.001715993,17.605
544,0.001762751,0.002153109,0.003850048,0.004851681,0.009320595,0.004875857,0.004236402,0.003707943,0.003431562,0.00411429,0.001232461,0.001281888,0.001125397,0.001060327,0.001296281,16.793
545,0.004524571,0.005137594,0.006647874,0.007543813,0.009275489,0.007491566,0.005190283,0.005031466,0.004879216,0.004406724,0.001923767,0.00217794,0.001878026,0.001649155,0.001919707,28.901
546,0.002237369,0.002410945,0.003204622,0.003687455,0.00520276,0.003680382,0.002450376,0.002442475,0.002466601,0.001947162,0.000652605,0.000697592,0.000593496,0.000551037,0.000644934,11.279
547,0.001839976,0.002085977,0.002930314,0.003399204,0.004888645,0.003332503,0.002201113,0.002146833,0.002112238,0.001633632,0.000525643,0.000529851,0.000469868,0.000440007,0.00052783,14.793
548,0.00148676,0.001685098,0.002546503,0.002954444,0.00458478,0.002187726,0.001369961,0.001326578,0.001299439,0.000877853,0.000251095,0.000257576,0.000223948,0.000208556,0.000250843,8.811
549,0.001515552,0.001626565,0.002328106,0.002679041,0.004242082,0.002011583,0.001259016,0.001246766,0.001238429,0.000843769,0.000272935,0.00028375,0.000247626,0.000229612,0.00027338,7.246
550,0.001035785,0.001103221,0.001480959,0.001691347,0.002613726,0.002102176,0.001284163,0.001311402,0.001444596,0.001350078,0.00040209,0.000424463,0.000362706,0.000335438,0.000399673,27.055
551,0.000962507,0.001126178,0.001718903,0.002019591,0.003481615,0.002246737,0.001368393,0.001380009,0.00147646,0.001286641,0.000372223,0.000398937,0.000338702,0.000309563,0.000366695,20.678
552,0.001049372,0.001242462,0.001797278,0.002140463,0.003536045,0.002550267,0.001628004,0.001659304,0.001759018,0.001669613,0.000603974,0.000650449,0.000551956,0.000504545,0.000598087,41.122
553,0.001113275,0.001358107,0.002251377,0.002899554,0.00528314,0.004049256,0.002271709,0.002198362,0.00241344,0.003084341,0.000879537,0.000946452,0.000806927,0.000730998,0.00086713,55.293
554,0.005301039,0.006866572,0.01160781,0.014313434,0.022052796,0.013413782,0.008409419,0.007671502,0.007140724,0.005304239,0.000758818,0.000882499,0.000749872,0.000673089,0.000844869,9.567
555,0.00352055,0.003629433,0.004269105,0.004844981,0.008793353,0.004970301,0.002669684,0.002631254,0.0026533,0.003206338,0.000756431,0.000790169,0.000687503,0.00064,0.000773725,41.168
556,0.002369731,0.002317658,0.002619545,0.002998302,0.007160396,0.004499324,0.00221566,0.002209188,0.002329982,0.004974371,0.001375153,0.0014421,0.001241723,0.00115849,0.001403041,171.92
557,0.002165097,0.002142727,0.002850558,0.003440111,0.004993395,0.003679678,0.002026853,0.002059925,0.002227261,0.001950527,0.000544452,0.000607446,0.000505334,0.000458776,0.000540027,45.162
558,0.002093745,0.00212198,0.002891621,0.003437883,0.004490085,0.00319606,0.001759085,0.001775955,0.001905841,0.001846057,0.000515414,0.000572743,0.000479036,0.00043338,0.000509293,40.569
559,0.004277134,0.004667485,0.006215151,0.007447983,0.010532366,0.009035699,0.006054996,0.00572931,0.005710054,0.006704972,0.002463304,0.002703396,0.00235346,0.002137103,0.002587047,42.385
560,0.005152188,0.007117525,0.011543906,0.012995253,0.015925172,0.005709925,0.003741746,0.003594063,0.00322892,0.001954983,0.00079763,0.00082149,0.000736356,0.00069911,0.000847022,1.458
561,0.002108142,0.002738587,0.004527682,0.005485278,0.008169063,0.003538237,0.00252924,0.002431678,0.002232984,0.001443508,0.000440959,0.000457501,0.000408889,0.000386201,0.00047423,1.725
562,0.001433259,0.001816128,0.002823257,0.003359869,0.005047344,0.001746383,0.001192267,0.001168595,0.001077014,0.000664925,0.000246802,0.000245417,0.000220583,0.000214245,0.000261047,1.779
563,0.00308243,0.003390496,0.00463128,0.006168126,0.011006185,0.004758184,0.0029825,0.002896061,0.002960878,0.003040447,0.000836609,0.000883318,0.000769556,0.0007186,0.000871064,18.981
564,0.004101552,0.00430633,0.006210075,0.008278823,0.015953354,0.007066747,0.004725792,0.004339733,0.004414026,0.005622279,0.001470188,0.001558355,0.00137313,0.001286413,0.001582877,28.703
565,0.00375884,0.004119216,0.006984179,0.008759769,0.014862521,0.00677894,0.004961304,0.004436522,0.004076412,0.003443453,0.000830165,0.000876014,0.000777228,0.000734626,0.000913659,11.463
566,0.001870976,0.002422592,0.003454089,0.004355224,0.007322585,0.003604075,0.002325027,0.002258805,0.002231984,0.001686456,0.000417929,0.000341452,0.000332567,0.000342192,0.000418063,14.482
567,0.002394518,0.002831631,0.003772942,0.004740633,0.007720635,0.003390744,0.002099874,0.002123481,0.002140203,0.001425708,0.000411211,0.000441273,0.000379217,0.000351608,0.000424955,13.326
568,0.002100455,0.002407361,0.003227332,0.003963782,0.005153524,0.001945206,0.001345532,0.001343967,0.001318955,0.000842908,0.000252593,0.000275844,0.000235686,0.000213655,0.000255581,7.511
569,0.003898143,0.00388107,0.005629084,0.007008116,0.012715168,0.004536431,0.003479451,0.00317146,0.002924777,0.002730176,0.000775762,0.000809395,0.000714318,0.000671582,0.000818565,4.707
570,0.001468774,0.001688022,0.002665667,0.00414993,0.009147925,0.004281287,0.00248665,0.002489812,0.002752989,0.003304004,0.000867803,0.000964781,0.000814222,0.000731488,0.000881235,57.16
571,0.00206162,0.002022756,0.002626266,0.003706931,0.008166918,0.003720674,0.002264338,0.002271421,0.002488404,0.00308804,0.00096431,0.001038027,0.000890327,0.000818132,0.000979233,68.907
572,0.005209304,0.006539567,0.009019011,0.010295319,0.01542645,0.009263509,0.006145917,0.005859113,0.00547155,0.003816501,0.001033902,0.001071177,0.000946211,0.000892967,0.00109307,8.661
573,0.005615476,0.007136716,0.010023338,0.011505781,0.01755794,0.010047231,0.006573355,0.006223523,0.005781967,0.003960439,0.001057982,0.001095481,0.000970089,0.000915716,0.001117837,9.306
574,0.005666123,0.006172368,0.008666474,0.010612234,0.016590363,0.013610767,0.010375557,0.009459314,0.009341616,0.016141511,0.006481405,0.006774216,0.006001538,0.005679458,0.006979907,96.578
575,0.002210689,0.002798756,0.003992461,0.004527023,0.007034248,0.003001081,0.001776702,0.001728769,0.001638885,0.000950201,0.000131205,0.000175234,0.000146101,0.000121437,0.000152219,5.892
576,0.005208085,0.004609488,0.006916268,0.009267519,0.019349009,0.009263458,0.009087122,0.007782473,0.007613753,0.022412426,0.009467881,0.010280367,0.009004177,0.008429305,0.010480917,228.197
577,0.004769924,0.003917791,0.005731318,0.007578333,0.016834932,0.006893473,0.008193669,0.007046998,0.006946481,0.028121818,0.013486362,0.014499215,0.012731571,0.011951768,0.014851967,389.149
578,0.0036447,0.002973966,0.004181788,0.005560744,0.012869487,0.004943451,0.006143453,0.005263322,0.005178163,0.022880922,0.011227096,0.012081593,0.010604227,0.009961797,0.012398463,365.863
579,0.009177056,0.01033186,0.014254617,0.017190836,0.025990614,0.022068503,0.018402781,0.017140791,0.01683585,0.024424272,0.011747886,0.012524341,0.011158614,0.010547559,0.013070625,69.596
580,0.001017318,0.001299993,0.001954853,0.002249102,0.003115677,0.001322259,0.000908462,0.000927649,0.000918713,0.000577749,0.000164295,0.000182389,0.000153844,0.000140372,0.00016871,8.184
581,0.001130584,0.001343808,0.001882167,0.002138902,0.003067173,0.001349607,0.000907957,0.00094384,0.00096407,0.000655905,0.000203469,0.00021853,0.000186097,0.000173251,0.000206506,18.003
582,0.000940538,0.001304705,0.002297025,0.002796014,0.004047953,0.001980095,0.00148368,0.001453991,0.001424356,0.00119702,0.000406144,0.000436609,0.000370862,0.000345923,0.000415992,5.247
583,0.002754261,0.002920718,0.004247203,0.004936357,0.00782416,0.00503434,0.00464937,0.004201714,0.003909061,0.00505973,0.001740568,0.001808173,0.001597346,0.001511539,0.001846879,30.02
584,0.002109332,0.002453418,0.004134777,0.005123816,0.007169879,0.002665682,0.00160479,0.001671195,0.001698804,0.001077615,0.000283084,0.000310673,0.000266816,0.000241315,0.000291136,10.978
585,0.000686821,0.000843287,0.001198913,0.001544645,0.002504199,0.002023912,0.001428382,0.001597606,0.001958596,0.002443331,0.0008665,0.001073844,0.000838878,0.000720915,0.000842173,56.984
586,0.009041295,0.012096016,0.017934587,0.021155243,0.030493275,0.020241439,0.013321743,0.012481597,0.011644428,0.008371958,0.001827567,0.001980232,0.001713443,0.00157493,0.001927443,6.835
587,0.002214457,0.001642279,0.002756866,0.003885738,0.009477337,0.004080637,0.004552596,0.003705638,0.003707803,0.021908824,0.012542545,0.013355789,0.011626236,0.010886867,0.013391352,674.695
588,0.003267516,0.002919156,0.004933893,0.00634329,0.013211749,0.007287889,0.006177972,0.00521159,0.004886199,0.009331187,0.002660973,0.002796504,0.00244705,0.00229544,0.002813544,28.1522195
589,0.003502706,0.00314251,0.005348468,0.006962374,0.015183201,0.00808516,0.006818388,0.00568941,0.005336805,0.01053883,0.002736199,0.002856397,0.002500168,0.002345322,0.002878712,44.2632095
590,0.003093718,0.002894302,0.004877384,0.006289923,0.013124721,0.007185562,0.006027939,0.005104734,0.004792301,0.008539588,0.002311691,0.002406639,0.002114421,0.001989792,0.002440518,17.60813
591,0.002987272,0.002938198,0.004612205,0.005668064,0.010183407,0.005719788,0.00526222,0.00461905,0.004322842,0.006820222,0.002383056,0.002443607,0.002172844,0.002070507,0.002523901,15.4947785
592,0.003985889,0.00362481,0.005721739,0.007269221,0.015220023,0.008097365,0.007029279,0.005943428,0.005546747,0.010060377,0.002773203,0.002872748,0.002533204,0.002397096,0.002960034,54.490514
593,0.003985889,0.00362481,0.005721739,0.007269221,0.015220023,0.008097365,0.007029279,0.005943428,0.005546747,0.010060377,0.002773203,0.002872748,0.002533204,0.002397096,0.002960034,51.301062
594,0.003129726,0.003160267,0.005226886,0.006438481,0.011061985,0.00613862,0.005912246,0.005194337,0.004910744,0.007642285,0.002312072,0.002419464,0.002122061,0.002000039,0.002458153,39.7925805
595,0.003605236,0.003404102,0.005060704,0.006091314,0.010149494,0.00547505,0.005304283,0.004639153,0.004357549,0.006733218,0.001987505,0.002070166,0.001814787,0.001709066,0.002092175,32.5795585
596,0.003067508,0.002974103,0.004934309,0.006131416,0.011074274,0.005905906,0.005616889,0.004831318,0.004539457,0.007517183,0.002197875,0.002344425,0.002040799,0.001904694,0.002335291,41.0781717
597,0.003605236,0.003404102,0.005060704,0.006091314,0.010149494,0.00547505,0.005304283,0.004639153,0.004357549,0.006733218,0.001987505,0.002070166,0.001814787,0.001709066,0.002092175,46.782865
598,0.003759291,0.003277572,0.005112302,0.006446196,0.013878522,0.0068631,0.006740843,0.005646614,0.005251243,0.011063945,0.00324727,0.003446259,0.003022536,0.002851852,0.00354723,58.3438505
599,0.002808347,0.002736839,0.004317348,0.005359995,0.010024824,0.005713032,0.005526315,0.004819457,0.004550495,0.007205473,0.002103177,0.002234647,0.001947151,0.001830275,0.002262021,45.081
600,0.003489337,0.003135554,0.004949847,0.006224469,0.012713738,0.006319054,0.006232054,0.00524666,0.004842934,0.009556028,0.002715408,0.002856305,0.002517928,0.002383628,0.002967457,48.1788445
601,0.004149002,0.003870136,0.005919982,0.00736518,0.013734637,0.007815385,0.007367233,0.006393753,0.006003849,0.009771739,0.002750446,0.002956129,0.002578498,0.002422975,0.00301625,51.999
602,0.003904252,0.003515658,0.005458768,0.00670215,0.012016574,0.006334448,0.006300596,0.005412864,0.005013369,0.00830176,0.002340695,0.002536516,0.002202054,0.002060778,0.002555948,58.0368685
603,0.003942469,0.003604489,0.005610066,0.006895524,0.012302143,0.006439305,0.006510057,0.005628013,0.005250112,0.008620489,0.002403114,0.002579176,0.002245535,0.002104978,0.002609567,54.6471255
604,0.003119908,0.002961383,0.004442396,0.005605293,0.01074488,0.00613692,0.005547179,0.004842075,0.004619059,0.007577785,0.002153534,0.002311912,0.00201694,0.001892943,0.002349671,50.4963739
605,0.003759698,0.003337361,0.005527233,0.007135134,0.015940262,0.00778182,0.007370315,0.006168317,0.005737295,0.011857034,0.003307418,0.003526811,0.003093026,0.002913226,0.003633981,67.285307
606,0.003487905,0.003197915,0.005417922,0.006889317,0.014012846,0.006666708,0.006761991,0.005740758,0.005333371,0.010023801,0.002803162,0.002997337,0.002621029,0.002464174,0.003065386,55.396422
607,0.003579712,0.003190366,0.005150522,0.006550465,0.013617322,0.00655664,0.006602876,0.005652768,0.005351681,0.01072803,0.003133054,0.003354178,0.002927122,0.002746883,0.003405269,63.951536
608,0.003368087,0.003021535,0.004946328,0.006318969,0.013308198,0.006291974,0.006291487,0.005338267,0.005023318,0.010560721,0.003025606,0.00322224,0.002829549,0.002663267,0.003316412,71.7962445
609,0.003267516,0.002919156,0.004933893,0.00634329,0.013211749,0.007287889,0.006177972,0.00521159,0.004886199,0.009331187,0.002660973,0.002796504,0.00244705,0.00229544,0.002813544,108.507752
610,0.003303689,0.002762675,0.004639581,0.006094911,0.014328269,0.006507337,0.006288816,0.005222718,0.004963116,0.014370036,0.004871345,0.005216142,0.004570468,0.004301463,0.005370603,137.016727
611,0.005091979,0.004114744,0.006157784,0.007874863,0.01924593,0.009042471,0.007999991,0.006556794,0.00606716,0.014555694,0.004130909,0.004399946,0.003874043,0.00366223,0.004600932,76.8212215
612,0.004032385,0.003422923,0.004946202,0.00618477,0.01352983,0.006973595,0.006332013,0.005345109,0.00501194,0.01087221,0.003404441,0.003614156,0.003183086,0.003014376,0.003770132,69.9652975
613,0.004921124,0.004128028,0.006051067,0.007855691,0.018675479,0.010143547,0.008076217,0.006752715,0.0065358,0.018848441,0.006754889,0.007158018,0.00631156,0.00595571,0.007402883,83.6249515
614,0.00283462,0.002838911,0.004704217,0.005889339,0.011236052,0.007449629,0.005672604,0.004832283,0.004463107,0.006110083,0.001600166,0.001698512,0.001488477,0.001398711,0.001724757,35.958492
615,0.003874155,0.003973236,0.006049809,0.007343292,0.01397893,0.008544177,0.005921847,0.005181088,0.00470973,0.004606179,0.001225868,0.00128359,0.001130503,0.001069732,0.001315049,16.048265
616,0.007911648,0.00751458,0.01009809,0.011815218,0.021152846,0.015093525,0.012839776,0.011407787,0.010673998,0.016666399,0.00718062,0.007483031,0.006647227,0.006317303,0.007718032,54.8583445
617,0.007767601,0.007376913,0.010458875,0.0126719,0.024919793,0.017515314,0.014333762,0.01245978,0.011754688,0.019870734,0.006920436,0.007734098,0.006696653,0.006112276,0.007433237,59.7713285
618,0.004037148,0.003779667,0.00537837,0.006421031,0.01157527,0.008303678,0.007181553,0.00632418,0.005946774,0.00927055,0.003414598,0.003458048,0.003088854,0.002963401,0.003647112,44.3780025
619,0.006719297,0.006428796,0.009895287,0.011583257,0.017146156,0.010762042,0.010059052,0.008983177,0.008455675,0.013020237,0.00499466,0.005210265,0.004593969,0.004346558,0.005298859,41.0315354
620,0.00480658,0.003511968,0.005641986,0.007615737,0.014721027,0.007725214,0.007497293,0.006064523,0.005816058,0.025279648,0.011131424,0.011906077,0.01047753,0.009898575,0.012398775,468.37924
621,0.003313237,0.002357428,0.003429281,0.004549009,0.009027324,0.004409448,0.004946629,0.004166747,0.004070615,0.019481264,0.009558705,0.010381094,0.009015607,0.008424859,0.010468213,338.029996
622,0.003820382,0.002611225,0.003915179,0.005421921,0.013546938,0.006903027,0.005995188,0.004762434,0.00457513,0.022011869,0.009548692,0.010356311,0.009047812,0.008496524,0.010619244,253.880237
623,0.005616441,0.004415262,0.005496131,0.006620882,0.011497999,0.006727349,0.006702406,0.005879867,0.005627086,0.021287078,0.012480621,0.013438239,0.011747929,0.011045296,0.01366373,448.753842
624,0.002595301,0.001917837,0.003095052,0.0042383,0.008515836,0.004069148,0.004414685,0.003570688,0.003422303,0.018687631,0.009243429,0.009827201,0.008642685,0.008155002,0.010166186,376.848608
625,0.002554554,0.001851179,0.002895005,0.003949952,0.008701421,0.004291367,0.004243045,0.003452767,0.003326246,0.018474065,0.00945409,0.010046261,0.008835143,0.00833298,0.010374253,438.59828
626,0.004040168,0.003186504,0.005367705,0.007211786,0.013659877,0.007153379,0.006965009,0.005695039,0.005468516,0.021567536,0.009358075,0.009903872,0.008751192,0.008273967,0.010313311,237.369094
627,9.68E-05,0.00041476,0.001221585,0.001781515,0.00386797,0.003676793,0.002961161,0.002565858,0.002517571,0.00390691,0.001112864,0.001132977,0.001007345,0.00093184,0.00070247,49.58
628,0.000161697,0.000278207,0.00087872,0.001387773,0.003577592,0.003442216,0.002758596,0.002341565,0.002347177,0.003962857,0.000820583,0.000653591,0.000569354,0.000579367,0.000511728,59.94
629,0.002437424,0.002536631,0.00314589,0.003677793,0.005628557,0.006017691,0.005627181,0.005302665,0.005168124,0.007081511,0.003716081,0.003738985,0.003368294,0.003222978,0.002588551,55.87
630,0.003284052,0.004004623,0.005583826,0.006539633,0.009573414,0.010010881,0.0098655,0.009588735,0.009262867,0.011983252,0.007862519,0.007828391,0.007080066,0.006821989,0.005381297,75.48
631,0.001042769,0.001207495,0.002009064,0.00278058,0.006314115,0.006072822,0.004522029,0.003945366,0.003912707,0.006560169,0.002240329,0.002282428,0.002069983,0.001963738,0.001558922,75.48
632,0.00097152,0.001116433,0.00192512,0.002695553,0.006097617,0.005746718,0.004377708,0.003855329,0.00386944,0.006718072,0.002380445,0.002434623,0.002210931,0.002105699,0.001669624,79.18
633,0.001118538,0.001066133,0.001577391,0.00218335,0.005400001,0.004818945,0.003466708,0.002933431,0.002931436,0.005760413,0.001747855,0.001793756,0.001623448,0.001535798,0.001208851,88.8
634,0.000588352,0.000760733,0.001566685,0.002337412,0.006346612,0.005801122,0.00419733,0.003547562,0.003481222,0.00604166,0.001760523,0.00181847,0.001651781,0.001551571,0.001187343,61.42
635,0.000148971,0.000315744,0.000997321,0.001645123,0.005240308,0.004559272,0.003068897,0.00257409,0.002572841,0.004443734,0.001161416,0.001189408,0.001068329,0.000990519,0.000757931,61.05
636,0.00044289,0.000666739,0.001434691,0.002097277,0.00515094,0.004924645,0.003829618,0.003413612,0.003429319,0.005282929,0.001917067,0.001925672,0.001721102,0.001624388,0.001262415,61.42
637,-0.000246048,0.0001351,0.001098671,0.001859667,0.005594116,0.005272636,0.003771396,0.003212369,0.003168575,0.004823757,0.001442345,0.001451495,0.001296252,0.001210667,0.000912639,49.58
638,-0.000284048,8.90E-05,0.001005116,0.00161406,0.003804966,0.00368026,0.002919091,0.00257286,0.002533415,0.003604811,0.001073032,0.001068585,0.000948288,0.000894357,0.000692361,45.9
639,0.00176538,0.002316355,0.003815523,0.004589299,0.007966182,0.007272674,0.004952125,0.004706957,0.004898439,0.006093972,0.002313015,0.002396607,0.002158865,0.002035823,0.00159867,40.442
640,0.001077136,0.001360454,0.00218751,0.002749515,0.005109631,0.004194859,0.002472502,0.002389418,0.002626263,0.003672728,0.001055766,0.001081774,0.000971078,0.000905044,0.000702718,67.968
641,0.000961889,0.001216195,0.00199879,0.002594141,0.004440395,0.00259252,0.001886686,0.001822047,0.001778612,0.001539895,0.000554668,0.000580766,0.000519355,0.000493584,0.000394271,10.2717647
642,0.000709091,0.000971826,0.001883758,0.002769527,0.005876701,0.003283528,0.002515902,0.002268205,0.002165731,0.002143986,0.000404454,0.000420787,0.000372543,0.000351715,0.000291845,11.1866667
643,0.001094438,0.001516789,0.003003846,0.004474733,0.009718672,0.005594309,0.004379483,0.003906616,0.003677913,0.003849772,0.000795834,0.000855134,0.00077498,0.000715228,0.000558491,18.084
644,0.001478851,0.001914261,0.003332066,0.00473021,0.009068302,0.005283793,0.004056706,0.003726238,0.003559333,0.00350951,0.001039418,0.001039861,0.000935008,0.000894805,0.000737296,15.866
645,0.00141009,0.002034368,0.003910489,0.00571949,0.011464539,0.006641133,0.005153165,0.00477406,0.004568029,0.004296005,0.00132479,0.001315816,0.001184121,0.001161397,0.000945141,13.13
646,0.000541358,0.001147665,0.002933982,0.004671779,0.010265778,0.005276313,0.003849429,0.003502605,0.003367178,0.003020282,0.000515655,0.000557704,0.000509369,0.000458325,0.000359548,12.102
647,0.0015937,0.002057511,0.003870302,0.00577691,0.011576371,0.006497005,0.005246582,0.004768122,0.004660561,0.005667466,0.001469013,0.001407122,0.001239496,0.001198426,0.001042641,27.628
648,0.002771376,0.003302336,0.005629277,0.008466526,0.016786659,0.009955316,0.007820769,0.007075736,0.007018545,0.011882608,0.003989932,0.003939515,0.003530215,0.00337606,0.002750827,54.1125
649,0.001897759,0.00238539,0.00422739,0.006300823,0.012342573,0.006954511,0.005482497,0.005006686,0.004883414,0.006244543,0.001922092,0.001846383,0.001660477,0.001611386,0.001362766,31.054
650,0.002416706,0.002957718,0.005080155,0.007366622,0.014173632,0.008502441,0.006795349,0.006237608,0.006150357,0.008318751,0.002791858,0.002763047,0.002464248,0.002353555,0.001961053,40.454
651,0.002265848,0.002779043,0.004700877,0.006694973,0.01254304,0.007978479,0.006602771,0.006063584,0.005930359,0.008018392,0.002842249,0.002692979,0.002389714,0.002403819,0.001990672,37.542
652,0.002827011,0.00336353,0.005284509,0.007332321,0.013335911,0.008356611,0.00691166,0.006461381,0.006356312,0.008133074,0.003175771,0.003153078,0.002838757,0.002753289,0.002242011,38.038
653,0.002131444,0.002673542,0.004556603,0.006487147,0.012082971,0.007147121,0.005799105,0.005408867,0.00527069,0.006145988,0.002365431,0.00226321,0.00203176,0.00196967,0.001670975,33.744
654,0.002229927,0.002793217,0.004671413,0.006524577,0.011946171,0.007121664,0.0057164,0.00534684,0.005158997,0.005571649,0.001965555,0.001891821,0.001681146,0.001679418,0.001393009,26.366
655,0.002752643,0.003335644,0.005248659,0.007140541,0.012701419,0.00784605,0.006463929,0.006066783,0.005844789,0.006253442,0.002704056,0.002649131,0.002389847,0.002343248,0.001937721,27.764
656,0.002108896,0.002719232,0.004643255,0.006471742,0.011796572,0.007162158,0.00578674,0.005369779,0.005147025,0.005426463,0.002068211,0.001937987,0.001749345,0.001751035,0.001504146,24.394
657,0.002638377,0.003182604,0.005167393,0.007201512,0.01328438,0.007903337,0.006380514,0.005892866,0.005638547,0.006439742,0.002438833,0.002313408,0.002023826,0.00198627,0.001756017,31.562
658,0.001635226,0.002104392,0.004027682,0.006067736,0.012498149,0.00691256,0.005447739,0.004832357,0.00468903,0.006205469,0.00145602,0.001388439,0.001222229,0.001216054,0.001040057,43.364
659,0.001579303,0.002109863,0.004195423,0.006625988,0.013871952,0.007797248,0.006070176,0.005324557,0.005161736,0.007481345,0.001869498,0.001746286,0.001506889,0.001512344,0.001297231,47.588
660,0.001378464,0.001792282,0.003490688,0.005358575,0.010972298,0.006007789,0.004795357,0.004279873,0.004163781,0.005677502,0.001514803,0.001416366,0.001282496,0.001268713,0.001054845,44.9
661,0.002370461,0.002861618,0.004912337,0.007175236,0.014310344,0.00821803,0.006705166,0.005980818,0.005770277,0.007858993,0.002520153,0.00252094,0.002254488,0.002168989,0.001799226,43.25
662,0.00147709,0.001972105,0.003795942,0.005701341,0.011606034,0.006711961,0.005348796,0.00475746,0.004540321,0.005844536,0.001433809,0.001490065,0.00136574,0.001287605,0.001014818,34.98
663,0.00235868,0.002824583,0.004759415,0.006893993,0.013233651,0.007966522,0.006302846,0.005602448,0.005446547,0.007880938,0.002103482,0.002130262,0.001929916,0.001815693,0.001446189,48.4
664,0.001824098,0.002319056,0.004144381,0.006011981,0.012127822,0.0073383,0.006114159,0.005581,0.005391524,0.006838059,0.002228729,0.002231865,0.002003092,0.001890071,0.001515079,37.6125
665,0.002211518,0.002572739,0.003812021,0.005114355,0.008637461,0.005225378,0.004209428,0.003990201,0.003884462,0.004090204,0.001707743,0.001666483,0.001505889,0.001471254,0.00121662,28.108
666,0.002443236,0.002910099,0.004594463,0.006271651,0.011073037,0.006877158,0.005681493,0.005383959,0.005290992,0.006046664,0.002369191,0.002348778,0.002113869,0.002050046,0.001680071,34.134
667,0.000954504,0.001298641,0.002557284,0.003860976,0.007826125,0.004241504,0.003341133,0.003021028,0.002963834,0.003471354,0.000800359,0.000638835,0.000506234,0.000560397,0.000581049,32.96
668,0.001770897,0.001949481,0.002795493,0.003571992,0.00555855,0.00317648,0.002440672,0.002380127,0.002374939,0.001947405,0.00092945,0.000600186,0.000509619,0.0006224,0.000708368,17.166
669,0.001744635,0.002152558,0.003323538,0.004383227,0.007534922,0.004336393,0.003273576,0.003186213,0.003084656,0.002712456,0.001605185,0.001381971,0.001201361,0.001254516,0.001179474,12.487
670,0.001503031,0.001932942,0.003373424,0.004746302,0.008906779,0.005212845,0.003638819,0.003375066,0.00328638,0.003305099,0.000892862,0.000811051,0.000753631,0.000763952,0.000633763,22.9893333
671,0.001060383,0.001325348,0.002345899,0.003244745,0.006045711,0.002959868,0.001920762,0.001762502,0.001707986,0.001423834,0.000183016,5.94E-05,3.41E-05,8.42E-05,0.000167802,12.1253333
672,0.001835783,0.002822891,0.004967058,0.005971269,0.009365178,0.008071892,0.006208889,0.005903165,0.005752737,0.005258038,0.001749473,0.001850941,0.001685589,0.001587774,0.00125868,14.344
673,0.002225555,0.003176177,0.005202994,0.006278151,0.009190075,0.006943706,0.00536423,0.005178289,0.004911914,0.003782742,0.001141051,0.001214373,0.001113019,0.00105171,0.000839404,9.224
674,0.001621265,0.001904801,0.003537742,0.005130775,0.011373941,0.006320584,0.005724387,0.004957363,0.004695157,0.006774733,0.001825415,0.001908523,0.00171614,0.001616339,0.001258968,35.56
675,0.001522787,0.001779833,0.003120664,0.004344442,0.009095337,0.005715798,0.005297665,0.004688592,0.004451232,0.006264153,0.001867345,0.001894434,0.001714218,0.001622444,0.001276789,38.72
676,0.001809668,0.002080914,0.00354805,0.004900644,0.010124416,0.006347348,0.005773645,0.005098167,0.004841365,0.006671076,0.001961918,0.002017862,0.001829491,0.001712877,0.001358162,39.8
677,0.001356805,0.001571798,0.002746696,0.003803928,0.007702669,0.004708767,0.004355225,0.003880535,0.003708553,0.005094536,0.001536695,0.001593118,0.001440519,0.001353597,0.001055714,48.39
678,0.001416863,0.001697746,0.002971397,0.004062187,0.00801138,0.005271385,0.004845726,0.004335918,0.004115491,0.005361638,0.001557328,0.001611325,0.001459489,0.001376766,0.001072393,33.5433333
679,0.00223292,0.002489242,0.003836866,0.005029376,0.009411207,0.006618802,0.005868782,0.00532185,0.005126239,0.007072621,0.002527084,0.002595187,0.002323462,0.00220442,0.001727012,45.5533333
680,0.001543903,0.001798865,0.003042879,0.004115516,0.008050949,0.005582144,0.005155493,0.004675796,0.004508479,0.006155275,0.002071456,0.00212608,0.001911285,0.001805839,0.001420726,42.1733333
681,0.001616702,0.001866666,0.003138079,0.004276306,0.00842863,0.005516747,0.00510823,0.004608996,0.004458702,0.006371496,0.002120549,0.002167423,0.001959672,0.001857475,0.001447494,47.88
682,0.002460734,0.00274618,0.004347957,0.005895237,0.011334849,0.007135315,0.00609784,0.005475581,0.005253183,0.006838485,0.002177666,0.002265812,0.00205607,0.001942544,0.00153621,39.9166667
683,0.002361631,0.00265,0.004119982,0.005564845,0.010705816,0.006907703,0.005670266,0.005107921,0.004879342,0.00609417,0.002102958,0.002182709,0.001991809,0.001873201,0.001483866,38.56
684,0.002833797,0.003039784,0.004461188,0.00589224,0.011122972,0.007185842,0.005881047,0.005319922,0.005047976,0.006178978,0.002214596,0.002338526,0.002099104,0.001992874,0.001584087,37.4866667
685,0.002124248,0.002447151,0.003953841,0.005335789,0.009997893,0.006560001,0.005886064,0.005319854,0.005147527,0.00717811,0.002398851,0.002481002,0.002248754,0.002111828,0.001667485,58.856
686,0.002174772,0.002522194,0.00421152,0.005710716,0.010882716,0.006913946,0.006431899,0.005765575,0.005539169,0.007875694,0.002620836,0.002700003,0.0024245,0.002310817,0.001844777,55.828
687,0.001778376,0.002066117,0.003643553,0.005114684,0.010185549,0.005977852,0.00542557,0.00476938,0.004527385,0.006557228,0.001881518,0.001911556,0.00173022,0.001645163,0.001326081,44.0363636
688,0.00223336,0.002456362,0.003858124,0.005175387,0.00973006,0.005993418,0.00561149,0.005001815,0.004751752,0.006610738,0.002241964,0.002245948,0.002037285,0.001952907,0.001596862,46.52
689,0.003247199,0.003365039,0.004817035,0.00630132,0.011821854,0.007146667,0.00635453,0.005659628,0.005339394,0.007066964,0.002610949,0.002674014,0.00239033,0.002299011,0.001898267,41.8290909
690,0.004257728,0.004552801,0.006502338,0.008211137,0.013913954,0.008265928,0.007270282,0.006589582,0.006194554,0.007736017,0.002996763,0.003104938,0.002786966,0.00266232,0.002157791,37.0690909
691,0.002286041,0.00257365,0.004026797,0.005182441,0.008973103,0.005327113,0.004542176,0.004176994,0.004019486,0.004524789,0.001693822,0.001732763,0.001572045,0.00150059,0.00121595,26.4472727
692,0.001886519,0.002144008,0.002969558,0.003539164,0.00521929,0.003444539,0.002635166,0.002568729,0.002549002,0.002587281,0.00118617,0.001230554,0.001109589,0.00105498,0.000853956,28.666087
693,0.001535894,0.001770851,0.002702554,0.003422032,0.005740337,0.003521392,0.002632404,0.002494792,0.002495711,0.002897098,0.001069904,0.001091118,0.000984751,0.000943485,0.00076389,33.7253333
694,0.00272497,0.003841133,0.005945777,0.007004175,0.009874172,0.008273584,0.006951191,0.006841972,0.006420096,0.004837256,0.001622617,0.001726064,0.001570435,0.0014813,0.00118159,3.26222222
695,0.001607664,0.00196146,0.003150743,0.003947532,0.006738528,0.005677685,0.004394976,0.004091111,0.004086576,0.005182233,0.001921672,0.001977923,0.001781981,0.001676914,0.001325589,68.22
696,0.001556314,0.001892288,0.002950517,0.003644944,0.005978048,0.005103465,0.003873664,0.003683242,0.0037523,0.004828756,0.001848675,0.001891289,0.001697099,0.001603805,0.001266827,65.122
697,0.004062696,0.004285223,0.00585017,0.007202436,0.011684344,0.00818262,0.006972327,0.006400186,0.006232224,0.009380124,0.004036863,0.004128242,0.003764568,0.00356536,0.00285061,80.68
698,0.003653498,0.004019151,0.006184111,0.00820952,0.015330327,0.009437607,0.007921063,0.007051758,0.006766748,0.010574706,0.003736735,0.003844979,0.003489436,0.003299129,0.002616498,64.8553846
699,0.003975647,0.004495925,0.00683906,0.008634698,0.014606436,0.009661298,0.007913099,0.007224069,0.006997918,0.009675103,0.003675418,0.00382882,0.003446707,0.003248771,0.002587514,46.5890909
700,0.003122972,0.003531603,0.005312556,0.006633046,0.01144621,0.008167793,0.006583404,0.006029132,0.005928188,0.008824896,0.003539511,0.003647475,0.003295857,0.003112591,0.00247715,61.7828571
701,0.003017268,0.00338493,0.00516885,0.006557593,0.011450221,0.00791593,0.006199264,0.005653231,0.005655493,0.009132728,0.00348817,0.003568705,0.003233585,0.003055974,0.002423134,89.1666667
702,0.004381868,0.005072754,0.007713557,0.009817424,0.015943564,0.011766761,0.00976188,0.008917396,0.008701483,0.013348001,0.005490616,0.005647411,0.005090658,0.004812473,0.003837401,85.6690909
703,0.003606354,0.004414744,0.007132177,0.009308738,0.015871179,0.01123894,0.00934025,0.008522993,0.008310966,0.013160055,0.005362803,0.005484703,0.004941392,0.004702059,0.003719563,86.64
704,0.004163991,0.004851966,0.007484576,0.009654634,0.016230661,0.011525101,0.009621986,0.008788025,0.008569029,0.013189431,0.00529896,0.005428473,0.004909057,0.004641142,0.003685576,88.1742857
705,0.004347617,0.004886013,0.007103612,0.009037752,0.015037963,0.010374416,0.008820374,0.008110304,0.007954617,0.012410338,0.005239476,0.005357461,0.004854785,0.004571465,0.003615912,91.2333333
706,0.004614756,0.005309564,0.008027386,0.010411318,0.017287692,0.012355945,0.010568936,0.009719471,0.009525621,0.015264035,0.006611028,0.006737715,0.006065332,0.005782918,0.004586517,96.1
707,0.005173515,0.005942972,0.008696765,0.010898892,0.01765102,0.012895574,0.011261742,0.010441483,0.010152471,0.014868132,0.006702335,0.006873909,0.006241316,0.005929648,0.004703793,77.884
708,0.003670113,0.004171231,0.006512684,0.008527977,0.015036708,0.009712067,0.008311823,0.00754825,0.007330842,0.011403529,0.004354632,0.004493115,0.004074293,0.003851285,0.00303908,69.756
709,0.004016477,0.004665662,0.007058041,0.009044785,0.015248849,0.010513771,0.008926292,0.008217566,0.007958118,0.010960078,0.004379317,0.004521637,0.004117264,0.003860065,0.003067251,61.2109091
710,0.003254492,0.003659936,0.005871059,0.007776546,0.014244232,0.00913025,0.007729315,0.006947853,0.006797951,0.011391577,0.004304818,0.00445157,0.004029951,0.003795548,0.002976834,97.996
711,0.002692686,0.003327977,0.005796207,0.007772234,0.014213613,0.009318996,0.007862393,0.007123103,0.007029743,0.01111676,0.004021896,0.004158127,0.003761198,0.003544112,0.002775995,125.177143
712,0.002538082,0.003157449,0.005393886,0.007180865,0.012789509,0.008340978,0.00705254,0.006461401,0.006391644,0.009751737,0.003600585,0.003685177,0.003327907,0.003134728,0.002465363,77.1933333
713,0.002983625,0.003442368,0.005372592,0.007100335,0.012492148,0.008088427,0.006751199,0.006123659,0.005974671,0.008715892,0.003072272,0.003197083,0.00291882,0.002734228,0.002138786,75.26
714,0.002117467,0.002500099,0.00400969,0.005270933,0.009464734,0.005734744,0.004625265,0.004202761,0.004069156,0.005325447,0.001844056,0.001909658,0.001736582,0.001634461,0.001287601,69.06
715,0.004609698,0.005312294,0.008105112,0.010445012,0.017741568,0.011708756,0.010091255,0.009250977,0.009007839,0.013590273,0.005443528,0.005571534,0.00508452,0.004818556,0.003806936,82.46
716,0.004038435,0.005021749,0.008494061,0.011369416,0.02033379,0.013635236,0.011629245,0.010646492,0.010414254,0.015413436,0.005670946,0.005846217,0.005273094,0.004981381,0.003914786,75.3166667
717,0.003507163,0.003945957,0.005773682,0.007326746,0.011764985,0.007846267,0.006650176,0.006144446,0.006017605,0.009115004,0.00381356,0.003909,0.0035264,0.003331353,0.002646487,95.2766667
718,0.003799564,0.004392492,0.006832993,0.008874386,0.015045757,0.010324447,0.008756874,0.007962525,0.007769745,0.012893222,0.005404353,0.005507177,0.004993931,0.004746036,0.003764418,112.243333
719,0.004826044,0.005622813,0.008417769,0.010648667,0.01744492,0.013058299,0.011231956,0.010333239,0.009966366,0.015139159,0.006743596,0.006897599,0.006225038,0.005931205,0.004736556,82.34
720,0.004975162,0.005647934,0.008259781,0.01045839,0.016946831,0.012457899,0.010502205,0.009690737,0.009553188,0.016470705,0.008076877,0.008209545,0.007436745,0.007082165,0.005622003,139.816
721,0.00302132,0.003480657,0.005502419,0.006991766,0.012255591,0.008292815,0.006597334,0.005976467,0.005910282,0.009454443,0.003732249,0.00382269,0.003445903,0.003258524,0.002584101,68.7163636
722,0.003261296,0.003691823,0.005639122,0.00706914,0.012033163,0.008252445,0.006571373,0.005979455,0.005859982,0.008587318,0.003349528,0.003441131,0.0031269,0.002960422,0.002362335,73.4266667
723,0.003654449,0.004064697,0.005951019,0.007657579,0.014115262,0.009178793,0.007510521,0.006833729,0.006473756,0.00793403,0.003152123,0.003264018,0.002961368,0.002800913,0.002236215,38.21
724,0.002639674,0.003011117,0.004731613,0.006252543,0.012125871,0.007635561,0.006064419,0.005464231,0.00518736,0.006168085,0.002010933,0.002109708,0.001905516,0.001789659,0.001427758,33.05
725,0.001622449,0.001920596,0.002835869,0.003483452,0.005688165,0.004687089,0.00363726,0.003544804,0.003658587,0.004411282,0.001727254,0.001768343,0.001592153,0.00150033,0.001179945,60.36
726,0.001038997,0.001333337,0.002069113,0.002500946,0.003905866,0.003072663,0.002352262,0.002338188,0.002353863,0.002081737,0.000797095,0.000838987,0.000752234,0.000702444,0.000552077,26.5066667
727,0.00175629,0.002077608,0.003429887,0.004328389,0.007984218,0.005756084,0.004375891,0.004038453,0.004137492,0.006405949,0.00244524,0.002516189,0.002258159,0.002128141,0.001669979,76.012
728,0.001280667,0.001606414,0.002588047,0.003233646,0.005515008,0.004381655,0.003356043,0.003211318,0.003245759,0.003576939,0.001285904,0.001332722,0.001200234,0.001125176,0.000877163,43.3293333
729,0.003637843,0.00513734,0.008120696,0.009528242,0.013713685,0.012150864,0.010449017,0.010222072,0.009630257,0.007985216,0.003810699,0.003805063,0.003452694,0.003351127,0.002756364,5.024
730,0.003671029,0.004263493,0.005694205,0.006447647,0.008366436,0.006570178,0.005649094,0.005656219,0.005349516,0.004403297,0.002784622,0.002668955,0.002380014,0.002352721,0.002037631,5.05
731,0.003740347,0.004236193,0.005901165,0.007245946,0.011672143,0.008461321,0.007695015,0.007433154,0.007119494,0.007486904,0.003422512,0.003280601,0.002939893,0.002910951,0.002465829,21.128
732,0.001259501,0.001818158,0.003678129,0.005288247,0.010543953,0.006604276,0.005539542,0.005189451,0.005105129,0.005991707,0.00125033,0.001001108,0.000882334,0.000920102,0.000843608,26.188
733,0.001190845,0.001967001,0.004046572,0.005526859,0.009997936,0.007036585,0.005627148,0.005391176,0.005234752,0.005234188,0.00100849,0.000814226,0.000694066,0.000743393,0.000701081,16.632
734,0.004266021,0.005492547,0.008399524,0.010270147,0.0152643,0.013111213,0.01085513,0.010545521,0.010108292,0.010061254,0.004074922,0.004059463,0.003676819,0.003559359,0.002907322,13.7425
735,0.005578714,0.006924723,0.010071521,0.012582204,0.019190141,0.017594963,0.014386412,0.01398942,0.013614376,0.016899328,0.008190991,0.008142837,0.007368463,0.007129772,0.005772512,28.224
736,0.001634689,0.002816152,0.005849808,0.008229292,0.014552382,0.012091996,0.009030157,0.00846212,0.008420305,0.011368247,0.002803222,0.002569239,0.002288931,0.002239869,0.001939789,35.216
737,0.005647132,0.006745753,0.009643969,0.012172361,0.018952006,0.015521898,0.012681166,0.012174986,0.01187527,0.015159466,0.006609687,0.006689565,0.006051671,0.005774796,0.00466295,32.384
738,0.004077117,0.005185191,0.008313794,0.010880619,0.017813268,0.014021458,0.011104698,0.010581925,0.010302656,0.013268449,0.004798212,0.004688848,0.004185657,0.00407433,0.003381558,34.504
739,0.003092555,0.003782346,0.005989401,0.00809176,0.014000715,0.009808094,0.007809191,0.007411595,0.007317596,0.009478787,0.003199809,0.003162245,0.002835629,0.002728592,0.002229151,26.764
740,0.002345265,0.003231021,0.006054845,0.008775903,0.016373426,0.010786287,0.008161047,0.007482689,0.007451634,0.011135187,0.002749881,0.00251922,0.002216668,0.002215806,0.001931091,36.136
741,0.003852066,0.004609667,0.007261297,0.009939916,0.017596672,0.011045351,0.009237296,0.008620248,0.008383034,0.011239236,0.003901463,0.003882272,0.003468813,0.003342331,0.002760593,21.81
742,0.00436758,0.005143368,0.007782464,0.010319407,0.017441132,0.011423738,0.010001275,0.00951809,0.009290655,0.012031704,0.004934366,0.004878172,0.00449199,0.004287935,0.003448226,35.74
743,0.004492336,0.005486744,0.008430204,0.011089504,0.018293445,0.012449106,0.010739808,0.010259113,0.009944151,0.012347776,0.005023723,0.005022192,0.004414678,0.004321043,0.003526702,30.31
744,0.003383519,0.003987122,0.006244072,0.00853964,0.015411075,0.009369208,0.008003234,0.007565107,0.007435027,0.009445312,0.003295903,0.003333651,0.003015748,0.002892919,0.002295977,33.515
745,0.002044023,0.002634249,0.004567124,0.00642676,0.011553888,0.007786275,0.005924706,0.005566206,0.00560145,0.007464226,0.001889144,0.001753421,0.001598652,0.001531486,0.001285596,37.136
746,0.00319596,0.003953471,0.00646638,0.008910769,0.015950062,0.009903017,0.008312245,0.007870762,0.007781628,0.009969423,0.003393342,0.003198039,0.002824483,0.002797509,0.002385339,37.432
747,0.003147415,0.004026476,0.006544455,0.008766685,0.014752027,0.010596278,0.00842763,0.00799342,0.007886493,0.009769415,0.00311702,0.003106735,0.002811118,0.002694382,0.002129352,29.116
748,0.003188417,0.004329797,0.007047821,0.009080746,0.014536588,0.012232424,0.009487609,0.009125502,0.008891992,0.01029181,0.00356727,0.003579149,0.00324259,0.003096366,0.002501967,25.516
749,0.003250737,0.004624118,0.007767581,0.010081362,0.016405079,0.014457941,0.011217336,0.010762782,0.010515589,0.012438134,0.003988613,0.00410684,0.003752835,0.003562346,0.002790155,25.072
750,0.003405222,0.004645578,0.007529181,0.009621934,0.015226189,0.013714603,0.010739211,0.010450361,0.010143823,0.011982763,0.004308415,0.004367137,0.003930229,0.003763539,0.003063001,28.404
751,0.001902799,0.002754011,0.005012028,0.006421245,0.010624676,0.007910007,0.005959642,0.005696478,0.00549517,0.004930448,0.00050317,0.000358946,0.000242523,0.000261562,0.00036248,22.704
752,0.001847121,0.002242178,0.004019094,0.00561187,0.010933974,0.006635885,0.005854678,0.00550133,0.005380751,0.006469742,0.001849269,0.001531274,0.001400974,0.00145977,0.001286208,26.984
753,0.001300276,0.001687867,0.002833419,0.00365243,0.006003365,0.00382155,0.003081753,0.002939627,0.002815578,0.002510126,0.000382376,0.000373383,0.000337778,0.000305693,0.000260156,16.96
754,0.002001153,0.002627467,0.00412613,0.004853582,0.006813961,0.005018994,0.003962116,0.003907212,0.003656796,0.002668712,0.000919523,0.000981176,0.000880748,0.000848986,0.000707469,3.68333333
755,0.001600229,0.002061356,0.003309437,0.003859254,0.00512436,0.003175754,0.002218966,0.002180085,0.00207322,0.001252814,7.22E-05,-5.69E-05,-7.19E-05,9.29E-06,7.49E-05,5.62
756,0.000728474,0.001306826,0.002736748,0.00345615,0.005525842,0.003469658,0.002445511,0.002328803,0.002174898,0.001434371,-0.000326914,-0.00033068,-0.000302387,-0.000298551,-0.000223802,6.29
757,0.002401769,0.003447169,0.005689012,0.006772233,0.00974737,0.007695376,0.006404898,0.006300477,0.005857322,0.004281909,0.001506245,0.001551858,0.001428197,0.001376609,0.00108103,3.838
758,0.00423643,0.005774293,0.00879921,0.010312938,0.014190175,0.011657971,0.009720042,0.009570334,0.008959083,0.006802915,0.002741038,0.002842332,0.002619818,0.002523299,0.002044982,4.368
759,0.002186272,0.003407286,0.00567934,0.006818825,0.009832163,0.008294385,0.006978217,0.006869316,0.006430939,0.004834777,0.001584389,0.001678496,0.001522217,0.001441071,0.001137572,3.458
760,0.004717107,0.003566087,0.006253059,0.008345272,0.015932061,0.00714011,0.006778269,0.005624049,0.005401578,0.017979617,0.017760905,0.017771192,0.016075433,0.015364838,0.012136692,339.015
761,0.002793854,0.002493249,0.004400582,0.006017663,0.012009771,0.005671027,0.005113123,0.004359634,0.00420556,0.009191412,0.005335458,0.005414233,0.004880644,0.004643418,0.003670932,130.156
762,0.002921276,0.002558766,0.004800508,0.006557921,0.013599052,0.006650753,0.006252547,0.005221467,0.004998876,0.014680672,0.011239678,0.011276038,0.010070839,0.009645369,0.007524015,73.412
763,0.001075135,0.001362922,0.002491717,0.003136345,0.005083617,0.003672096,0.003026379,0.002857564,0.002678192,0.002701025,0.001494288,0.00152115,0.001374303,0.001296765,0.001013104,7.578
764,0.001410974,0.001673241,0.003196321,0.004693395,0.010687146,0.005431079,0.005027981,0.004399364,0.004132145,0.00652483,0.001842634,0.001911259,0.00170773,0.001593122,0.001230925,36.31
765,0.001452545,0.001700461,0.003065404,0.004426974,0.010092675,0.005406139,0.004706123,0.004151429,0.003884613,0.005474395,0.001495681,0.001555993,0.001397902,0.001310213,0.001018963,32.1066667
766,0.00121933,0.001401064,0.002454137,0.00344004,0.006963463,0.003553492,0.003516804,0.003116402,0.002975588,0.004676312,0.001374395,0.001411278,0.00126219,0.001183337,0.000922688,41.095
767,0.001615722,0.001811164,0.003046632,0.004252398,0.008751468,0.004518833,0.004387668,0.003873191,0.003670257,0.006130997,0.001875066,0.001928249,0.001729723,0.001620263,0.001265202,51.144
768,0.002243032,0.002474577,0.004105995,0.005715754,0.011206338,0.005735503,0.005364534,0.004731048,0.004503201,0.007634436,0.002380801,0.002464,0.002220851,0.002092702,0.001648634,51.03
769,0.002953841,0.003212857,0.004909526,0.006547825,0.01196875,0.006593997,0.006193191,0.005565062,0.005345175,0.008990294,0.003471283,0.003512402,0.003186495,0.003051003,0.002437749,59.395
770,0.001522575,0.001695446,0.002964356,0.004186316,0.008627591,0.004495485,0.004420913,0.003874692,0.0037061,0.006718034,0.002131511,0.002170564,0.001949529,0.001833198,0.001421653,56.815
771,0.002163713,0.002337837,0.003893265,0.005439938,0.010559058,0.005413789,0.005110355,0.004467541,0.004245764,0.007689451,0.002455778,0.002527498,0.002288032,0.002162688,0.001706229,53.73
772,0.002101928,0.002243845,0.003850227,0.005390533,0.010605523,0.00522538,0.004957685,0.00431171,0.004083927,0.007480845,0.002632229,0.002711062,0.002445059,0.002310197,0.001825269,54.755
773,0.001993174,0.002122163,0.003412907,0.004760463,0.00946409,0.004714602,0.00442648,0.003890504,0.003702304,0.006620945,0.002115536,0.002180784,0.001970927,0.001853276,0.001458983,55.685
774,0.002922038,0.002838385,0.004860928,0.006670869,0.012835899,0.006110563,0.005723738,0.004913856,0.004661532,0.009601795,0.004239498,0.004333236,0.003926652,0.003718354,0.002948741,89.73
775,0.002028644,0.002172793,0.003793373,0.00533095,0.010564603,0.005055197,0.004755256,0.004138251,0.003919065,0.006957997,0.002472406,0.00254988,0.002313804,0.002183459,0.00172197,44.645
776,0.002203818,0.002598653,0.004700844,0.006678078,0.013665806,0.00678433,0.006102866,0.005344228,0.005037814,0.007970743,0.002270718,0.002384383,0.002143626,0.002017313,0.001583339,42.496
777,0.002528994,0.00326419,0.006287402,0.008860417,0.017760793,0.009476235,0.008330232,0.007440581,0.007102421,0.010482503,0.003215969,0.003338369,0.003017452,0.00282287,0.002214121,36.93
778,0.00194678,0.002059516,0.003263495,0.004512025,0.00886589,0.004330711,0.004063017,0.003624589,0.003475535,0.005539991,0.001711884,0.001770623,0.00160653,0.001502657,0.001177938,48.76
779,0.002385476,0.002721959,0.004580005,0.006318004,0.01221257,0.00636167,0.006085396,0.005435437,0.005224613,0.008355893,0.002664227,0.002749936,0.00247384,0.002322844,0.001826026,44.425
780,0.002218774,0.002445542,0.004062041,0.005585041,0.010857209,0.00562898,0.005114762,0.004535593,0.004382018,0.007279607,0.00233271,0.00241397,0.002158234,0.002022377,0.001608192,49.015
781,0.002107495,0.002265618,0.003825642,0.005357069,0.010752843,0.005232735,0.004835396,0.00425337,0.004001079,0.006189622,0.002054894,0.002110752,0.001899529,0.001790261,0.001427538,35.62
782,0.002923611,0.003067847,0.004464703,0.005943594,0.01165563,0.006013713,0.005368978,0.004822051,0.004492553,0.00583521,0.00203124,0.002125892,0.001905457,0.001812573,0.001442075,31.008
783,0.002169296,0.002458253,0.00414936,0.005845621,0.012407359,0.006233793,0.00539362,0.004797546,0.004469813,0.005902018,0.001641255,0.001713838,0.001541496,0.001435144,0.001155595,27.465
784,0.002191486,0.002311739,0.002886128,0.00330431,0.004618517,0.003064605,0.002431779,0.002315327,0.002186931,0.002112675,0.001277282,0.001299474,0.001159559,0.001126676,0.000934774,16.722
785,0.002505865,0.002796281,0.004647552,0.00605644,0.011090578,0.006132646,0.004976727,0.004419588,0.004220104,0.005849499,0.002002516,0.002077645,0.001881721,0.001775254,0.001424125,30.984
786,0.005006372,0.008085709,0.013146332,0.015556994,0.021635759,0.019145268,0.017149109,0.0171358,0.015917951,0.011761118,0.003930526,0.004162217,0.003794259,0.00356651,0.002831165,1.94266667
787,0.002151865,0.003211167,0.00542751,0.00660924,0.00968213,0.007251681,0.005729282,0.005595258,0.0051504,0.003503341,0.001296927,0.001326289,0.001196577,0.001154296,0.000939716,2.902
788,0.001512745,0.002131412,0.003469871,0.004170818,0.005730461,0.003336108,0.002413222,0.002363866,0.002203852,0.001445316,0.000487404,0.000463924,0.000430228,0.000429884,0.000369323,3.84466667
789,0.00282563,0.00325968,0.005916717,0.00773649,0.013933747,0.007413009,0.00624287,0.005490732,0.005181927,0.00766433,0.002943731,0.002912209,0.002624997,0.002528908,0.002074238,33.344
790,0.002418637,0.002685614,0.005150086,0.007022638,0.013475055,0.006354454,0.005621606,0.004813435,0.004612019,0.0080963,0.002874349,0.002846124,0.00256831,0.00246248,0.002002295,41.678
791,0.001654543,0.002092014,0.003111146,0.003644893,0.004894424,0.00286702,0.002207569,0.002188078,0.002083128,0.001627761,0.000955468,0.000967476,0.00087959,0.000853687,0.000709351,16.122
792,0.003963027,0.004510652,0.007386212,0.009793107,0.017499973,0.009889835,0.008927409,0.008037442,0.007666508,0.011620003,0.004550298,0.004515313,0.004058811,0.003891358,0.003169905,40.32
793,0.002454305,0.002832343,0.005008404,0.006625918,0.011738063,0.006031034,0.004927084,0.004389082,0.00417853,0.005671664,0.002025883,0.002051355,0.001865325,0.00179146,0.001458231,25.992
794,0.003004331,0.003281472,0.005998477,0.008110463,0.01505357,0.007495264,0.006374309,0.00553006,0.00531626,0.008888084,0.002977193,0.003043338,0.002785149,0.002640306,0.002079784,43.564
795,0.003940258,0.004340974,0.007117182,0.009282628,0.016673928,0.00915656,0.008338266,0.007443425,0.007131127,0.012088253,0.005141874,0.005139896,0.004652127,0.004454197,0.003590556,55.26
796,0.003238763,0.003520977,0.005573656,0.007156028,0.012314518,0.00661638,0.005966822,0.005323025,0.005079164,0.008371168,0.00337018,0.003436154,0.003098276,0.002933894,0.002323239,54.5685714
797,0.002565292,0.002760839,0.005129623,0.007061314,0.013427959,0.006891232,0.006000034,0.00515015,0.004975891,0.010454198,0.004113386,0.00419986,0.003817565,0.003598207,0.002837509,72.4171429
798,0.003529146,0.003998356,0.006886886,0.009199616,0.016970008,0.009169885,0.00817006,0.007175979,0.006852672,0.011456454,0.003651207,0.003619416,0.00325437,0.00307704,0.002531178,74.2685714
799,0.005008883,0.005442604,0.008175543,0.010471547,0.017914044,0.010729957,0.010053526,0.009285886,0.008922822,0.012696553,0.005696204,0.005918348,0.005371034,0.005052755,0.004032622,43.8333333
800,0.000139362,0.000389288,0.002345284,0.003921859,0.009171014,0.003739998,0.002943772,0.00227693,0.002272713,0.005342277,0.000449038,0.000390507,0.000339586,0.00031802,0.000208891,50.0033333
801,0.003406185,0.003810872,0.005843054,0.007665712,0.013528347,0.007743528,0.006593716,0.00596897,0.005766901,0.00822661,0.00286991,0.002973558,0.002690096,0.002526164,0.001991545,40.1657143
802,0.00304168,0.003272452,0.005204107,0.006946474,0.012404102,0.00728297,0.006420637,0.005865466,0.00572835,0.008521601,0.003382935,0.003496146,0.003134681,0.00296468,0.002342142,44.1333333
803,0.002965209,0.003776761,0.006420584,0.008419049,0.014697727,0.009781979,0.009526108,0.009121583,0.008816704,0.011752811,0.006704174,0.006683264,0.006116188,0.00591682,0.004639334,40.9742857
804,0.001814842,0.002585276,0.004861355,0.006648584,0.012830198,0.007556398,0.006897659,0.006405156,0.006137048,0.006682647,0.002242568,0.002321943,0.002096173,0.00194934,0.00151192,24.124
805,0.002093984,0.002417552,0.003981175,0.005269884,0.009339061,0.005240609,0.004570986,0.004172596,0.004050856,0.005616722,0.002005525,0.002079037,0.001874046,0.001756635,0.001371104,41.2057143
806,0.002558489,0.003079068,0.00567204,0.007637698,0.013954351,0.007862092,0.006895531,0.006128305,0.005873444,0.009361422,0.003382003,0.003452708,0.003121487,0.002945522,0.002324355,75.9333333
807,0.005008007,0.004375797,0.007715522,0.010351312,0.019262508,0.009458334,0.008810719,0.007419692,0.007146298,0.018966389,0.014318459,0.014370565,0.012898436,0.012402504,0.009856091,92.152
808,0.004938276,0.004046229,0.006484272,0.008538688,0.016001848,0.007830698,0.007025949,0.005896932,0.005679777,0.014129946,0.010865771,0.010978727,0.00990781,0.009474394,0.007479855,151.568
809,0.003643503,0.003751214,0.006478835,0.008774091,0.01631439,0.008455173,0.007412199,0.006494853,0.006108398,0.009657485,0.004250334,0.004382052,0.003958551,0.003741907,0.002957254,53.1742857
810,0.004521372,0.004368475,0.006703911,0.008544815,0.014246875,0.008062712,0.006509764,0.005739259,0.005515306,0.008757321,0.005129876,0.005228561,0.004723259,0.00450802,0.003569406,43.46
811,0.002195666,0.002566567,0.004744151,0.006322449,0.011349842,0.006110807,0.004838351,0.004294613,0.004134067,0.005298127,0.001703085,0.001773087,0.001610058,0.001513486,0.001201468,33.624
812,0.001668927,0.002191543,0.00340727,0.004126392,0.005728361,0.003730723,0.002656506,0.002609411,0.002503312,0.001718115,0.000533333,0.000587153,0.000533986,0.000499907,0.000396604,7.32866667
813,0.004527284,0.005508581,0.007932012,0.009034916,0.012949912,0.008400369,0.005566797,0.005289921,0.005204125,0.004674634,0.001445624,0.001574716,0.001448288,0.001287715,0.001601237,19.93856
814,0.002976292,0.003682083,0.005551567,0.006665979,0.010837516,0.007890452,0.005000338,0.004618884,0.004743388,0.0052888,0.001419676,0.001436214,0.001450628,0.001293526,0.001588982,29.81312
815,0.004624749,0.00594038,0.008674297,0.009858892,0.012016195,0.006621767,0.004462498,0.004336933,0.004004576,0.002750968,0.000863817,0.000731485,0.000650394,0.000704729,0.000978583,7.8784
816,0.003187644,0.003457009,0.004483827,0.005134392,0.006938598,0.003343353,0.002198533,0.002165583,0.002127703,0.001528246,0.000559068,0.000440574,0.000398255,0.000411994,0.000542046,12.92928
817,0.003497799,0.004127621,0.005996021,0.006970466,0.011032935,0.008457956,0.00550698,0.005137555,0.005180472,0.005576858,0.001831108,0.001800843,0.001579904,0.001572345,0.001957566,35.96992
818,0.004142423,0.004966949,0.007021618,0.008073304,0.010190798,0.005161047,0.003708251,0.003650228,0.003384113,0.002176112,0.000709005,0.00053533,0.000472835,0.000640086,0.000749727,3.7904
819,0.00241293,0.002552756,0.005105682,0.006603915,0.01025755,0.004344372,0.002963284,0.002396051,0.002182309,0.002945185,0.000845572,0.00091446,0.000876198,0.00076809,0.000900072,16.26
820,0.003148138,0.003394176,0.006122183,0.007794665,0.011996694,0.006525494,0.004780113,0.004072735,0.003782302,0.005133192,0.001560813,0.00160497,0.001412082,0.00139714,0.001791936,18.62
821,0.003194845,0.003342242,0.005298016,0.00631677,0.008584638,0.003198459,0.002189544,0.001964808,0.001804581,0.001734897,0.000470752,0.000487355,0.000407633,0.000455041,0.000531534,7.81
822,0.002546252,0.002441043,0.004105686,0.005001677,0.006890597,0.002250755,0.001450327,0.001211992,0.001158421,0.001367973,0.000412017,0.000403211,0.000362142,0.000308953,0.000414013,5.95
823,0.002859874,0.0035145,0.005790046,0.007022526,0.009809757,0.004385324,0.003135531,0.002900592,0.002694935,0.002226444,0.000631771,0.000648976,0.000590952,0.000558806,0.000644737,8.8
824,0.003502796,0.004220195,0.006679618,0.007815332,0.010128496,0.004872075,0.003486161,0.003219651,0.003006399,0.002598497,0.000814944,0.000819121,0.00071322,0.000665443,0.000820454,10.016
825,0.003218179,0.003541419,0.006205788,0.007846024,0.012840993,0.008160688,0.006724288,0.005591093,0.005446807,0.012303457,0.004227799,0.004269071,0.003882038,0.003750734,0.004622285,126.144
826,0.007243291,0.008439312,0.012233511,0.014302378,0.019643713,0.013904877,0.011471571,0.010437048,0.009735673,0.011438594,0.003821087,0.003771394,0.003404487,0.003317499,0.004168079,33.152
827,0.005578574,0.006706721,0.009877362,0.011036645,0.013064378,0.006119118,0.004362099,0.004147275,0.003794291,0.002725675,0.000878341,0.000794301,0.000660636,0.000718261,0.000870609,5.6288
828,0.003554278,0.004098697,0.006531551,0.007609028,0.009925782,0.003837083,0.00273677,0.002526117,0.002300647,0.001919663,0.000618063,0.000572148,0.000493675,0.000514762,0.000659538,6.12266667
829,0.00907844,0.007785304,0.008941288,0.009993305,0.013108724,0.005202389,0.003365189,0.002928543,0.002594747,0.002518607,0.000734167,0.000522212,0.000282927,0.000389392,0.000695541,6.74133333
830,0.012521438,0.011014239,0.012608063,0.014002055,0.018682686,0.009677925,0.006670957,0.00585797,0.005269896,0.005370759,0.002031101,0.001417142,0.001065107,0.001288712,0.002035333,18.112
831,0.004264267,0.00492902,0.007493463,0.008699195,0.012715414,0.007616995,0.005292948,0.004918236,0.004771817,0.004724834,0.001442889,0.001495134,0.001388322,0.001285418,0.001564338,26.24
832,0.005747242,0.00678919,0.010333116,0.012278272,0.019097417,0.013936081,0.010468328,0.009235207,0.008768612,0.011347149,0.003642687,0.003684737,0.003339736,0.003223923,0.003973379,41.824
833,0.005478887,0.006519081,0.010076182,0.012030778,0.017916304,0.011996514,0.009776613,0.008725684,0.008141439,0.010243385,0.003321603,0.003345031,0.002985083,0.002893776,0.003598254,19.37
834,0.003093334,0.00296301,0.00705732,0.009823615,0.021557947,0.011300673,0.008232897,0.006257309,0.005974462,0.012977897,0.004220795,0.004324632,0.003969222,0.00362423,0.004565327,45.89
835,0.002539654,0.00260111,0.004317575,0.005478488,0.008058675,0.003163788,0.00173187,0.001529043,0.00156344,0.001523632,0.000402497,0.00045553,0.000361365,0.000368761,0.00039654,9.20833333
836,0.005559893,0.004547022,0.008463079,0.011670801,0.024582453,0.013508624,0.010010395,0.007747428,0.007358482,0.017370558,0.005820905,0.005904187,0.005381977,0.004990053,0.006221609,109.655
837,0.005512033,0.007255658,0.010860374,0.012828521,0.019235124,0.012588117,0.009878942,0.009005112,0.008443519,0.009011113,0.002875393,0.00303786,0.002642612,0.002486353,0.003081271,26.304
838,0.008328208,0.011647374,0.016618234,0.018503355,0.022588547,0.016494279,0.013104589,0.01273223,0.011763494,0.008616897,0.002655392,0.002772185,0.002505401,0.002350111,0.002872353,4.1056
839,0.006665339,0.008954531,0.012600681,0.013449446,0.014393049,0.006725401,0.004598602,0.00445775,0.003994868,0.002547339,0.000808535,0.000870478,0.000668229,0.000660041,0.000901114,1.6416
840,0.0065193,0.008450131,0.012066167,0.013344153,0.016039304,0.009438021,0.007029239,0.006755003,0.00612547,0.004276103,0.001333906,0.001408642,0.001223026,0.001097585,0.001405277,4.1536
841,0.005853256,0.007068361,0.009936734,0.011317924,0.015613964,0.011134217,0.008174167,0.007742453,0.007256896,0.006109781,0.001979564,0.002027851,0.001653621,0.001590829,0.001960154,10.34816
842,0.003555355,0.005134972,0.00810115,0.009132332,0.010835565,0.005432213,0.003770581,0.003624429,0.003259414,0.002107465,0.000813978,0.000811299,0.000812028,0.000615025,0.000726658,2.1568
843,0.008083673,0.011937909,0.016724127,0.018913832,0.024208776,0.022448653,0.020171911,0.020095778,0.018703534,0.015399541,0.004607756,0.004670366,0.004142967,0.004009048,0.004849572,2.9667
844,0.006734825,0.010723325,0.016146769,0.018833835,0.026130559,0.025338823,0.022690686,0.022334743,0.02099994,0.018721322,0.005886434,0.005548399,0.005068119,0.004959525,0.006070677,7.595
845,0.00342195,0.006136479,0.010277213,0.012591258,0.019154205,0.021309332,0.021765649,0.022218118,0.020894093,0.017111502,0.005735526,0.005720963,0.005263482,0.005066569,0.006285217,2.07786667
846,0.003637924,0.005173457,0.008138602,0.009599676,0.013473963,0.011399011,0.0093991,0.009289122,0.008590052,0.006072374,0.001872923,0.001663834,0.001512964,0.001689923,0.002040006,6.2208
847,0.00359561,0.004441716,0.006231241,0.00679617,0.008047304,0.003394757,0.002240577,0.002201739,0.002043243,0.001263952,0.000371485,0.000306268,0.000286233,0.000336019,0.00044682,6.4768
848,0.002390457,0.002750008,0.003898889,0.004586436,0.006942797,0.003555876,0.002205353,0.002231078,0.002277562,0.001715008,0.000576756,0.00058775,0.000473353,0.000459205,0.00068351,28.32128
849,0.005707258,0.008076112,0.012032841,0.014310401,0.0209661,0.023080586,0.023455258,0.023863514,0.022418053,0.018318648,0.0060079,0.006097004,0.005453284,0.005354129,0.006636658,3.835
850,0.004383173,0.00607643,0.009073374,0.010738383,0.015542141,0.016646311,0.016680967,0.01696695,0.015892539,0.012184965,0.003941585,0.003961082,0.003681012,0.003499697,0.004345352,1.62825
851,0.003482737,0.003993126,0.004950477,0.005492462,0.007068299,0.006087413,0.005187966,0.005119229,0.004712638,0.003342031,0.001051822,0.000935999,0.000786357,0.000847706,0.001186578,6.279
852,0.002874941,0.003410306,0.004784372,0.005590501,0.007912591,0.00441717,0.002919307,0.00287041,0.002842036,0.002147865,0.000740619,0.000741306,0.000609798,0.000567176,0.0007626,22.595625
853,0.002947289,0.003674986,0.005330641,0.006025688,0.007838244,0.003241218,0.002071489,0.001996377,0.001872046,0.001206816,0.000333637,0.000343643,0.000326366,0.000277836,0.000381831,1.01075
854,0.001613111,0.002424654,0.004484631,0.005752957,0.009554015,0.006845482,0.006054847,0.005531202,0.005253228,0.006773365,0.002102209,0.002104584,0.001862687,0.001795355,0.002303328,16.029
855,0.001613111,0.002424654,0.004484631,0.005752957,0.009554015,0.006845482,0.006054847,0.005531202,0.005253228,0.006773365,0.002102209,0.002104584,0.001862687,0.001795355,0.002303328,16.029
856,0.003285299,0.004309721,0.006305746,0.007404674,0.010563034,0.010069058,0.009068482,0.009008864,0.008375331,0.006089112,0.00203702,0.001793561,0.001541727,0.001592243,0.002221113,5.928
857,0.003285299,0.004309721,0.006305746,0.007404674,0.010563034,0.010069058,0.009068482,0.009008864,0.008375331,0.006089112,0.00203702,0.001793561,0.001541727,0.001592243,0.002221113,5.928
858,0.002677293,0.003654512,0.00575253,0.006889377,0.010436031,0.010495199,0.009016931,0.008816863,0.00835791,0.007214174,0.00264898,0.002180088,0.001863236,0.002105677,0.002929741,26
859,0.002677293,0.003654512,0.00575253,0.006889377,0.010436031,0.010495199,0.009016931,0.008816863,0.00835791,0.007214174,0.00264898,0.002180088,0.001863236,0.002105677,0.002929741,26
860,0.005175532,0.006722819,0.009735503,0.011333654,0.015460298,0.013873355,0.012097311,0.011954615,0.011102287,0.008392828,0.002618051,0.002672217,0.002394492,0.002306752,0.002803778,7.2475
861,0.006361192,0.007414043,0.009814064,0.011008663,0.013997283,0.009087475,0.006943785,0.006644668,0.006132982,0.004876945,0.001754865,0.001567769,0.001386769,0.001444891,0.001861686,16.055
862,0.004700663,0.005279002,0.00703395,0.007713568,0.008978129,0.003841713,0.002663009,0.002554314,0.002368178,0.001613685,0.000593744,0.000517913,0.000424463,0.000442169,0.000579469,5.031
863,0.004077264,0.005033772,0.007022549,0.008433236,0.012355561,0.010908798,0.00826733,0.007830449,0.007521592,0.007980028,0.002503174,0.002514633,0.002306289,0.002216133,0.002684028,66.594
864,0.005235723,0.005710696,0.007543647,0.008190137,0.009322475,0.00349099,0.002301102,0.002188225,0.001990635,0.001383788,0.000477691,0.000431281,0.000337851,0.000370428,0.000506412,6.072
865,0.004417494,0.001731968,0.006219917,0.01095472,0.034389095,0.014028229,0.009709385,0.006257234,0.006227842,0.027443259,0.009375818,0.009680701,0.008800119,0.008404676,0.010394327,113.322
866,0.004431716,0.003495859,0.005787543,0.008197415,0.018133579,0.007690816,0.006046151,0.004745243,0.004658081,0.012950187,0.004518392,0.004394921,0.003873476,0.003917074,0.00502879,119.724
867,0.002653305,0.00346274,0.005106348,0.006030568,0.008693735,0.008037912,0.006774149,0.006550864,0.006211288,0.005335979,0.001707789,0.001745671,0.001575329,0.001481603,0.001848866,23.628
868,0.005459582,0.005835511,0.00706435,0.007914531,0.010591851,0.009752479,0.008659005,0.008523242,0.00792919,0.00589986,0.001821532,0.001796618,0.001655934,0.00153201,0.001970608,4.303
869,0.004232363,0.004357189,0.005257961,0.005980917,0.008206087,0.005578268,0.004312887,0.004018856,0.003823304,0.003920808,0.001340104,0.001335638,0.001158975,0.001145603,0.001443986,25.415
870,0.005989328,0.005496006,0.006499998,0.007206157,0.009130558,0.004066337,0.002776788,0.002547866,0.002326124,0.001893653,0.000543355,0.000444504,0.000368353,0.00041157,0.000550759,8.6775
871,0.004676782,0.004797892,0.006477952,0.007489584,0.009915431,0.003927619,0.002652072,0.002516627,0.002368039,0.001809035,0.000574144,0.000529156,0.000455614,0.000475922,0.000636978,8.45
872,0.006462985,0.006333026,0.007379579,0.007941667,0.009091774,0.003060965,0.001995139,0.001915334,0.001768818,0.0011647,0.00042754,0.000294215,0.000258968,0.000278756,0.000402632,4.654
873,0.00250067,0.002654387,0.004001331,0.005151387,0.009106713,0.005459504,0.004553691,0.003966592,0.003891565,0.007004632,0.002308145,0.002350606,0.002110093,0.002010073,0.002499792,67.4375
874,0.003884291,0.004556885,0.00684985,0.008229052,0.012567456,0.0086602,0.008017392,0.007502869,0.007012249,0.00801358,0.002610541,0.002709926,0.002471083,0.002341088,0.002846909,64.8916667
875,0.008997952,0.009165816,0.010524062,0.011458302,0.014855687,0.012474682,0.010781039,0.010496359,0.009752156,0.007893787,0.002645348,0.002271665,0.001922738,0.002043923,0.002811997,14.1483333
876,0.008255246,0.008117185,0.01131515,0.013504765,0.021153959,0.011369259,0.01067261,0.008946042,0.008352048,0.017065012,0.005982627,0.005717927,0.005040559,0.005025042,0.006603294,127.075
877,0.007355615,0.007680751,0.010553989,0.012197533,0.015580251,0.007572013,0.005453841,0.005077322,0.004736435,0.003852202,0.001148607,0.001111222,0.000990752,0.000980455,0.001213731,15.3075
878,0.010963199,0.010257369,0.011306844,0.012446476,0.017279279,0.00929475,0.008503889,0.007476288,0.007033337,0.012546692,0.004488812,0.004039184,0.003453349,0.003538738,0.004783902,116.675
879,0.004055886,0.003907746,0.007736639,0.010264165,0.018533521,0.00911167,0.008368194,0.006814035,0.006514206,0.014197834,0.004904176,0.00487545,0.004385084,0.004192662,0.00537052,91.52
880,0.001382923,0.000628739,0.004882656,0.007572882,0.015620091,0.005526721,0.004768939,0.00330039,0.003035492,0.00991962,0.003339671,0.003353045,0.002837058,0.002616747,0.003504982,58.816
881,0.003545209,0.003473394,0.006478963,0.008574248,0.017328951,0.007333543,0.007239404,0.005590172,0.005405152,0.014995165,0.005209936,0.005351341,0.004837689,0.004635742,0.00582402,171.52
882,0.003582083,0.003749382,0.005685688,0.007014636,0.012076233,0.007173456,0.006169301,0.00531343,0.005277309,0.010152832,0.003519315,0.00362888,0.003200474,0.003090564,0.003817754,117.312
883,0.003209067,0.003472047,0.006198539,0.008035037,0.014832194,0.007564423,0.007501336,0.006207645,0.005908782,0.011693109,0.004076885,0.004002985,0.003508677,0.003565036,0.004493494,100.608
884,0.005030947,0.005267711,0.009701708,0.012656796,0.023361556,0.011596833,0.011370261,0.009450111,0.008920971,0.018591339,0.006451393,0.0066002,0.005998203,0.005780697,0.007199708,115.584
885,0.006450345,0.006194873,0.009742771,0.012110383,0.019623119,0.008958059,0.007540803,0.006519833,0.006064846,0.007643718,0.002530283,0.002557037,0.002222784,0.002140775,0.002660894,41.216
886,0.007655971,0.006707438,0.010401856,0.013002846,0.022071718,0.009430104,0.007960688,0.006794814,0.006299683,0.008999667,0.002953153,0.003021359,0.002778413,0.002626114,0.003180363,41.664
887,0.004924048,0.004718051,0.00671928,0.00828948,0.012312364,0.004320673,0.002981296,0.002712224,0.002575062,0.002327171,0.000763912,0.000690321,0.000582993,0.000631027,0.000827055,41.792
888,0.004453939,0.004397466,0.007165682,0.009076734,0.015961355,0.007872298,0.006425555,0.00547533,0.005074076,0.007820251,0.002686439,0.002616304,0.00237255,0.00236719,0.003010597,59.968
889,0.009617977,0.00853893,0.009805156,0.010973698,0.016025871,0.007774217,0.007141311,0.006036067,0.005682014,0.009425206,0.003313286,0.003213555,0.002861656,0.002754184,0.003435101,87.1
890,0.009617977,0.00853893,0.009805156,0.010973698,0.016025871,0.007774217,0.007141311,0.006036067,0.005682014,0.009425206,0.003313286,0.003213555,0.002861656,0.002754184,0.003435101,87.1
891,0.00887634,0.007772259,0.008867973,0.010010162,0.016017637,0.008797959,0.00673353,0.005542576,0.005338582,0.011152771,0.003903668,0.003688806,0.003224997,0.003131101,0.004080008,134.225
892,0.00887634,0.007772259,0.008867973,0.010010162,0.016017637,0.008797959,0.00673353,0.005542576,0.005338582,0.011152771,0.003903668,0.003688806,0.003224997,0.003131101,0.004080008,134.225
893,0.012172646,0.010858596,0.012190135,0.013460319,0.019080293,0.009936709,0.008317036,0.006999242,0.006550681,0.010549552,0.003592035,0.003308445,0.002820063,0.002867716,0.00375085,81.575
894,0.012172646,0.010858596,0.012190135,0.013460319,0.019080293,0.009936709,0.008317036,0.006999242,0.006550681,0.010549552,0.003592035,0.003308445,0.002820063,0.002867716,0.00375085,81.575
895,0.010922646,0.010601748,0.012705885,0.014035968,0.019500426,0.013717663,0.009991344,0.008889985,0.008538111,0.0112019,0.003916348,0.003395349,0.002896001,0.003007912,0.004189912,78.65
896,0.010922646,0.010601748,0.012705885,0.014035968,0.019500426,0.013717663,0.009991344,0.008889985,0.008538111,0.0112019,0.003916348,0.003395349,0.002896001,0.003007912,0.004189912,78.65
897,0.005668696,0.006052197,0.009036551,0.010645361,0.016399846,0.009787385,0.007867848,0.007043631,0.006744833,0.008494642,0.002872839,0.002729907,0.002408482,0.002363516,0.00311855,52
898,0.006595434,0.006729862,0.010808876,0.01319567,0.020555211,0.010393211,0.009100668,0.008086206,0.007535681,0.009125157,0.003001912,0.002686671,0.002555883,0.002614834,0.003261725,45.1425
899,0.004749379,0.005073806,0.00910709,0.011429262,0.018842833,0.009178477,0.008558657,0.007442818,0.006901009,0.009995651,0.003439455,0.003438216,0.003015222,0.003085285,0.003937202,65.8775
900,0.003315043,0.003585392,0.006772299,0.00873889,0.016057556,0.008322864,0.007701638,0.006567039,0.006368973,0.01113813,0.003918137,0.003774358,0.003415437,0.002907373,0.004082374,104.325
901,0.004857084,0.004705526,0.007572521,0.009447709,0.016488996,0.008263796,0.007160228,0.005894625,0.005499589,0.01084188,0.00364038,0.003629989,0.003362069,0.003105023,0.003734964,68.20992
902,0.00648571,0.006467405,0.009130557,0.011055013,0.019532257,0.012114579,0.009809376,0.008354182,0.007788188,0.011721189,0.003946411,0.004147038,0.003640112,0.003351696,0.00410659,50.964
903,0.004738719,0.005151759,0.008029356,0.009722007,0.01523522,0.00926221,0.007812354,0.006883893,0.006454928,0.008415782,0.002800158,0.002753525,0.002476013,0.002389194,0.002986549,31
904,0.004077542,0.005113002,0.008507526,0.010384836,0.015508843,0.009325764,0.007398216,0.006689553,0.006216377,0.006377927,0.002053867,0.002010313,0.001823783,0.001802689,0.002141927,22.2456
905,0.006316293,0.006054443,0.009641751,0.011972622,0.019417098,0.00989308,0.008392084,0.007151034,0.006679812,0.010604215,0.003505746,0.003676993,0.00328349,0.00312139,0.003837282,49.104
906,0.004113875,0.003706947,0.007090984,0.009306979,0.01614871,0.007799507,0.006368491,0.005063761,0.004741738,0.009438781,0.003122676,0.003161111,0.002891434,0.002731731,0.003340851,46.128
907,0.003632197,0.003314487,0.006813408,0.009317803,0.018449798,0.008894997,0.007801684,0.006097832,0.005844701,0.015131666,0.005267683,0.005283953,0.004818686,0.004562233,0.005734474,114.54624
908,0.004183322,0.004486665,0.008132036,0.010679922,0.019639306,0.01219257,0.010271619,0.008652608,0.008180254,0.015268978,0.005092901,0.005250458,0.004709917,0.004501395,0.005687451,88.47648
909,0.00497998,0.005548857,0.008280277,0.009898818,0.015402804,0.009915983,0.008161558,0.007463384,0.007195349,0.008664497,0.003036167,0.003176853,0.002884445,0.002637521,0.0031681,56.064
910,0.002734124,0.002916947,0.004583846,0.005764295,0.00999836,0.0060587,0.005216188,0.004695382,0.004675136,0.007541496,0.002385868,0.002463221,0.002249455,0.002143344,0.002662188,94.2464
911,0.005114565,0.00557013,0.008387159,0.010120849,0.015555319,0.009978733,0.008077964,0.007219409,0.006871594,0.008426496,0.002761578,0.002755126,0.002479821,0.002355197,0.003065097,48
912,0.004325064,0.004496282,0.006436954,0.007733415,0.011448603,0.006221953,0.005138927,0.004638102,0.004340837,0.004528437,0.001413227,0.001344508,0.001210311,0.001214101,0.001567306,31.36
913,0.004986173,0.005110724,0.007928473,0.009667229,0.015025713,0.00830288,0.006495624,0.005683016,0.005386257,0.006738288,0.002269289,0.00214765,0.001959993,0.001957067,0.002497475,44.928
914,0.003807983,0.004186175,0.006912463,0.008808342,0.015451913,0.00985812,0.007841803,0.006826963,0.006471811,0.008720105,0.002877861,0.002903268,0.002587804,0.002495239,0.003070763,50.304
915,0.00680843,0.008554564,0.011903059,0.013711079,0.018530116,0.015888123,0.012629333,0.01207833,0.011442391,0.010460236,0.003318613,0.003374773,0.003065681,0.002918194,0.00367905,15.86992
916,0.005462948,0.00575497,0.007079057,0.007924968,0.010590893,0.006378769,0.004864078,0.004626163,0.004270514,0.00306337,0.001052371,0.000963604,0.000890069,0.000929278,0.000981608,4.2482
917,0.009147336,0.011139617,0.014867294,0.016552592,0.019673585,0.011157532,0.007993362,0.007658436,0.007070704,0.004875602,0.001476515,0.001609927,0.001405625,0.001293307,0.001614059,6.732
918,0.0073308,0.008787708,0.011617479,0.012701412,0.014819977,0.007020344,0.004700812,0.004495732,0.004109485,0.002511273,0.00066471,0.00059169,0.000504009,0.000489689,0.000668975,3.267
919,0.006295127,0.006570069,0.007832646,0.008218152,0.008407679,0.002538633,0.001560211,0.00153329,0.001437023,0.0007678,0.000186124,7.94E-05,6.51E-05,0.000171422,0.00020714,2.2352
920,0.004485137,0.00487903,0.006206388,0.006762964,0.007670655,0.002561264,0.00163879,0.001637061,0.001534708,0.000868042,0.000241496,0.000291599,0.000236691,0.000158056,0.000267865,4.3098
921,0.005663881,0.00671908,0.008948906,0.009832047,0.011477615,0.005177215,0.003491836,0.003374043,0.003065367,0.001830289,0.000618347,0.000509348,0.0004294,0.000449974,0.000624009,2.5542
922,0.006220579,0.007017314,0.009071432,0.009536929,0.009797966,0.003485061,0.002378109,0.002329401,0.002135602,0.001282444,0.000413701,0.000414667,0.000309174,0.000301346,0.000395263,2.48358
923,0.004272779,0.005024396,0.006864055,0.007526934,0.008651995,0.00340394,0.002236846,0.002165129,0.001990877,0.001169509,0.000384705,0.000262059,0.000144187,0.000180355,0.000414688,3.53738
924,0.004570536,0.005567943,0.007681734,0.008225566,0.008723283,0.002807327,0.001917476,0.001905102,0.001732752,0.000928158,0.000485921,0.000178279,0.000141247,0.000286144,0.000554357,1.81632
925,0.003832666,0.0045991,0.006829252,0.00808076,0.010700318,0.005068868,0.003624067,0.003462006,0.00323577,0.002607107,0.000678036,0.000692857,0.00072002,0.00063039,0.000760058,9.8604
926,0.002497584,0.003026128,0.005287929,0.006634641,0.012096755,0.007033754,0.004958023,0.004680116,0.004765146,0.006240741,0.002326136,0.001761972,0.001277092,0.001688928,0.002526841,60.59328
927,0.004531185,0.006221006,0.009797451,0.011638523,0.017662816,0.014193491,0.011011992,0.010381923,0.010087839,0.010683631,0.003448737,0.003158651,0.002669817,0.002829139,0.003907921,43.56
928,0.003020531,0.003732525,0.006020003,0.007356288,0.012532703,0.007645654,0.005318128,0.005044271,0.005188978,0.005542328,0.001897269,0.001653596,0.001316801,0.001364724,0.002098673,52.536
929,0.007982512,0.009938675,0.01335974,0.014874234,0.017797678,0.010951995,0.008064883,0.007809594,0.007289372,0.004843389,0.002044702,0.001257828,0.000891332,0.001262381,0.002297598,7.9332
930,0.004655518,0.005512188,0.007311011,0.007946229,0.00883493,0.003375642,0.002212181,0.002196682,0.001973759,0.00117019,0.000337138,9.04E-06,-5.66E-05,0.000115013,0.00052639,4.3428
931,0.007344371,0.008051686,0.010422994,0.011375825,0.013061078,0.00596962,0.004286616,0.004207887,0.003918785,0.002557277,0.00087292,0.000748136,0.000726683,0.000687578,0.000892197,6.2568
932,0.002810626,0.003602011,0.005816877,0.006631977,0.007814328,0.003015384,0.002221477,0.002190822,0.002104184,0.00137143,0.000500562,0.00051167,0.00043949,0.000471076,0.000634418,4.422
933,0.005232961,0.006648141,0.010452019,0.012420042,0.017818076,0.010016051,0.007535901,0.007207779,0.006924659,0.005571698,0.002245911,0.001973776,0.001583656,0.00162546,0.002459656,19.668
934,0.005087111,0.006692203,0.010306812,0.0123006,0.018762548,0.01440767,0.011637426,0.010771269,0.010273872,0.011527273,0.003474279,0.00356506,0.003197065,0.003184699,0.00408142,41.844
935,0.002961433,0.003605509,0.006449575,0.008254719,0.01396211,0.007134187,0.006201555,0.00550941,0.005196224,0.005973814,0.001875899,0.001730126,0.001628588,0.001700732,0.002431727,26.6112
936,0.008070583,0.010121052,0.014029293,0.015855905,0.019483548,0.011580889,0.008775901,0.008387812,0.007832203,0.005651914,0.001910678,0.00184752,0.001644686,0.001627205,0.002113819,6.7584
937,0.003939087,0.004531346,0.007020422,0.008496388,0.011657946,0.004736933,0.003508131,0.003323501,0.003112476,0.002338525,0.000804068,0.000599913,0.000551574,0.000661178,0.000963187,8.8572
938,0.004680925,0.005458554,0.007742629,0.008696829,0.010785436,0.004726882,0.003302474,0.00319479,0.002966029,0.002079393,0.00067404,0.000555387,0.000481553,0.00051193,0.000742818,8.2368
939,0.005933148,0.006042513,0.008470148,0.009920012,0.013564539,0.005872854,0.004256447,0.00390228,0.00359479,0.003127877,0.001002739,0.0009603,0.000812893,0.000768895,0.001004759,11.3916
940,0.004787074,0.005229908,0.008139157,0.009829083,0.014659253,0.006532131,0.005078786,0.004590595,0.004218885,0.004060035,0.001283244,0.00132469,0.001210572,0.001187685,0.001422945,13.7016
941,0.007575999,0.007228456,0.009195709,0.010683765,0.01507802,0.007816666,0.006239846,0.005548684,0.005165803,0.005741628,0.001878214,0.001891964,0.001721862,0.001640981,0.002027534,22.6872
942,0.005541982,0.006567373,0.010333136,0.012725042,0.019873421,0.013282279,0.011347175,0.010159487,0.009711198,0.012887868,0.004170131,0.004187892,0.00382524,0.003763489,0.004605325,48.438
943,0.007874754,0.008788495,0.013252793,0.016232929,0.02509962,0.015421939,0.01424515,0.012623588,0.011756907,0.016823877,0.005685058,0.005776852,0.005235542,0.005089235,0.006304908,52.992
944,0.008567917,0.009539071,0.015203669,0.018837974,0.028256964,0.01643799,0.013687346,0.012374862,0.011695312,0.012900954,0.004011003,0.004119042,0.003773174,0.00365669,0.00457426,25.53
945,0.005928831,0.006113976,0.008052729,0.009256863,0.011733095,0.00475443,0.003427408,0.003221516,0.002994905,0.002249442,0.000715759,0.000734775,0.000689755,0.000625017,0.000736633,8.211
946,0.00573575,0.005958617,0.008940715,0.010681801,0.015049571,0.007288773,0.005409556,0.004834878,0.004509003,0.004500066,0.001461185,0.001473624,0.001333123,0.001270272,0.001553017,33.12
947,0.006025104,0.006401935,0.008567311,0.0096665,0.011470767,0.004082734,0.0027709,0.002672596,0.002465577,0.001579525,0.000433366,0.000459389,0.000372889,0.000355918,0.000478608,4.2228
948,0.004486505,0.004581106,0.006980122,0.008782305,0.01398797,0.006167464,0.004516767,0.004032304,0.003803448,0.003809106,0.001173653,0.001168413,0.001086188,0.001021656,0.001312007,15.3042
949,0.006498435,0.007626549,0.010971463,0.012559728,0.017138756,0.010426351,0.008153721,0.007677605,0.007171689,0.006307704,0.002346099,0.002345913,0.001881966,0.002014733,0.002463152,19.6416
950,0.003719555,0.004230645,0.008397546,0.010918793,0.017926211,0.009976416,0.009257602,0.00759398,0.007176455,0.014226011,0.004822378,0.00506207,0.00474018,0.004584447,0.005478196,86.97744
951,0.004420613,0.004466874,0.008896342,0.011847268,0.020988628,0.009920432,0.009954706,0.007948636,0.00744056,0.018546852,0.006558588,0.006767449,0.00605604,0.005800706,0.007207701,114.56544
952,0.007213485,0.008519162,0.012220755,0.014192206,0.019074173,0.012161556,0.009560246,0.009016058,0.008555621,0.007770613,0.002625067,0.002841489,0.0026889,0.002384632,0.002893498,18.81
953,0.006248598,0.007426183,0.011283978,0.013393554,0.018953558,0.011018005,0.008618083,0.008022656,0.007640855,0.007146801,0.00239514,0.002455952,0.002273759,0.002171214,0.002687243,22.836
954,0.006291181,0.007386175,0.010943933,0.012754295,0.016267129,0.009402926,0.007274907,0.006881983,0.006361371,0.00557008,0.001714193,0.001946599,0.001800676,0.001625056,0.001993325,16.2624
955,0.010139036,0.013312876,0.018844532,0.021465968,0.028139952,0.021649382,0.017867318,0.017270282,0.016049309,0.013203803,0.00459163,0.004929206,0.004188642,0.004012379,0.004975328,11.4708
956,0.009750077,0.010562274,0.012721904,0.01402489,0.018520489,0.015496002,0.012701466,0.011866352,0.011285219,0.012539601,0.00407787,0.003958002,0.003623001,0.003525332,0.004557126,50.688
957,0.01003065,0.01188241,0.018177061,0.022164406,0.036735543,0.028351718,0.022362137,0.019818323,0.019243465,0.028567565,0.009968374,0.010232008,0.009153385,0.008694209,0.010920066,71.12688
958,0.012062771,0.013614071,0.016924759,0.018324011,0.022632675,0.015618178,0.011737307,0.011177491,0.010448105,0.0086051,0.00270064,0.002715459,0.002432336,0.002361287,0.003072871,14.1636
959,0.00940874,0.011248458,0.014838395,0.016247094,0.020187503,0.013365246,0.010288919,0.009812087,0.009058181,0.007235376,0.002298548,0.002209421,0.002036242,0.002005127,0.002427215,9.966
960,0.011076893,0.01303168,0.017452853,0.019732432,0.026153117,0.018888266,0.01545985,0.014505356,0.013509439,0.012697312,0.004108317,0.004084075,0.003723557,0.003594822,0.004498871,22.8756
961,0.013226877,0.016169336,0.019890455,0.021547979,0.025394831,0.021283663,0.01822687,0.018031546,0.016707219,0.013560795,0.004785149,0.004852457,0.00467122,0.004215374,0.005190825,8.052
962,0.008284159,0.009999917,0.01426522,0.01674937,0.023969068,0.018085488,0.014746921,0.013406993,0.012754283,0.015703643,0.005246419,0.005302158,0.004802162,0.004583321,0.005662805,51.612
963,0.012533762,0.015728912,0.020832203,0.023170776,0.028884955,0.022441929,0.01802691,0.017283067,0.016217683,0.013608823,0.004495684,0.004451036,0.003977911,0.003895706,0.004906526,14.685
964,0.012066983,0.014528015,0.018995575,0.020924486,0.025473582,0.017244056,0.013347779,0.012800112,0.011883237,0.009263119,0.002937919,0.00288136,0.002632021,0.002542047,0.003153182,12.936
965,0.011351144,0.014626856,0.019686223,0.021791171,0.026659908,0.021097271,0.017475044,0.016963753,0.015708487,0.013062183,0.00423805,0.004290412,0.003880248,0.003785497,0.004636214,10.692
966,0.002957316,0.002905733,0.006718007,0.009482748,0.02011527,0.009867982,0.007850422,0.006016994,0.005604314,0.01646678,0.005609632,0.005788845,0.005229891,0.005012395,0.006205913,44.088
967,0.01071148,0.01303084,0.016484823,0.018059746,0.021831149,0.017233045,0.014270058,0.013977115,0.01292733,0.010625137,0.003700605,0.004364633,0.004088799,0.003987185,0.004325845,22.1628
968,0.005724191,0.006560457,0.009391078,0.010939263,0.016267134,0.010489855,0.008018254,0.007139137,0.006866902,0.008950356,0.00278475,0.003057343,0.00298819,0.002583735,0.00301647,55.32384
969,0.010341422,0.012162591,0.015688573,0.017008611,0.019415178,0.011590862,0.008519441,0.008224706,0.007531519,0.005445394,0.001744501,0.001818964,0.001654707,0.001589186,0.001862712,7.4184
970,0.01007911,0.012171183,0.016031197,0.017539402,0.020773166,0.013305345,0.010325833,0.00993006,0.009112319,0.006809173,0.002106426,0.002261018,0.002040616,0.001899127,0.002279652,6.6396
971,0.007047692,0.008406712,0.011467389,0.012642151,0.015223143,0.008848536,0.006461429,0.006220074,0.005797107,0.004242384,0.001307985,0.001362522,0.001249422,0.001157919,0.001507764,7.9728
972,0.009878107,0.01218115,0.016314519,0.01809232,0.022203736,0.014522198,0.011147276,0.010679289,0.009868516,0.007874223,0.002468892,0.002479718,0.002250533,0.002141901,0.00273351,10.8504
973,0.011311721,0.014269033,0.018359254,0.019963903,0.023424498,0.018073206,0.014994755,0.014674194,0.013645543,0.010329221,0.003235801,0.003366372,0.003116676,0.002842485,0.003532794,5.517336
974,0.005672546,0.006420849,0.009561601,0.01140516,0.017090085,0.01026767,0.008344408,0.007468774,0.007054764,0.008028239,0.002497122,0.002610189,0.002414425,0.002294331,0.002734358,39.7617
975,0.012368424,0.015209511,0.019899056,0.021783872,0.02594575,0.017839676,0.013993409,0.013471586,0.012435332,0.009461046,0.002995516,0.003041499,0.002744452,0.002612989,0.003223811,8.249736
976,0.008315352,0.01020503,0.013751545,0.014889738,0.016915891,0.008810242,0.006306517,0.006062985,0.005560667,0.003941817,0.001244789,0.001218703,0.001107227,0.001111697,0.001337568,5.068536
977,0.008804978,0.010480742,0.015248625,0.017383328,0.022398943,0.013455818,0.010039856,0.009200101,0.008553246,0.008770983,0.002716614,0.002928388,0.002672282,0.002475484,0.002934299,12.16908
978,0.00762337,0.008763014,0.012660952,0.014411903,0.018673805,0.009868386,0.007445911,0.006882387,0.006399505,0.00607916,0.001824455,0.001923048,0.001743075,0.001672426,0.00187282,52.9617
979,0.011857977,0.015559841,0.02078118,0.022659954,0.026879019,0.021000939,0.0177452,0.017446161,0.016036041,0.011933712,0.003647291,0.004157967,0.003991757,0.003548479,0.004155618,3.4056
980,0.009232889,0.011786185,0.015841743,0.017118759,0.019719202,0.012227797,0.009304036,0.009118707,0.00832603,0.005501733,0.001523194,0.001834605,0.001809656,0.001613423,0.001869543,2.8413
981,0.012685562,0.017025837,0.022316354,0.024504462,0.02980407,0.024550423,0.021034619,0.020610142,0.018936165,0.014784472,0.005108328,0.006457997,0.005897967,0.004967974,0.005972989,3.9138
982,0.005267399,0.007858447,0.01245183,0.014809756,0.020933158,0.01797736,0.015972703,0.015704147,0.014754426,0.011973234,0.003828656,0.00442641,0.004161326,0.003764776,0.004301414,7.689
983,0.007122972,0.009795986,0.014301465,0.016221054,0.020890688,0.014218571,0.011158604,0.010849222,0.009942878,0.007388998,0.002177034,0.002907707,0.00273839,0.002389762,0.002500777,7.458
984,0.009028204,0.012407359,0.017403176,0.01884868,0.021352121,0.011747194,0.008518761,0.008333543,0.007566353,0.004700273,0.00140471,0.001670861,0.001617873,0.001318742,0.001657777,1.8777
985,0.011630371,0.014836425,0.019385965,0.020855036,0.023683323,0.015976375,0.012426054,0.01217189,0.011160617,0.007595444,0.002376722,0.002699797,0.002610686,0.002298687,0.002620135,2.7126
986,0.009224457,0.012477158,0.017504773,0.01926978,0.022857365,0.015490939,0.011951174,0.011664273,0.010688086,0.007439457,0.002331817,0.002610952,0.002454365,0.002182122,0.002629809,3.5112
987,0.011138468,0.015083628,0.020915835,0.023347344,0.029009628,0.023923127,0.019871986,0.019341612,0.018138422,0.014344498,0.004768807,0.004888745,0.004470939,0.004276195,0.004972754,7.6935
988,0.00726889,0.010427642,0.01551145,0.018007473,0.024159966,0.020802417,0.017967968,0.01743037,0.016362173,0.013520771,0.004101225,0.004255289,0.004031209,0.003755162,0.004471463,8.487
989,0.008271779,0.011181662,0.015890738,0.018072397,0.022970302,0.01625601,0.012528691,0.01207346,0.011308539,0.008433928,0.002718904,0.00295538,0.002694572,0.002586321,0.00304136,6.56535
990,0.00954015,0.012462561,0.016688425,0.017972431,0.020249801,0.012764745,0.009665831,0.00939597,0.008545475,0.005829297,0.001790895,0.001870319,0.001648521,0.001476428,0.001884763,2.6496
991,0.01295101,0.016358479,0.020955502,0.022642238,0.026078399,0.020289907,0.016822937,0.016575035,0.015225327,0.011343761,0.003555947,0.003619419,0.003268204,0.003078745,0.003815445,2.898
992,0.010225305,0.012230403,0.015515071,0.016205557,0.017172704,0.008687108,0.006149019,0.005993263,0.005486157,0.003571926,0.001153777,0.001299129,0.0011619,0.001032278,0.001331166,2.7738
993,0.008079366,0.010030183,0.013768141,0.015358552,0.01838035,0.013662083,0.010308532,0.009837795,0.009046787,0.007401897,0.00220387,0.00225994,0.00190609,0.001867139,0.00223923,13.8345
994,0.003507255,0.006097961,0.010486866,0.011890331,0.014415595,0.008075696,0.005882733,0.005770055,0.005282908,0.003539259,0.001299677,0.001411828,0.001253053,0.001115127,0.001479225,2.1888
995,0.006974802,0.010310631,0.015542959,0.017546947,0.022020818,0.015801338,0.012681147,0.012387742,0.011448692,0.008420298,0.002643994,0.002561386,0.002449722,0.002361234,0.002892088,5.2
996,0.008426941,0.011055969,0.015163585,0.016093557,0.017504154,0.009125845,0.006424697,0.006336369,0.005826618,0.00364978,0.001238285,0.00108336,0.000909077,0.001057925,0.001423853,3.9456
997,0.009468075,0.01344992,0.019625539,0.021655816,0.025307275,0.017221119,0.013301057,0.013002996,0.011949658,0.008275416,0.002580192,0.002474805,0.002172289,0.002389915,0.002829255,4.2752
998,0.007605174,0.01092239,0.016029249,0.017458088,0.019549743,0.009642455,0.006678377,0.006458879,0.005871319,0.003644656,0.001129112,0.001257971,0.001148398,0.00103216,0.001206102,1.5648
999,0.011908928,0.015215149,0.020138387,0.021967707,0.025715123,0.01803868,0.014036189,0.013668052,0.012528494,0.00895227,0.002790668,0.002800808,0.002500725,0.002399219,0.002979948,5.2608
1000,0.004037797,0.005410855,0.008321483,0.009533418,0.012291353,0.006834696,0.00491735,0.004752931,0.004333336,0.002716695,0.000785767,0.000771264,0.000694288,0.000669177,0.000833879,3.5744
1001,0.00989335,0.012848546,0.017461722,0.019639309,0.02501377,0.020174454,0.016700726,0.016293603,0.015179719,0.011810046,0.003733577,0.003687788,0.00334814,0.003236791,0.003989438,7.552
1002,0.006018673,0.010296705,0.015596353,0.018544741,0.026667424,0.02711254,0.026158693,0.026245502,0.024368081,0.020186253,0.006692566,0.00652262,0.00555593,0.005369713,0.007084189,4.10145667
1003,0.002512326,0.006129006,0.011367296,0.014494619,0.023047353,0.025033779,0.023902291,0.023736569,0.022239108,0.021716968,0.007550074,0.00694526,0.006246543,0.00638409,0.008022427,18.6463875
1004,0.003938337,0.007931123,0.013270016,0.016334701,0.024204572,0.025694223,0.025396934,0.025627606,0.02398893,0.020244158,0.00646653,0.006696843,0.005946376,0.005612283,0.006964921,2.81662333
1005,0.010571981,0.013888839,0.018837576,0.02079058,0.024797204,0.017219377,0.013052402,0.012746892,0.011611581,0.007897383,0.002491912,0.002422656,0.002006988,0.00197333,0.002662284,2.88812333
1006,0.001478461,0.002472516,0.004539381,0.005734123,0.009437323,0.006832938,0.005128357,0.004983451,0.005056626,0.004726264,0.001531083,0.002174646,0.002091969,0.001757302,0.00171225,35.41296
1007,0.001441876,0.001954244,0.003674892,0.004645198,0.007292312,0.003319336,0.00261041,0.002540466,0.002428969,0.002018042,0.000756189,0.001018438,0.000984953,0.000803534,0.001011497,16.71252
1008,0.004539356,0.005582484,0.007701352,0.008933849,0.012388536,0.011195203,0.009839079,0.009729576,0.008995396,0.006446868,0.002153812,0.001888299,0.001703125,0.001696294,0.0024536,6.2667
1009,0.00094993,0.00411851,0.008832821,0.011601056,0.019034803,0.021314714,0.021379104,0.021582376,0.020556002,0.0191669,0.006583746,0.007035763,0.006426118,0.006084272,0.007889605,15.312
1010,0.002739074,0.003487401,0.005266714,0.006361574,0.009560976,0.006437443,0.004611424,0.004485959,0.004486765,0.004245762,0.001319424,0.001512537,0.001385949,0.001260991,0.001485823,37.56984
1011,0.004534122,0.005214257,0.007526049,0.008942409,0.013660499,0.009563733,0.007831961,0.007106839,0.006818383,0.008455031,0.002721846,0.003031465,0.002816953,0.002622194,0.003092602,51.9156
1012,0.002937398,0.003431476,0.005230457,0.006089712,0.008545421,0.00436421,0.00319674,0.002995806,0.00278256,0.00246869,0.000744513,0.000763335,0.000646854,0.000655534,0.000771417,15.576
1013,0.009832834,0.011420157,0.015003743,0.016787924,0.020635521,0.012068701,0.008843397,0.008414016,0.007745785,0.006008027,0.001879703,0.001865525,0.001680551,0.001599438,0.002001126,14.52
1014,0.009548068,0.010886062,0.015692725,0.018627506,0.02635192,0.017012987,0.013074437,0.011836287,0.011027334,0.012227425,0.004004827,0.004117787,0.003807684,0.003604116,0.004358726,32.50368
1015,0.012528043,0.015817851,0.021836383,0.025082523,0.032757052,0.023917985,0.019266957,0.018310299,0.016863846,0.014515779,0.004541356,0.004759137,0.004183233,0.003966935,0.004956983,12.21
1016,0.00666164,0.010925431,0.017559472,0.021319268,0.032032155,0.033044752,0.03078198,0.030307244,0.028760237,0.026545319,0.008552341,0.008763206,0.00799764,0.007602182,0.009623309,22.27104
1017,0.006360312,0.009214075,0.014453573,0.017551623,0.026694825,0.026555368,0.023317835,0.022475767,0.021362829,0.020847023,0.00674544,0.006980772,0.006441557,0.006155138,0.007574954,31.35
1018,0.007942422,0.00986532,0.014544249,0.01734105,0.025175551,0.016439446,0.012370151,0.011420342,0.010591082,0.009837464,0.003150063,0.003200441,0.002935708,0.002841662,0.003458289,20.08908
1019,0.003834175,0.004732966,0.007046119,0.008167432,0.012022369,0.007058713,0.004989212,0.004603008,0.004512807,0.004031024,0.001250386,0.001283747,0.001280916,0.001147582,0.001410786,23.099868
1020,0.004183828,0.004805838,0.006808197,0.007590275,0.00931225,0.004405999,0.003212329,0.003000116,0.002747278,0.00206917,0.000635928,0.000643868,0.00059338,0.000540244,0.000732326,7.325868
1021,0.006549571,0.007856957,0.010979671,0.012186871,0.014719238,0.007575737,0.005484927,0.005167885,0.004799334,0.003641524,0.001260283,0.001341758,0.001111534,0.001068228,0.001322119,10.315668
1022,0.003945539,0.004684916,0.007162075,0.00846057,0.011882011,0.006268343,0.004549006,0.004258738,0.003955694,0.003395315,0.001122425,0.001191431,0.001117429,0.001079502,0.001163621,16.103868
1023,0.00584683,0.006728559,0.009319297,0.010549347,0.013855259,0.006887726,0.004711036,0.0044573,0.004207294,0.003243292,0.001006625,0.001053704,0.000927675,0.000951816,0.001068,16.169868
1024,0.002241963,0.002837713,0.006036992,0.008097618,0.014745308,0.008614587,0.006468382,0.005415162,0.005049265,0.007895777,0.002449111,0.002509591,0.00227847,0.002143121,0.002582228,39.9765168
1025,0.005928684,0.007950412,0.011968459,0.014137457,0.020758762,0.017899325,0.015106905,0.01457528,0.013667092,0.011442839,0.003630159,0.00372635,0.003366983,0.003238983,0.003943347,15.971868
1026,0.004772033,0.005762888,0.009173486,0.010951359,0.015563266,0.008624315,0.006473327,0.005887388,0.00543371,0.005493602,0.001704352,0.001817717,0.001672878,0.001601205,0.001905815,21.515868
1027,0.001994466,0.002355527,0.005117234,0.006882862,0.012477371,0.00604812,0.004884305,0.004034339,0.003805815,0.006378498,0.002040568,0.002029151,0.001824223,0.001794106,0.002205227,38.02128
1028,0.002928676,0.003325193,0.005877908,0.007395969,0.012133914,0.006055503,0.00482521,0.004172761,0.003925018,0.005083555,0.001620045,0.001811636,0.001731483,0.001538912,0.001854745,30.558
1029,0.004154746,0.005115151,0.007707732,0.008786587,0.011360451,0.005760203,0.004050698,0.003850183,0.003627483,0.002766284,0.000923624,0.001066613,0.000982157,0.000897859,0.001022337,12.3882
1030,0.003329348,0.003936853,0.006987122,0.008616559,0.012866864,0.006230728,0.004504712,0.004018918,0.003835421,0.003608416,0.001170056,0.001622793,0.001559153,0.001303597,0.001421276,17.16
1031,0.006233441,0.007390843,0.010757648,0.01243842,0.016849898,0.008751429,0.006076854,0.005643413,0.00527288,0.004475115,0.001334071,0.001487627,0.001362283,0.001250615,0.001465207,15.048
1032,0.00491738,0.006694184,0.01038689,0.012545685,0.018965441,0.016128378,0.013758459,0.013049632,0.012286768,0.012017319,0.003896903,0.004085871,0.003685114,0.003519868,0.004319737,35.11728
1033,0.00435099,0.004652742,0.007316428,0.009010319,0.014081244,0.007084249,0.005109839,0.004499723,0.004221215,0.004962493,0.001599777,0.001762324,0.001624994,0.00145434,0.001719398,27.06
1034,0.002874247,0.003234342,0.006019382,0.007762211,0.012829405,0.006423264,0.005285788,0.00434722,0.003986193,0.006315471,0.001957079,0.002096073,0.00184515,0.001595266,0.002125097,31.44504
1035,0.003569745,0.003862039,0.006958107,0.008854345,0.014933622,0.008193061,0.006700736,0.005667446,0.005319066,0.008653059,0.002879468,0.00294361,0.002665016,0.002476225,0.003195091,54.72456
1036,0.004104903,0.004862994,0.007988412,0.009486897,0.013001991,0.006927542,0.004917343,0.004548031,0.004253207,0.003974223,0.001275596,0.001475101,0.00137928,0.001274434,0.001481534,15.906
1037,0.005088207,0.005658469,0.008682796,0.0104223,0.014351551,0.007295322,0.00571315,0.005162485,0.004755973,0.004415235,0.001365404,0.001539752,0.001381056,0.001235059,0.00150058,16.236
1038,0.006450656,0.006674416,0.010132135,0.012297995,0.017365742,0.00934766,0.006738216,0.006009997,0.00559643,0.005534288,0.001629905,0.002002292,0.001689333,0.001541374,0.001860613,22.044
1039,0.003390895,0.003648723,0.007456988,0.010008671,0.01845305,0.009313434,0.008368552,0.006702054,0.006274758,0.015778134,0.005605371,0.005688703,0.005247684,0.005043868,0.00622579,110.88
1040,0.005091581,0.006522499,0.011089945,0.013870931,0.022407281,0.015335218,0.013842466,0.01232285,0.011631207,0.017225885,0.005816747,0.00594937,0.005307501,0.005140736,0.00655258,120.78
1041,0.003638959,0.003726445,0.007496469,0.010107396,0.019208275,0.009392113,0.007678902,0.006130894,0.005716653,0.011825726,0.003937356,0.004082683,0.003726783,0.003594134,0.004405484,111.87
1042,0.002799524,0.002863563,0.007239479,0.009930789,0.018806751,0.010552861,0.008580835,0.006487004,0.006048834,0.016096327,0.00547826,0.00590189,0.005422679,0.005075209,0.006182016,113.487
1043,0.004164103,0.004453896,0.007142017,0.008729717,0.012391086,0.00494652,0.003406984,0.00317755,0.002972645,0.002592108,0.000733737,0.000854957,0.000946519,0.000785458,0.000966656,12.969
1044,0.003407512,0.004229259,0.007339856,0.008921085,0.013202461,0.007518617,0.005715615,0.005223938,0.004869537,0.004804671,0.001744768,0.001728923,0.001576044,0.001444949,0.001956457,22.54692
1045,0.005752253,0.006745581,0.010224125,0.012094599,0.016143664,0.009773515,0.007744773,0.007103065,0.006560317,0.006175768,0.001966094,0.001946429,0.00187462,0.001872815,0.002209023,18.88524
1046,0.004630102,0.005033122,0.009339525,0.01222595,0.022462883,0.013366468,0.01115565,0.009281203,0.00875265,0.0172948,0.006056129,0.006478106,0.005689854,0.005424255,0.006591685,92.5452
1047,0.004501626,0.004825971,0.008628431,0.010970058,0.018376979,0.01076414,0.008698263,0.007269434,0.006827677,0.011725045,0.003691043,0.004006203,0.00375666,0.0035706,0.004266425,73.33392
1048,0.007054,0.008350896,0.011241224,0.012170192,0.013633713,0.006052647,0.004134962,0.003929756,0.003550537,0.002435896,0.000644191,0.000682771,0.00068405,0.000639708,0.000717926,5.5572
1049,0.010540585,0.011444481,0.014076266,0.015146327,0.017420687,0.009737135,0.00713016,0.006782094,0.006235213,0.004579075,0.001398209,0.001300154,0.001179328,0.001167958,0.001398221,8.877
1050,0.00866593,0.011820904,0.017463179,0.020344666,0.028235438,0.023657428,0.021128791,0.01988303,0.018581682,0.020430019,0.006941397,0.006951903,0.006168332,0.005975294,0.007675262,39.42576
1051,0.009759005,0.011615122,0.016447312,0.018860104,0.025124503,0.018232965,0.014908261,0.013756875,0.012801241,0.013167491,0.004154998,0.004156777,0.003757746,0.003737904,0.004602618,28.03944
1052,0.010394175,0.013096802,0.018751535,0.021542223,0.029208611,0.02330362,0.019632876,0.018137214,0.016864188,0.019112003,0.006249734,0.006262295,0.005634687,0.005402516,0.006844929,41.23152
1053,0.004371843,0.005907753,0.00942122,0.011401729,0.017093835,0.01295709,0.011013576,0.009843093,0.009207985,0.01288182,0.004287214,0.004212218,0.003814324,0.003723392,0.004725864,66.56232
1054,0.004365024,0.007402003,0.013121196,0.016301533,0.025357402,0.021856254,0.019595547,0.018024848,0.017025291,0.022025104,0.007218477,0.007162022,0.006497373,0.006278676,0.008198142,45.59544
1055,0.008546705,0.012120731,0.018701512,0.02228353,0.032327319,0.02678372,0.023620386,0.021933473,0.02058315,0.023838689,0.007782046,0.007709352,0.007088829,0.00683799,0.008543322,46.8996
1056,0.006826475,0.007824785,0.010171163,0.010825864,0.011517455,0.005024611,0.003481032,0.003351659,0.003112659,0.002014214,0.000771488,0.000818241,0.000729611,0.000662936,0.00084838,3.965
1057,0.011349173,0.014061291,0.019848854,0.022802565,0.031165535,0.023588774,0.019575157,0.018252145,0.016998056,0.017167884,0.005483548,0.005501331,0.004944219,0.00474487,0.005921134,33.49125
1058,0.007512877,0.01086332,0.017058244,0.020683559,0.031166823,0.024865418,0.021950653,0.020262824,0.018973932,0.023654461,0.007668367,0.007784372,0.007093319,0.006714468,0.008463326,61.9125
1059,0.002457247,0.004960839,0.009785454,0.012608608,0.020921804,0.016829538,0.015090529,0.013622204,0.012838988,0.018786845,0.006195494,0.006251263,0.005601407,0.00539177,0.006975643,87.83125
1060,0.007838129,0.008878768,0.012362841,0.014550062,0.020458597,0.013618929,0.009810693,0.008917865,0.008398737,0.008653831,0.002701119,0.00270567,0.002563662,0.002410529,0.002945481,29.315
1061,0.005829222,0.007042356,0.011137224,0.013267306,0.018950401,0.011228851,0.008151034,0.007349337,0.006826951,0.00652674,0.001999957,0.002165965,0.001869644,0.001828239,0.002177957,17.74474
1062,0.007275051,0.008712626,0.013746018,0.016770193,0.026806709,0.017533925,0.013341179,0.011842136,0.011119276,0.012952599,0.004091727,0.004273564,0.003817059,0.003615341,0.00443057,33.53974
1063,0.003165725,0.003317644,0.008419491,0.011937218,0.024763157,0.01356882,0.010780828,0.008421269,0.007960161,0.01715759,0.005744414,0.005915473,0.005387945,0.005046013,0.006294067,89.1618
1064,0.000799847,0.000256765,0.00490498,0.007947237,0.018094338,0.007783161,0.004509046,0.002532244,0.002395526,0.008380498,0.00237667,0.002518726,0.00242901,0.002113486,0.002508275,35.147775
1065,0.014951477,0.018024447,0.024390546,0.026528156,0.030536456,0.012929779,0.008596666,0.00824002,0.007469451,0.004770405,0.001279687,0.001235955,0.001175765,0.001064324,0.001392612,3.63
1066,0.00134514,0.016013642,0.03593303,0.048795935,0.083030331,0.099859542,0.108299426,0.111829292,0.106548009,0.095242353,0.033274751,0.034708764,0.032323222,0.030607821,0.038501963,5.12
1067,0.015667356,0.020633846,0.029682074,0.035253096,0.051678231,0.048166067,0.039698955,0.037575002,0.036187496,0.03019845,0.007458607,0.007982588,0.006626446,0.006378262,0.007995898,16.14
1068,0.001123855,0.016565263,0.035266713,0.047870586,0.081638766,0.102429398,0.114628842,0.118462332,0.114447592,0.110049157,0.060666558,0.063698893,0.057493393,0.055221497,0.069319219,4.81
1069,0.01866846,0.027471278,0.042703231,0.051537808,0.076559547,0.073252314,0.061025743,0.057973275,0.055492568,0.04869532,0.013151744,0.013073698,0.012261149,0.011113554,0.013985392,21.67
1070,0.024753432,0.031356597,0.042506238,0.046820579,0.056101867,0.029699711,0.020619176,0.020057753,0.018180216,0.011662715,0.003487014,0.003337143,0.0037309,0.003438356,0.003627497,3.44
1071,0.019185856,0.028915289,0.044442727,0.053374002,0.077387849,0.07350694,0.066480739,0.065909458,0.061323961,0.045036237,0.011889544,0.012323979,0.011255432,0.010640773,0.012782952,2.99
1072,0.012488489,0.013631784,0.017573394,0.020241746,0.031203403,0.022741739,0.013944595,0.012840365,0.013101634,0.013928803,0.003389728,0.003400578,0.003015572,0.002975821,0.003703152,43.02
1073,0.008254953,0.008680555,0.011043336,0.012740156,0.020639235,0.013174609,0.007749689,0.007162117,0.007796915,0.008178653,0.002125544,0.002090853,0.001881034,0.001611341,0.002201959,42.01
1074,0.015234981,0.019765625,0.028773645,0.034497529,0.051306356,0.050260536,0.043520938,0.041997482,0.039738204,0.033883607,0.009201217,0.009377558,0.008437456,0.008182599,0.01003873,19.99
1075,0.014494643,0.016201219,0.020510585,0.023392356,0.033424316,0.0266273,0.018782445,0.017638096,0.017458421,0.015428488,0.00433215,0.003467078,0.003385335,0.003683194,0.004265848,33.76
1076,0.013614565,0.021064297,0.034176327,0.042525456,0.065138258,0.070175603,0.064948556,0.063170572,0.060485212,0.057292613,0.014682504,0.014508244,0.01334886,0.01331287,0.016759158,28.91
1077,0.012541287,0.013287946,0.016349384,0.018316217,0.026955358,0.018499256,0.011700532,0.010828612,0.011030229,0.01034127,0.002744098,0.002336979,0.002323092,0.002360671,0.002554611,36.06
1078,0.009928414,0.010600279,0.013283728,0.01493018,0.019624667,0.008358126,0.0054266,0.0053912,0.005198918,0.003465636,0.00102012,0.001115391,0.001380585,0.000910204,0.001073936,10.24
1079,0.008515586,0.0091554,0.011539648,0.012863841,0.017473124,0.00967266,0.006598178,0.006393313,0.006026866,0.004135042,0.001179879,0.001152055,0.001033937,0.000983326,0.00117347,8.31
1080,0.015945353,0.019754798,0.027909239,0.032404867,0.046475072,0.034122002,0.024249431,0.022985723,0.021772718,0.019311183,0.005342691,0.005181109,0.00441705,0.004077363,0.006065334,28.35
1081,0.015267891,0.017302253,0.022223317,0.0235099,0.024819301,0.008953363,0.005752201,0.00594851,0.005357526,0.003109353,0.000915855,0.001258527,0.001374032,0.000590628,0.000978638,3.04
1082,0.016716356,0.020835141,0.028776172,0.033203818,0.046002162,0.034067211,0.026330296,0.02499942,0.024082023,0.018349185,0.005442849,0.005549243,0.004797108,0.003754593,0.005646276,11.18
1083,0.011454077,0.019114281,0.03292672,0.040776736,0.063895853,0.065014444,0.057143496,0.055104607,0.052822054,0.051146201,0.013731168,0.014696187,0.013253436,0.012637627,0.015899283,32.08
1084,0.028645232,0.031663091,0.038814101,0.043171518,0.057557001,0.047917939,0.036433599,0.034529544,0.033053676,0.027743256,0.008461693,0.006395648,0.005183216,0.005912793,0.008782051,25.88
1085,0.013663195,0.015106412,0.019182353,0.021314089,0.026196378,0.016272889,0.011470759,0.011681277,0.010335155,0.007465977,0.002116566,0.002065829,0.002533591,0.002048623,0.002186137,8.61
1086,0.022542082,0.029017118,0.040854381,0.047208248,0.065260883,0.050030615,0.037753718,0.035978754,0.034012044,0.026565817,0.007476212,0.007069934,0.006671051,0.006606132,0.007868081,14.92
1087,0.011943497,0.014627414,0.023046927,0.028801951,0.0444578,0.027704045,0.022848281,0.0207417,0.019601979,0.022725369,0.006216382,0.006401932,0.005908291,0.005787198,0.006792492,35.15
1088,0.010251005,0.010858136,0.014739807,0.016899282,0.021021831,0.006954413,0.004617559,0.004592737,0.004564498,0.002713563,0.000726007,0.00092471,0.000727478,0.00080605,0.000797878,6.7
1089,0.002939718,0.004201435,0.012926653,0.01931513,0.03946193,0.021425973,0.017709494,0.014360937,0.013879613,0.030952164,0.008009196,0.008840087,0.007817424,0.007299659,0.00932036,88.92
1090,0.011927618,0.013962016,0.022398206,0.027836331,0.044719557,0.025062927,0.022092227,0.019756585,0.018625869,0.023675142,0.007221484,0.007537634,0.006870209,0.005998391,0.007519374,26.39
1091,0.013707776,0.018880558,0.029369813,0.03591963,0.054376793,0.048678004,0.039853817,0.037556408,0.035859012,0.036497978,0.010005803,0.010351685,0.009590898,0.009254139,0.01109102,36.51
1092,0.011702321,0.014793645,0.023430155,0.028893171,0.043037475,0.026048023,0.020836479,0.019117188,0.018022744,0.018411211,0.004553851,0.004785357,0.004159041,0.004059596,0.005192315,28.86
1093,0.010455972,0.012916923,0.019241423,0.022493753,0.029996204,0.01439713,0.010350835,0.00976652,0.009115234,0.006557514,0.001907623,0.001794397,0.001509887,0.001846656,0.001818173,8.03
1094,0.015031818,0.020100516,0.029673249,0.034746024,0.046722382,0.027213027,0.019877584,0.018686385,0.017163101,0.013324157,0.003743065,0.003663425,0.003240613,0.003284672,0.003841755,7.92
1095,0.001233907,0.000600611,0.011137201,0.01931139,0.044989852,0.013674301,0.014082282,0.009001738,0.009599461,0.052959326,0.020889159,0.021158965,0.019433732,0.019090837,0.02329647,143.23
1096,0.012684638,0.01357298,0.020416375,0.024513013,0.036032922,0.015434107,0.012290192,0.011104319,0.01049072,0.009500805,0.003619135,0.001671018,0.001627426,0.00278337,0.003593057,18.4
1097,0.005542905,0.00842792,0.017225782,0.023086674,0.039812031,0.024128024,0.02298331,0.019903812,0.019389864,0.032039444,0.00905063,0.008550398,0.007591038,0.00761107,0.010179593,97.5
1098,0.003008686,0.006894508,0.017671579,0.023921291,0.041832967,0.026763285,0.02447826,0.02260477,0.021080037,0.025690628,0.006778239,0.008309664,0.008480693,0.005753151,0.00853039,49.79
1099,0.0053567,0.009975146,0.020354942,0.026529728,0.046266059,0.043368993,0.034639119,0.031287814,0.03149795,0.040576929,0.01048843,0.011157171,0.009593435,0.009318318,0.012777799,71.27
1100,0.023373181,0.0303951,0.042777596,0.049242753,0.065418017,0.048074298,0.040395008,0.039074438,0.036310729,0.028850141,0.008016234,0.007882748,0.007145816,0.006841413,0.00891501,13.98
1101,0.011998354,0.01459367,0.021626188,0.025089543,0.032628958,0.013696473,0.010044307,0.009528217,0.008851137,0.006340014,0.002130821,0.002151724,0.001825914,0.001906473,0.002146843,7.64
1102,0.017312383,0.023913566,0.034966217,0.040412856,0.052448649,0.032609024,0.025290826,0.024711704,0.022722376,0.015647264,0.004172936,0.004772902,0.003906189,0.004043071,0.004935216,6.82
1103,0.019583994,0.018120562,0.027879774,0.034590816,0.056104205,0.0250053,0.021347043,0.017955317,0.016817121,0.026656491,0.008218652,0.007188596,0.007040419,0.007508953,0.008881291,52.36
1104,0.017650053,0.016984548,0.025754213,0.031933465,0.052408667,0.02381321,0.020401981,0.017027616,0.01569487,0.025287741,0.007232267,0.007316932,0.006257258,0.006321888,0.008034746,42.9
1105,0.004092279,0.004010569,0.013013375,0.019439977,0.039605082,0.015287222,0.014867315,0.010819496,0.010649381,0.038357209,0.010854616,0.010985795,0.009962145,0.009529526,0.012134906,74.3
1106,0.005284312,0.005944432,0.012966633,0.017805369,0.034568218,0.018720713,0.018040775,0.0150784,0.014569199,0.028305629,0.00766318,0.008100071,0.006685394,0.006440599,0.008916352,49.63
1107,0.015990816,0.018511934,0.028279464,0.034050926,0.05005608,0.026382024,0.019293654,0.018054988,0.017497505,0.016781784,0.004661876,0.004945252,0.004246468,0.004368728,0.005378066,20.22
1108,0.01386418,0.015917757,0.02676145,0.033339335,0.05176739,0.028292892,0.025459192,0.022753125,0.021223095,0.028299706,0.008755766,0.008966717,0.007412337,0.007718551,0.010040459,30.36
1109,0.015774861,0.01752783,0.035260393,0.0468802,0.087950063,0.047076228,0.039460958,0.031963545,0.03074884,0.049997597,0.013278985,0.013173766,0.011854876,0.011753768,0.014554427,52.87
1110,0.009241884,0.011456005,0.017888185,0.020550872,0.023448093,0.007717218,0.005961136,0.00601001,0.005801448,0.003319567,0.001313594,0.001788163,0.001412379,0.000812547,0.001351425,5.63
1111,0.00884241,0.010140151,0.022709091,0.031135553,0.06026379,0.030846534,0.028271003,0.022831869,0.021552199,0.048629063,0.014160421,0.014337754,0.014015492,0.013216764,0.015617838,100.53
1112,0.009011583,0.010818669,0.021764325,0.029260697,0.056932509,0.029876024,0.024811496,0.020004641,0.01967521,0.030876796,0.009241172,0.009258888,0.007600217,0.007548763,0.009405745,51.57
1113,0.005235816,0.009944133,0.0217603,0.028958695,0.049468997,0.036543852,0.032574477,0.02905556,0.027878299,0.043814786,0.012454842,0.013329475,0.012019615,0.01211758,0.013987029,81.47
1114,0.012087045,0.014635989,0.026102882,0.032874348,0.053236855,0.030573315,0.026740251,0.023475532,0.021967203,0.02875535,0.007411959,0.007686898,0.006759055,0.005787912,0.008028626,42.47
1115,0.015502337,0.019308045,0.028794641,0.032565045,0.039418605,0.016478543,0.012073951,0.010954602,0.010710571,0.0071742,0.001474924,0.002966723,0.002872196,0.001501234,0.002219337,6.22
1116,0.009993809,0.01290696,0.024811664,0.031547823,0.05043485,0.028982677,0.024400666,0.021468129,0.01909307,0.024836262,0.005465863,0.007369959,0.006622832,0.005855711,0.007350993,29.29
1117,0.012974133,0.011403941,0.027609265,0.038592322,0.07887054,0.036877408,0.02811057,0.020915349,0.019217872,0.046718183,0.012821071,0.013300778,0.012207343,0.011327341,0.014395015,68.01
1118,0.014701373,0.014801958,0.021599838,0.02539807,0.034110168,0.013776131,0.010424249,0.009798713,0.009087575,0.007413185,0.002670928,0.003268463,0.003398674,0.002273309,0.002942681,13.36
1119,0.007593502,0.000515354,0.016610535,0.029634831,0.082165223,0.027595873,0.024658312,0.013819804,0.013155683,0.145701127,0.199629353,0.208647774,0.188587825,0.179713921,0.212188831,140.89
1120,0.025873062,0.026365128,0.041753256,0.051446029,0.091250818,0.055798586,0.043632899,0.038491052,0.034183373,0.055849126,0.01618891,0.01891235,0.021107828,0.017623992,0.018865126,59.87
1121,0.005755226,0.000441365,0.016584031,0.028426299,0.068070155,0.022540166,0.022025997,0.01291967,0.01235743,0.102020262,0.103257784,0.106924258,0.0960167,0.090782738,0.108079881,93.65
1122,0.015216293,0.015699957,0.029946271,0.038465323,0.064235617,0.03289251,0.02760422,0.022955118,0.021386481,0.039484626,0.010437575,0.012052507,0.010111122,0.009051884,0.012157737,72.35
1123,0.016844116,0.020717193,0.030406745,0.034746651,0.041778742,0.01974479,0.014691853,0.013697658,0.012800479,0.008642573,0.002396055,0.001667251,0.001693961,0.002476736,0.002371608,8.95
1124,0.016380352,0.019133312,0.033809184,0.042000362,0.066597799,0.036829396,0.030546983,0.026251238,0.024654902,0.032246335,0.008323828,0.008983946,0.008015769,0.007473151,0.009671652,41.19
1125,0.017695522,0.021213191,0.031589447,0.037707399,0.05798739,0.041606112,0.033594459,0.029310505,0.028871117,0.036805486,0.010022294,0.010244272,0.009424974,0.008143057,0.010752153,69.27
1126,0.024611406,0.029669105,0.044664948,0.052651984,0.077063276,0.054256302,0.04386889,0.040338395,0.037419739,0.044423733,0.01195863,0.012972192,0.012377785,0.011119865,0.013581437,63.91
1127,0.026115304,0.027478139,0.036926044,0.041930633,0.05717386,0.032580014,0.024105436,0.022223096,0.0213957,0.021086975,0.005584432,0.006454588,0.006052924,0.005295265,0.006090119,45.48
1128,0.015952005,0.022322051,0.035718026,0.043297968,0.069818965,0.052709311,0.039563812,0.034931535,0.034554559,0.046393281,0.012348007,0.011525613,0.009517247,0.010149326,0.013728914,70.64
1129,0.010016892,0.012615736,0.022430821,0.027838476,0.046607292,0.029332988,0.021297817,0.01985594,0.018800808,0.023812194,0.00660383,0.008900355,0.00873875,0.008132148,0.007979868,45.97
1130,0.023379645,0.029115217,0.042528418,0.050680563,0.078156664,0.065523032,0.054867748,0.050977464,0.049886329,0.070693346,0.033671042,0.040579797,0.036675022,0.032340602,0.036483815,106.76
1131,0.009676466,0.014319015,0.026435557,0.032876359,0.057279665,0.042520061,0.03155767,0.028084756,0.027869198,0.038568451,0.009775722,0.010692658,0.008484625,0.009197601,0.010810754,93.65
1132,0.009625055,0.016961531,0.03180823,0.039758407,0.063814411,0.05990696,0.047859775,0.045081775,0.043075354,0.053808836,0.014537211,0.016225168,0.015740439,0.014228194,0.017400028,69.37
1133,0.021347932,0.026837494,0.040224688,0.047589522,0.070797283,0.051172662,0.038314693,0.035032815,0.033495476,0.037777347,0.011097253,0.01144802,0.010254112,0.0096543,0.012129573,46.75
1134,0.020734652,0.022898726,0.032501409,0.037613766,0.054758735,0.029941566,0.019929692,0.018198229,0.017350004,0.015271412,0.004474811,0.004143478,0.003656242,0.004052343,0.004350196,22.62
1135,0.017883748,0.022152554,0.033900426,0.040125428,0.060171972,0.037855215,0.025982277,0.024033895,0.023030918,0.021357822,0.005232611,0.006766263,0.006311005,0.004720051,0.006454955,25.22
1136,0.015542499,0.021488684,0.032212026,0.037536375,0.054097106,0.04447704,0.033297865,0.031526577,0.029890848,0.028016496,0.007822491,0.008264057,0.007541554,0.007004278,0.008623944,28.93
1137,0.009367373,0.01805742,0.034128944,0.043422003,0.072947479,0.062082201,0.050919335,0.045363766,0.043680221,0.061027989,0.016170309,0.015637077,0.01381305,0.013832216,0.018128856,84.24
1138,0.015084641,0.019847652,0.031058347,0.036647921,0.056315015,0.045729029,0.033359087,0.03324812,0.029944411,0.030640989,0.008912022,0.010106142,0.009446586,0.006535844,0.010414028,32.44
1139,0.014989522,0.022226739,0.03587838,0.043422854,0.068758988,0.060435116,0.045149754,0.041158784,0.040102496,0.049839472,0.013414184,0.014033111,0.012523476,0.011545537,0.014670401,64.3
1140,0.028546226,0.033912012,0.045633143,0.05197814,0.074794176,0.061194458,0.042860235,0.039599664,0.037988684,0.04492263,0.012728723,0.012834406,0.01313327,0.011724751,0.013630424,56.4
1141,0.013982584,0.01727942,0.025040417,0.029113042,0.044261975,0.032991518,0.022320895,0.021801762,0.021266599,0.022723771,0.007933354,0.007638978,0.007534167,0.005924881,0.00806022,54.5
1142,0.020875417,0.02729793,0.039797704,0.046226911,0.066562167,0.051182022,0.036741027,0.033750999,0.032843603,0.032263571,0.009121166,0.007833241,0.006678248,0.007698716,0.009388643,35.04
1143,0.020202491,0.027696957,0.041303742,0.04721156,0.060856939,0.038806956,0.02929724,0.028150756,0.025709871,0.018427064,0.004612358,0.005036358,0.004894713,0.004525059,0.005297177,10.8
1144,0.014409171,0.017715054,0.024437137,0.026706986,0.029616336,0.012283763,0.008492369,0.00827538,0.007497648,0.004767478,0.00146794,0.002440421,0.001491709,0.00118706,0.001511024,4.74
1145,0.016102837,0.021239451,0.03227665,0.038542427,0.05732349,0.044572052,0.033060576,0.030783946,0.029513839,0.028517272,0.007406612,0.008720912,0.00735913,0.006664657,0.0078106,34.52
1146,0.015458178,0.019468515,0.028309612,0.032303061,0.042943112,0.025985769,0.019121887,0.017936919,0.016542957,0.013043331,0.002747589,0.00437757,0.003352847,0.002210199,0.002825786,12.34
1147,0.022320039,0.031229976,0.047075132,0.055219862,0.07781976,0.066190823,0.054278028,0.052240635,0.04910565,0.044983365,0.012799598,0.013877533,0.013164056,0.011902436,0.014294314,25.81
1148,0.019724576,0.026097019,0.037910024,0.043321964,0.055793364,0.036347974,0.026922378,0.025447067,0.023887315,0.017620427,0.004503224,0.004633684,0.003852201,0.003773722,0.004754251,13.46
1149,0.019451447,0.023027365,0.031353403,0.034863594,0.041248186,0.019995357,0.013630556,0.012940226,0.012506061,0.008080564,0.002041112,0.001923991,0.001739678,0.001860554,0.002230154,8.59
1150,0.020790613,0.026887183,0.037878364,0.042428306,0.053387768,0.032734905,0.023558969,0.022582898,0.021107876,0.014876574,0.004244344,0.004251213,0.004160607,0.003814333,0.004351592,9.69
1151,0.027207431,0.038786294,0.056056116,0.064055588,0.083464409,0.066798124,0.055232139,0.054243842,0.049843416,0.038822929,0.010397944,0.010635271,0.009552593,0.009812397,0.011509879,10.8
1152,0.021002038,0.030772062,0.047157578,0.05498399,0.073828866,0.055794663,0.044998307,0.043771063,0.040203444,0.028042317,0.006952431,0.007892784,0.006362352,0.005654998,0.007315549,5.46
1153,0.015623596,0.023212937,0.036748664,0.043770418,0.062264221,0.057383763,0.049664703,0.048483717,0.045817552,0.040756884,0.011299144,0.010648074,0.010398945,0.010402146,0.011935479,22.88
1154,0.026293204,0.033225494,0.045904651,0.051749664,0.067063344,0.046249085,0.033460261,0.031335053,0.030124646,0.024153829,0.006433039,0.005840579,0.004300323,0.004618965,0.006637826,22.88
1155,0.014272093,0.019276524,0.028499236,0.032272666,0.043525312,0.024861697,0.017388342,0.016512698,0.01620411,0.012163986,0.003091238,0.004045313,0.004167181,0.002526145,0.004108616,19.7
1156,0.020695301,0.030878044,0.04588537,0.052941074,0.069175034,0.048429708,0.038361895,0.037356524,0.034164682,0.024460858,0.005972863,0.00731545,0.007942563,0.006242971,0.006927472,6.29
1157,0.005427439,0.004891043,0.00909806,0.012870868,0.02697599,0.010015764,0.009585623,0.007669812,0.007332165,0.020098489,0.007370973,0.007594629,0.006780015,0.006451298,0.008006921,327.1
1158,0.007350564,0.007235705,0.011719118,0.015188137,0.026729937,0.010304257,0.009715799,0.008034389,0.007533539,0.017035566,0.006122533,0.006206119,0.005580306,0.005360969,0.00659142,69.6
1159,0.005684554,0.00456346,0.008094551,0.011238531,0.02295792,0.007665107,0.007932193,0.00611842,0.005816488,0.028858682,0.020645383,0.02097888,0.01883823,0.0180741,0.022044777,1503.3
1160,0.007844247,0.007055233,0.01030584,0.013184921,0.023664214,0.009467772,0.009932511,0.008276957,0.007889453,0.028256495,0.017052007,0.017145985,0.01545541,0.014921009,0.018380505,362.5
1161,0.004334473,0.003452543,0.006913955,0.009958707,0.021441579,0.00689754,0.007611192,0.005824165,0.005614685,0.031319896,0.021493464,0.022093422,0.019897907,0.019005022,0.023436592,1842.7
1163,0.005911302,0.004389821,0.008367172,0.012079419,0.026523285,0.008479518,0.009178151,0.006938552,0.006646393,0.045082945,0.049388061,0.050713418,0.045643413,0.043777429,0.053353109,597.7
1164,0.006844388,0.005295671,0.00957932,0.013737818,0.030896598,0.010479826,0.010854014,0.008410722,0.008129635,0.03976455,0.024812598,0.025340389,0.022727469,0.021784351,0.026893986,74.7
1167,0.004201302,0.003822876,0.007040929,0.00948759,0.017587281,0.006374663,0.006527134,0.005223447,0.004931395,0.015905185,0.009501281,0.009746605,0.008747481,0.008311675,0.010061486,146.4
1168,0.005590523,0.004265764,0.008064465,0.011317394,0.02323226,0.007981003,0.008517287,0.006539659,0.006263763,0.032716728,0.028044655,0.028494102,0.02563266,0.024624233,0.029902926,1599.3
1171,0.006125964,0.004607274,0.008864237,0.012838736,0.028515416,0.009463612,0.009663186,0.007250684,0.00687956,0.038649439,0.030577157,0.031303243,0.028139044,0.02697625,0.033075708,147.4
1172,0.0091793,0.011048959,0.014429448,0.016959892,0.024658524,0.021296759,0.019010133,0.018382828,0.017095876,0.015858323,0.005533636,0.005823681,0.005160278,0.004816159,0.005892119,11.464
1173,0.005906421,0.007720991,0.0105098,0.012503292,0.018475108,0.018849741,0.017088754,0.01671391,0.015999128,0.01664857,0.006471457,0.006779617,0.006045875,0.005668921,0.006967827,22.6891667
1174,0.0065336,0.007763439,0.010537524,0.012531688,0.018659974,0.013428967,0.011175688,0.010584325,0.009730049,0.00857135,0.002647453,0.002813088,0.002467645,0.002301181,0.002801998,8.27955556
1175,0.006398809,0.008354955,0.011738399,0.014124675,0.021140892,0.016964891,0.014533252,0.01402542,0.012925089,0.010886156,0.003481079,0.003599383,0.003163563,0.002984116,0.003700994,10.3176
1176,0.005634602,0.006036136,0.007445933,0.008622089,0.012811055,0.011419714,0.009204418,0.008680055,0.008331207,0.009649822,0.003864789,0.004023628,0.003539572,0.00334024,0.00405655,35.3473333
1177,0.002541077,0.002339981,0.003242299,0.004199107,0.009071754,0.004740225,0.004264496,0.003642425,0.003434635,0.009000901,0.003612127,0.003571535,0.00357814,0.003277978,0.003962263,205.08
1178,0.002717047,0.002676299,0.00358185,0.004481152,0.00840207,0.004869558,0.004479973,0.003964738,0.003805472,0.008403844,0.003434544,0.003370318,0.003401088,0.003132961,0.003769232,97.67
1179,0.001987767,0.002152641,0.003163054,0.003862917,0.00709958,0.004472963,0.00386422,0.003497996,0.003310291,0.004615602,0.001797835,0.001723435,0.001739968,0.001644285,0.002001024,31.68
1180,0.002306286,0.002612441,0.003438795,0.003989461,0.006519762,0.004498848,0.003468517,0.0031814,0.003029075,0.003288406,0.001182824,0.001043202,0.001124271,0.001104362,0.001325955,16.9
1181,0.001431805,0.00156642,0.002046971,0.002395553,0.003802829,0.003066438,0.00215695,0.002187973,0.002352124,0.003210584,0.00157253,0.001459941,0.001471391,0.00140744,0.001689385,59.17
1182,0.002013805,0.002201813,0.003206605,0.003881933,0.007235313,0.004798674,0.003640029,0.003204092,0.003068515,0.004206207,0.000792552,0.000503249,0.000794926,0.00078051,0.00083019,28.81714
1183,0.001704791,0.001864622,0.002861954,0.003609125,0.007201124,0.004772874,0.003811435,0.003374979,0.003198975,0.004661865,0.001491127,0.001375723,0.001477512,0.001386659,0.001650916,32.90806
1184,0.003092878,0.003120633,0.004227689,0.005079343,0.008686313,0.006108631,0.004940968,0.004454368,0.004194727,0.00578337,0.002109937,0.001963655,0.002083202,0.001947155,0.002352649,30.6711
1185,0.001260439,0.001291761,0.001749766,0.002094742,0.003999184,0.00274472,0.002039925,0.00187463,0.001881029,0.002316812,0.000746817,0.000747395,0.000792948,0.000715461,0.000820366,34.95531
1186,0.003294072,0.002472974,0.003421737,0.004374809,0.010319645,0.004142879,0.004127448,0.003418345,0.003167603,0.014626755,0.010075202,0.009522738,0.009779523,0.009335844,0.01098718,204.7567
1187,0.002552375,0.002175152,0.003292498,0.004289896,0.0102088,0.004340637,0.004244403,0.003550726,0.003305289,0.012866404,0.006877457,0.006576273,0.006709118,0.006322397,0.007510016,202.5966
1188,0.002545193,0.002253194,0.003402132,0.004406678,0.010580943,0.004831578,0.0046354,0.00388262,0.003619157,0.014109601,0.007061999,0.006798465,0.006905848,0.006472193,0.007783624,169.6836
1189,0.003635883,0.002271605,0.003453367,0.004636545,0.013593424,0.004835031,0.005000565,0.004008371,0.003673643,0.033695892,0.050941302,0.048849131,0.049462812,0.047251327,0.056251228,1186.154
1190,0.002870365,0.002031963,0.003440512,0.00470843,0.013326806,0.005952909,0.005535237,0.004455484,0.004036205,0.018320287,0.013152388,0.012604875,0.012642346,0.012019958,0.014321625,493.8254
1191,0.004000983,0.002530985,0.004082232,0.005487198,0.014590991,0.006116778,0.005896508,0.004794094,0.004360279,0.023314657,0.021026507,0.020257286,0.020273769,0.019257068,0.022793807,693.0057
1192,0.001060099,0.001221968,0.002173949,0.002906287,0.005982684,0.004027524,0.003209309,0.002789782,0.002645148,0.004012012,0.000878305,0.000852793,0.000902443,0.00082303,0.000981845,38.1588
1193,0.002298528,0.002377929,0.003161232,0.003768634,0.007148076,0.004709349,0.003752743,0.003343898,0.003125981,0.004299804,0.001588789,0.001578326,0.001596658,0.001477378,0.001805501,27.50678
1194,0.001076034,0.001650229,0.003170935,0.004148078,0.00828119,0.005393157,0.004501075,0.004000242,0.00371191,0.005380039,0.001593406,0.001201767,0.001497905,0.00151248,0.001736131,32.32873
1195,0.00186224,0.001913848,0.002817849,0.003766857,0.007542463,0.005569377,0.004250126,0.003790702,0.003515645,0.003993348,0.001373956,0.001313913,0.001451473,0.001380707,0.001565367,14.3213167
1196,0.002200935,0.002223008,0.003153163,0.004061495,0.007496107,0.005383412,0.004303283,0.003855869,0.003577109,0.004300623,0.001379875,0.001316218,0.001438297,0.001364519,0.001566978,26.2736933
1197,0.002559601,0.002487035,0.003382863,0.004302429,0.008153452,0.005670095,0.004518392,0.003988738,0.003662244,0.004603663,0.00157327,0.001505299,0.001638268,0.00155301,0.001789686,33.8825933
1198,0.0026541,0.002631675,0.003812671,0.004915668,0.009158629,0.006165679,0.005286542,0.004671695,0.00429989,0.006292966,0.002217727,0.002109934,0.002285954,0.002170658,0.002499467,48.8577333
1199,0.002202326,0.002324349,0.003421414,0.004484808,0.00873905,0.006576776,0.005302105,0.004727528,0.004401241,0.005651572,0.001672552,0.001605405,0.001731845,0.001646854,0.001928518,23.5975
1200,0.00280798,0.002997436,0.004351018,0.005678976,0.010630862,0.007466607,0.005753741,0.005141861,0.004740247,0.005098332,0.00148978,0.001458544,0.001589064,0.001481561,0.001726312,15.0004933
1201,0.002686621,0.003000861,0.004515788,0.005929086,0.010454464,0.006904425,0.005161116,0.004682165,0.004310063,0.004061412,0.001185807,0.001155575,0.001253644,0.001175013,0.00137438,10.90582
1202,0.002428593,0.002625065,0.00419814,0.005812465,0.011139596,0.006478624,0.00587598,0.005183075,0.004930529,0.008359169,0.002410093,0.002373824,0.002444244,0.002306762,0.00271566,42.727125
1203,0.002897783,0.00285551,0.004533389,0.006057858,0.011565983,0.006830336,0.006082248,0.005310621,0.004939585,0.008350849,0.003052212,0.003012299,0.003104925,0.002945794,0.003435322,45.26676
1204,0.00296315,0.002761515,0.004029797,0.005264184,0.010144818,0.005964923,0.005297544,0.004609899,0.004264589,0.007430244,0.003393582,0.00331631,0.003436243,0.003255115,0.00375439,33.5497486
1205,0.003092213,0.003300864,0.004784974,0.006292477,0.012176821,0.008995853,0.006868216,0.006212265,0.00585948,0.008474795,0.001970829,0.001896576,0.002044039,0.001950146,0.002295947,15.71026
1206,0.001538381,0.001647754,0.002195734,0.002663524,0.00407813,0.003290111,0.002685327,0.002605613,0.002480756,0.00218249,0.000784031,0.000761537,0.000812286,0.000777829,0.00090832,10.59124
1207,0.001850281,0.00201444,0.003065674,0.003964552,0.009509275,0.008180945,0.00597305,0.005437858,0.005206187,0.010024378,0.001689082,0.001677238,0.001791518,0.001737333,0.002241333,2.74395
1208,0.003469465,0.002702948,0.003716152,0.00500805,0.012878599,0.005614254,0.00511303,0.004265415,0.004023147,0.015947027,0.008907993,0.008691759,0.008985688,0.008480172,0.009721447,149.60232
1209,0.002500827,0.002526392,0.003856979,0.005192462,0.012145209,0.006301738,0.005221594,0.004435408,0.004215707,0.010154488,0.002729443,0.002670676,0.002754022,0.002596836,0.003059382,42.1762143
1210,0.003931795,0.002975307,0.004241117,0.005751258,0.015292178,0.006383309,0.006178049,0.005057881,0.004679759,0.022757982,0.014440508,0.014118595,0.014477585,0.013714481,0.015837934,164.312707
1211,0.002472809,0.002707407,0.004268558,0.005776104,0.012205344,0.007402713,0.006232396,0.005369684,0.005034395,0.009028831,0.002336349,0.002289184,0.002350651,0.002230699,0.002646851,31.4502667
1212,0.002556188,0.002855922,0.004543754,0.00623789,0.013735282,0.009210425,0.007108553,0.006137258,0.005644833,0.007438761,0.001884251,0.001850306,0.001883829,0.0017836,0.002161561,20.5615962
1213,0.002652335,0.002894266,0.004413671,0.006069392,0.013395222,0.009625495,0.007213155,0.006208025,0.005724234,0.007354758,0.001818369,0.001799314,0.001842461,0.001739232,0.002076545,20.5411
1214,0.002386622,0.002667451,0.004098685,0.005565024,0.011602386,0.008372568,0.006603459,0.005747379,0.005327966,0.007265541,0.001707204,0.001690049,0.001724233,0.00162663,0.001974812,14.5596333
1215,0.002542817,0.002699814,0.003949062,0.005313479,0.010793882,0.007586136,0.005705705,0.005008292,0.004593418,0.005140405,0.00153606,0.001515272,0.001548559,0.001470268,0.001749964,15.9147333
1216,0.002510452,0.002741188,0.004227338,0.005760295,0.01151545,0.008013574,0.00596344,0.005281929,0.004839527,0.005174563,0.001487786,0.001478335,0.001503191,0.001416588,0.001696373,18.0320667
1217,0.004016071,0.004924823,0.007763906,0.010161343,0.019761068,0.012666751,0.010651898,0.009569253,0.00886649,0.013132097,0.00313167,0.003103916,0.003325206,0.003100366,0.003692262,27.71572
1218,0.002779553,0.002996308,0.004660411,0.006261308,0.01253887,0.008356568,0.007018087,0.006233405,0.005922517,0.009090419,0.002841782,0.002680098,0.003018257,0.002842532,0.00321086,40.63
1219,0.002911957,0.003056775,0.004639163,0.006245579,0.013408114,0.008580994,0.007086051,0.006092233,0.005704613,0.010495197,0.003446681,0.003244568,0.003581277,0.00340861,0.003906614,54.993
1220,0.00289931,0.003223348,0.004882079,0.006339368,0.011716912,0.008542689,0.007016429,0.006283149,0.005956911,0.008366124,0.002741354,0.002567631,0.002824681,0.002692303,0.00310958,39.453
1221,0.003261825,0.003379137,0.004798765,0.006105609,0.010974757,0.007979631,0.006732084,0.006026601,0.005834133,0.010239032,0.003791624,0.003551534,0.003843167,0.003686306,0.004278202,64.9
1222,0.002201258,0.002396815,0.00384792,0.005149393,0.010261248,0.006661131,0.005390973,0.004707908,0.004578306,0.007918961,0.002411012,0.002294725,0.002499282,0.002355475,0.002720722,53.086
1223,0.002226668,0.002403635,0.003863795,0.005151803,0.010276258,0.006439089,0.005350009,0.004649004,0.004485025,0.008610716,0.002763033,0.002613267,0.002845891,0.002691025,0.003121989,64.954
1224,0.002315651,0.00235225,0.003485034,0.004543568,0.008796069,0.005243118,0.004606966,0.004068384,0.003946661,0.007726816,0.00267895,0.002534907,0.002751874,0.002583278,0.002985031,69.391
1225,0.00185489,0.001863312,0.002555123,0.003267703,0.00596339,0.004329997,0.003171042,0.002898969,0.002935438,0.005274374,0.001890947,0.001784529,0.001939529,0.001822407,0.002086557,77.324
1226,0.000786415,0.00093348,0.001446498,0.001888644,0.003328597,0.002961858,0.002075459,0.0020203,0.002061258,0.002162797,0.000685248,0.00064969,0.000715565,0.000672245,0.000774766,23.843
1227,0.002382889,0.002536285,0.003828676,0.005030718,0.009412697,0.006662552,0.005380016,0.004830696,0.004806767,0.008353262,0.002772603,0.002604476,0.002886023,0.002697801,0.003099935,59.18
1228,0.001913931,0.002230204,0.003746155,0.005047695,0.009916586,0.006788434,0.005598761,0.004960021,0.004702044,0.006993253,0.002094631,0.001980189,0.002192192,0.002083939,0.002396308,20.4
1229,0.003373674,0.003517059,0.004849173,0.006188329,0.01127341,0.007721067,0.006355464,0.005704163,0.005344422,0.007099306,0.002501862,0.002269006,0.002498447,0.002450811,0.002843293,18.8
1230,0.003865385,0.00372311,0.004103882,0.004688025,0.007158612,0.006854039,0.006391624,0.006035997,0.00572039,0.008254146,0.004048949,0.003540371,0.003971877,0.003971195,0.004560418,19.6666667
1231,0.006246323,0.005621093,0.008310673,0.010327052,0.02052397,0.012372028,0.010009576,0.008406878,0.007914642,0.015405275,0.004731484,0.004785352,0.00462424,0.004139566,0.004892444,50.34672
1232,0.007242252,0.006635486,0.009061285,0.010717892,0.018953405,0.011625359,0.009812842,0.008519349,0.008003044,0.013593203,0.004949373,0.00498078,0.004815937,0.004354218,0.00515365,45.85328
1233,0.007522661,0.006686923,0.009114508,0.010827846,0.018984715,0.011233329,0.009368568,0.008022335,0.007543368,0.013680961,0.004592522,0.004614848,0.004430333,0.003973847,0.004695902,45.41419
1234,0.006901108,0.006329904,0.009189175,0.011005567,0.019282071,0.011549848,0.010172708,0.00879492,0.008290374,0.015504595,0.005436722,0.005497613,0.005293217,0.00478118,0.005638228,47.35337
1235,0.006667734,0.006195525,0.007983951,0.009240379,0.016390924,0.009094435,0.007661606,0.006377389,0.005958095,0.012715492,0.003639993,0.003601945,0.003418646,0.003120058,0.003742826,48.03151
1236,0.007162068,0.006633744,0.009520108,0.011416034,0.020354467,0.012695996,0.010955078,0.009485404,0.008959853,0.016706012,0.005913396,0.005985879,0.005795875,0.005254357,0.006162046,55.96835
1237,0.0068496,0.006103693,0.008817197,0.010683557,0.019203411,0.011124141,0.009659078,0.008161425,0.007591202,0.014658369,0.00484776,0.004882925,0.004780825,0.004322977,0.005051315,44.2053
1238,0.005674753,0.005219262,0.008183615,0.010271976,0.019807531,0.011257172,0.009409832,0.007864649,0.007363071,0.014435799,0.004393852,0.004459028,0.004306652,0.003900153,0.004576623,46.67681
1239,0.001930467,0.002124308,0.00324258,0.003948801,0.007623571,0.005839955,0.003570962,0.003419201,0.003750075,0.005345462,0.001636127,0.001644243,0.001581207,0.001402199,0.001649491,60.3895333
1240,0.002014544,0.00218213,0.003355736,0.004106889,0.008170051,0.006367924,0.003820533,0.003593363,0.003949592,0.006462012,0.002012006,0.002056473,0.001971695,0.00175013,0.002065658,82.1339417
LE1,0.004665698,0.00500643,0.006244304,0.006809033,0.007663941,0.002561881,0.001640517,0.001622708,0.001522817,0.000844786,0.000225472,0.000239987,0.000190247,0.000131613,0.000222254,4.31
LE2,0.005487125,0.005705683,0.006922811,0.007779221,0.010405297,0.006163655,0.004637848,0.004378382,0.004050715,0.002805276,0.000750705,0.000673022,0.000608835,0.000646914,0.000659034,4.25
LE3,0.005781365,0.006776741,0.008910036,0.009815334,0.011408819,0.005115345,0.003427922,0.003293147,0.003004881,0.001736346,0.000497358,0.000395454,0.000323523,0.000342152,0.000488713,2.55
LE4,0.006395499,0.008092951,0.01137177,0.013228323,0.018038745,0.015429972,0.01217628,0.011565088,0.010994355,0.0099652,0.002665044,0.00273984,0.00250523,0.002387982,0.002974533,15.87
LE5,0.009184472,0.011113139,0.014732321,0.016455562,0.019525743,0.011042807,0.007893526,0.007532744,0.006971595,0.004727781,0.001288791,0.001407559,0.001236995,0.001132983,0.001405703,6.73
LE6,0.006516297,0.006744453,0.007912506,0.00831615,0.00845157,0.002574323,0.00158651,0.001552094,0.00145982,0.000771514,0.000174011,9.60E-05,9.01E-05,0.000158619,0.000191844,2.24
LE7,0.007431663,0.008883715,0.011672655,0.012814196,0.014931116,0.007120991,0.004794237,0.004572402,0.004189299,0.00255475,0.000680243,0.000612151,0.000532739,0.000510609,0.000667295,3.27
LE8,0.006437044,0.007179182,0.009124219,0.009608632,0.009803415,0.003475343,0.002356781,0.002298562,0.002114523,0.001225055,0.00033461,0.00031807,0.000242815,0.000229682,0.000304223,2.48
LE9,0.007708458,0.009252529,0.012419202,0.014501414,0.021005846,0.020413469,0.017561869,0.016942968,0.016006128,0.014930709,0.004116501,0.004147913,0.003737317,0.00359635,0.004534763,11.79
LE10,0.003988374,0.004547403,0.005967195,0.006523538,0.007343283,0.00289681,0.001902223,0.001832333,0.001693884,0.000984165,0.000308127,0.000229432,0.000152858,0.000161935,0.000326483,3.54
LE11,0.006326942,0.007042545,0.008193854,0.00869458,0.009292905,0.004730077,0.003267158,0.003142455,0.002877903,0.001717428,0.000469162,0.000440495,0.000383521,0.000354321,0.00050229,5.21
LE12,0.011499683,0.013796755,0.017554954,0.019266553,0.022683144,0.016196292,0.01276133,0.012440608,0.011407294,0.008038791,0.002187916,0.002179162,0.001894811,0.001849275,0.00233939,4.93
LE13,0.004433542,0.005427488,0.007537976,0.008127122,0.00860047,0.002721396,0.001815941,0.001817319,0.001705159,0.000855909,0.000278109,0.000164937,0.000173992,0.000162457,0.000319299,1.82
LE14,0.006695486,0.00751488,0.009915845,0.011542427,0.0169984,0.013871007,0.010649795,0.00999665,0.009710133,0.009587028,0.002636073,0.002728284,0.002377016,0.002276119,0.002828093,36.04
LE15,0.003617879,0.004412546,0.006649044,0.007927934,0.010541362,0.004952795,0.003503979,0.003364503,0.003168953,0.002479512,0.0006558,0.000690405,0.000668855,0.000603546,0.000750203,9.86
LE16,0.004535763,0.006120242,0.009226214,0.01047079,0.012691099,0.006373059,0.004456668,0.00431279,0.004043484,0.002434198,0.000824754,0.000514692,0.000478822,0.000792952,0.000993314,12.55
LE17,0.008393667,0.00969646,0.01284542,0.014564632,0.018610279,0.01228767,0.009653154,0.009117031,0.008445187,0.006635885,0.001894164,0.001842798,0.001541509,0.001551238,0.00192988,4.75
LE18,0.002363603,0.002785845,0.005159415,0.006573116,0.012055676,0.006988599,0.004925097,0.004555453,0.004763995,0.006276545,0.002154221,0.002133859,0.001663243,0.001632604,0.002508297,60.59
LE19,0.003005763,0.0037003,0.005663144,0.006440672,0.007482617,0.002829391,0.002062986,0.002016704,0.001940657,0.001185542,0.000354317,0.000312722,0.000260574,0.000308496,0.00041199,4.42
LE20,0.002768949,0.003486286,0.005714238,0.007091166,0.012247242,0.007414594,0.0051394,0.004841854,0.005016181,0.005339961,0.001602981,0.00134897,0.001056097,0.00111986,0.001801372,52.54
LE21,0.00437799,0.004695158,0.007225775,0.008847052,0.013241554,0.005366724,0.004130748,0.003683323,0.003465747,0.00363441,0.001082224,0.001039152,0.000886977,0.00085217,0.001086044,16.28
LE22,0.003727514,0.005451123,0.008902674,0.010719683,0.016675005,0.01331767,0.010240087,0.009482596,0.009347309,0.009854222,0.002624802,0.002325822,0.002071988,0.002231571,0.003110186,43.56
LE23,0.00773016,0.009664568,0.012874213,0.014446049,0.017247068,0.010490246,0.007661079,0.007386158,0.00693855,0.00431928,0.001754276,0.000821902,0.000493749,0.000845809,0.001991102,7.93
LE24,0.00761434,0.008307594,0.010674899,0.011717346,0.013439842,0.006062747,0.004330999,0.004212065,0.003943346,0.002467662,0.000757236,0.00058411,0.000520933,0.000496429,0.000661462,6.26
LE25,0.004636095,0.005564182,0.00736828,0.008049669,0.008947136,0.003525616,0.002393319,0.002366891,0.002146894,0.001308749,0.000376314,0.000138508,0.000106927,0.000207102,0.000643235,4.34
LE26,0.004593755,0.006060213,0.009810375,0.011967993,0.017472979,0.009371931,0.007122426,0.006726446,0.006468526,0.004940201,0.001618796,0.001348202,0.001081986,0.001179759,0.001599825,19.67
LE27,0.006063364,0.006125617,0.008440389,0.009901088,0.013477335,0.005797631,0.004180749,0.003809989,0.003517246,0.003016676,0.000855046,0.000808773,0.000683918,0.00064104,0.000839596,11.39
LE28,0.002837358,0.003451464,0.006255481,0.008092243,0.013801888,0.006979992,0.006079239,0.005357501,0.005065058,0.005820976,0.001621754,0.001536241,0.001447327,0.00153312,0.002168529,26.61
LE29,0.004837035,0.005209176,0.007985299,0.00966346,0.014392279,0.00632114,0.004878667,0.004370191,0.004022429,0.003829869,0.001037554,0.001080747,0.000979315,0.00096507,0.001152165,13.7
LE30,0.004203848,0.005875865,0.009394773,0.011513718,0.017911895,0.013737438,0.011054057,0.009997394,0.009514835,0.010888522,0.002871417,0.002583758,0.002502523,0.002569314,0.003045427,41.84
LE31,0.008111108,0.010093682,0.013890238,0.015770438,0.019356876,0.011389475,0.008564775,0.008145588,0.007629175,0.005356745,0.001530684,0.00146662,0.001289747,0.001284184,0.001686996,6.76
LE32,0.004820554,0.005568481,0.007784648,0.008759302,0.010812823,0.004748029,0.003321932,0.003198552,0.002981527,0.00204793,0.000632003,0.000495198,0.000418016,0.000461696,0.000693688,8.24
LE33,0.004057325,0.004631165,0.007041244,0.008552371,0.011723872,0.004821972,0.003600111,0.003362748,0.003146181,0.002412123,0.000802228,0.000529639,0.000494871,0.000658249,0.000870057,8.86
LE34,0.007597555,0.007163037,0.00895173,0.010463084,0.014700344,0.007482049,0.005878629,0.005115587,0.004755037,0.005285508,0.001390283,0.001345278,0.001208465,0.001222853,0.001482967,22.69
LE35,0.006310844,0.006636611,0.008662273,0.009768851,0.011491143,0.004107604,0.00280368,0.002665854,0.002457114,0.001576852,0.000383825,0.000438094,0.00035815,0.000352814,0.000423957,4.22
LE36,0.007098472,0.007870051,0.012015088,0.014977274,0.023609876,0.014000326,0.012853593,0.011208871,0.010488544,0.015379,0.004192653,0.004368997,0.003982255,0.003775674,0.004713216,52.99
LE37,0.004550383,0.004573247,0.006874593,0.008674035,0.013804088,0.006019573,0.004375938,0.003875893,0.003653686,0.00364072,0.000964205,0.000988818,0.000930008,0.000876532,0.001094918,15.3
LE38,0.005025901,0.005933962,0.009517738,0.011902624,0.018952979,0.012392984,0.01049012,0.009256811,0.008868185,0.012001903,0.003194786,0.003225058,0.002937792,0.002898231,0.003552462,48.44
LE39,0.008197289,0.00901597,0.014259314,0.017739532,0.02682869,0.015298809,0.012635945,0.011314978,0.01072909,0.011770013,0.003061427,0.003218161,0.00292834,0.00289865,0.00353276,25.53
LE40,0.005879738,0.006055901,0.008907516,0.01066035,0.014973157,0.007193426,0.005326472,0.004726985,0.004426877,0.004374209,0.001250348,0.001317567,0.00120911,0.00110667,0.001331972,33.12
LE41,0.006107763,0.006233578,0.008056347,0.009268513,0.011680971,0.004700184,0.003368349,0.003149469,0.002933757,0.00215989,0.000597759,0.000621558,0.000576983,0.000519903,0.000606034,8.21
LE42,0.004027092,0.00433028,0.006622837,0.008161462,0.011165429,0.004554406,0.003520773,0.003271342,0.003129883,0.002516948,0.000741947,0.000698778,0.000593361,0.000678719,0.000845882,12.69
LE43,0.00268876,0.002908401,0.007090804,0.010031534,0.018888746,0.008176176,0.008331618,0.006419146,0.005966299,0.016720943,0.004850391,0.005565719,0.004876165,0.004484805,0.005398832,114.57
LE44,0.005961705,0.007128009,0.010496794,0.01208526,0.016527425,0.009929461,0.007578203,0.00697313,0.006650589,0.005633011,0.00184277,0.00167196,0.001310738,0.001481885,0.001948443,46.33
LE45,0.001797864,0.00225277,0.006104011,0.008911873,0.015516963,0.007777022,0.007356722,0.00567045,0.005242364,0.011604186,0.002629376,0.002520198,0.002492954,0.002311179,0.003305623,86.98
LE46,0.006564567,0.007851469,0.011562758,0.013571077,0.018436847,0.011593194,0.009002982,0.008490173,0.008090229,0.007203426,0.001971579,0.002211279,0.002188998,0.001921037,0.001963049,18.81
LE47,0.005729779,0.006842068,0.010301177,0.012123424,0.015576529,0.008839617,0.00676629,0.006315021,0.005871118,0.005026956,0.001173938,0.001423315,0.001334994,0.00116797,0.001394505,16.26
LE48,0.005694894,0.006885725,0.010692044,0.012846382,0.018382734,0.010519178,0.00816697,0.007527599,0.007198843,0.006675088,0.001858383,0.001954015,0.001802556,0.00170287,0.002110952,22.84
LE49,0.008846088,0.011752133,0.016676901,0.019275343,0.025396712,0.019174689,0.01599353,0.015404932,0.014240965,0.011223463,0.003294422,0.003802003,0.003061969,0.003115603,0.003547679,11.47
LE50,0.009305411,0.011124388,0.01470368,0.016209827,0.020218712,0.013294633,0.01019879,0.009681297,0.00895363,0.007038819,0.001911259,0.001839518,0.001684171,0.001674914,0.00202548,9.97
LE51,0.006755509,0.008383199,0.013844508,0.017375501,0.030029594,0.022503741,0.017373826,0.014954127,0.014560931,0.022470104,0.005993004,0.00625897,0.005656708,0.005374327,0.006815413,71.13
LE52,0.01041745,0.012316834,0.016610278,0.018938928,0.025304519,0.018115105,0.014737531,0.013728583,0.012816592,0.011927589,0.003238514,0.003230289,0.00293476,0.002834295,0.003561461,22.88
LE53,0.009449525,0.010327196,0.012669845,0.014195575,0.019266317,0.016175479,0.013214072,0.012223134,0.011682389,0.013064541,0.003521144,0.003454465,0.003141351,0.003065249,0.003983484,50.69
LE54,0.009074097,0.010495512,0.013173002,0.014336575,0.01713378,0.011915973,0.009086601,0.008664165,0.008049264,0.006016491,0.001633783,0.001537916,0.001327392,0.001318666,0.001682296,10.35
LE55,0.011833249,0.013322373,0.016502066,0.017951688,0.022197523,0.015230302,0.011379136,0.010779144,0.010100958,0.008194161,0.002212473,0.002232756,0.001993421,0.00193936,0.002540087,14.16
LE56,0.013318086,0.016079489,0.019507947,0.021171534,0.02482952,0.020707258,0.017610851,0.017357568,0.016145712,0.012882403,0.003954815,0.004079713,0.003913791,0.003509978,0.004283382,8.05
LE57,0.007280061,0.008096627,0.010910282,0.012374518,0.015452044,0.008285616,0.00594967,0.005578675,0.005203678,0.00440975,0.00117845,0.001239519,0.001095784,0.000987847,0.001207328,16.5
LE58,0.007628379,0.009201002,0.013211406,0.015673957,0.02276791,0.016932806,0.01360841,0.012221697,0.011604006,0.014579345,0.003996753,0.003985619,0.003607593,0.003399068,0.004264333,51.61
LE59,0.001566714,0.001469992,0.005145796,0.007924256,0.01846593,0.008306268,0.006341361,0.004454721,0.004147734,0.014961208,0.003993875,0.004191852,0.003773552,0.003591864,0.004458113,44.09
LE60,0.004697754,0.006221807,0.010105026,0.012513289,0.019797667,0.015375322,0.013276434,0.011952097,0.011303797,0.015677892,0.004071769,0.004395041,0.003941651,0.003810006,0.004743753,60.26
LE61,0.011739977,0.014784216,0.019677562,0.022059228,0.027683222,0.021319393,0.016968578,0.016183162,0.015197005,0.012511444,0.003334927,0.003324252,0.002945505,0.002858909,0.003626651,14.69
LE62,0.010622941,0.013814172,0.018738739,0.020898321,0.025705245,0.020217246,0.016635827,0.016066123,0.014919738,0.012180036,0.003253655,0.003301124,0.0029862,0.002912648,0.003576584,10.69
LE63,0.011755627,0.014184114,0.018600686,0.020591204,0.025110508,0.016941741,0.013059809,0.012472786,0.011617202,0.008919421,0.00242621,0.002412212,0.002186282,0.002125553,0.002609755,12.94
LE64,0.010056018,0.012080445,0.015176004,0.016761639,0.020375147,0.015866688,0.012993472,0.012579177,0.011688754,0.009465356,0.002474861,0.003325425,0.003046547,0.002854422,0.003003892,22.16
LE65,0.007067393,0.008359837,0.01130812,0.012506141,0.015036061,0.008678684,0.006301466,0.006030394,0.005635652,0.004045705,0.001072256,0.001122514,0.001034432,0.000962446,0.001251297,7.97
LE66,0.005652179,0.00635652,0.008987734,0.010527792,0.01573574,0.009989579,0.007542724,0.006628734,0.006385128,0.008435945,0.00221651,0.002518754,0.00244183,0.002097451,0.002403321,55.32
LE67,0.009671027,0.011905428,0.015922077,0.017741863,0.021802079,0.014167978,0.010821439,0.010313996,0.009554181,0.007504537,0.00203625,0.002049606,0.001858082,0.00176953,0.002263898,10.85
LE68,0.013010352,0.01616831,0.020414132,0.022189363,0.026022366,0.020264712,0.016685384,0.016271294,0.015087395,0.011135638,0.00291565,0.002985337,0.002722677,0.002508375,0.00317124,4.77
LE69,0.009988198,0.012009831,0.015748651,0.017298236,0.020475503,0.013045441,0.010088946,0.009664278,0.008888609,0.006522363,0.001767003,0.001918463,0.001729419,0.00160016,0.00191123,6.64
LE70,0.01029873,0.012040427,0.015427697,0.016784371,0.019122713,0.011326923,0.008266433,0.007935907,0.007289451,0.005150483,0.001398734,0.001470497,0.001345578,0.001287872,0.001490223,7.42
LE71,0.011589465,0.014272242,0.017948216,0.019573033,0.022832998,0.017438802,0.01433272,0.014116178,0.013158542,0.009681668,0.002514826,0.002767831,0.002481702,0.002499006,0.002864629,5.52
LE72,0.007670966,0.008745913,0.012513934,0.014291251,0.018489075,0.009713363,0.007308259,0.0067155,0.006258666,0.005899034,0.001592924,0.001692216,0.001529502,0.001452134,0.001619057,52.96
LE73,0.005642236,0.006295298,0.00927842,0.011126439,0.016730057,0.00991455,0.008059062,0.007160297,0.006742134,0.007671753,0.002071876,0.002266607,0.002124572,0.001924173,0.002266931,39.76
LE74,0.007227154,0.008399178,0.011542794,0.01333498,0.017969641,0.010394282,0.007668436,0.007098709,0.00666675,0.005553503,0.001474947,0.001610373,0.001412621,0.001309857,0.001638474,16.63
LE75,0.011956424,0.014667777,0.019210288,0.021130766,0.025214168,0.017194482,0.013418245,0.012832011,0.011908955,0.008809065,0.00234792,0.002499108,0.002278367,0.002047395,0.002506529,8.25
LE76,0.008300928,0.009913925,0.014558569,0.016759423,0.021803857,0.012834607,0.009468916,0.008583835,0.007990677,0.008320718,0.002179159,0.002389582,0.002176977,0.00202055,0.002425188,12.17
LE77,0.008384462,0.010183621,0.013594222,0.014763814,0.016722383,0.008628786,0.006127767,0.00585601,0.005387899,0.003726526,0.000987256,0.000965938,0.000873191,0.000875424,0.001056668,5.07
LE78,0.008866594,0.011291604,0.015205444,0.016631679,0.019247939,0.011855785,0.009076303,0.008832102,0.008207282,0.005315076,0.001455315,0.001700809,0.00155139,0.001713989,0.001967995,2.84
LE79,0.011281194,0.015005727,0.02018324,0.022149033,0.026405001,0.020535808,0.017262998,0.016917525,0.015585126,0.011438168,0.00307252,0.003625138,0.003411556,0.003071557,0.003548168,3.41
LE81,0.010923793,0.015256644,0.020475612,0.022763613,0.028050321,0.022944791,0.019503602,0.019012708,0.01752386,0.013274291,0.003486461,0.004758739,0.004365685,0.003550158,0.004229702,3.91
LE82,0.010805508,0.014044404,0.018540897,0.020061989,0.022915295,0.01527834,0.011857176,0.011640214,0.010714786,0.00704264,0.001810251,0.002245579,0.002015908,0.001890723,0.00216117,2.71
LE83,0.006600489,0.009223699,0.013642743,0.015613828,0.020131654,0.0135971,0.010620434,0.010232553,0.009409278,0.006784787,0.001752232,0.002276436,0.002163305,0.001918194,0.002001373,7.46
LE84,0.008562782,0.011807904,0.016752548,0.018608513,0.022231118,0.01492587,0.01153764,0.011164069,0.010356409,0.007066117,0.001921071,0.002394854,0.002274704,0.002072576,0.002321719,3.51
LE85,0.004382943,0.006860874,0.011424583,0.013807129,0.019985705,0.017051951,0.01517265,0.014836375,0.013917952,0.011322959,0.002986987,0.003780951,0.003436687,0.003064259,0.003625303,7.69
LE86,0.010494217,0.015071755,0.020805106,0.023492,0.029356071,0.025834908,0.022882103,0.022524202,0.021134247,0.016828584,0.004613716,0.005163024,0.004671563,0.004436312,0.005208879,4.86
LE87,0.009378782,0.013396411,0.019159356,0.021855565,0.027711726,0.024066639,0.021788623,0.021509498,0.020112161,0.017050512,0.004641552,0.005298215,0.004691448,0.00436837,0.005004088,8.09
LE88,0.008861128,0.012197101,0.017150569,0.01867893,0.021158568,0.011749124,0.00854479,0.00832483,0.007631914,0.004705089,0.001375382,0.0016454,0.00158603,0.001309348,0.001615226,1.88
LE89,0.010027663,0.013821726,0.019464761,0.021999781,0.027508495,0.022576046,0.018594605,0.018126742,0.01722505,0.01317814,0.003456319,0.003559098,0.003351051,0.003129748,0.003777925,7.69
LE90,0.010110375,0.012032606,0.015186271,0.015926044,0.016835558,0.008401106,0.005884422,0.005714064,0.005229058,0.003276306,0.000832085,0.000967113,0.000873156,0.000753217,0.0010055,2.77
LE91,0.00780688,0.01079089,0.015330886,0.017522018,0.0224519,0.015749988,0.012070979,0.011660566,0.010887937,0.007942563,0.001779622,0.002129782,0.001945659,0.001851165,0.002142332,6.57
LE92,0.008141079,0.009986837,0.01353889,0.015135377,0.018070546,0.013412296,0.010119036,0.009614585,0.008874156,0.007178812,0.001975701,0.002014232,0.001719918,0.001662972,0.001985553,13.83
LE93,0.006057298,0.009234778,0.014303498,0.016719155,0.022974654,0.019782018,0.01700734,0.016605831,0.015694823,0.012942123,0.003565866,0.003210992,0.00318682,0.003128404,0.0035453,8.49
LE94,0.010512465,0.014311098,0.019685575,0.022049227,0.027105065,0.021934614,0.018407748,0.017992758,0.01668735,0.012678735,0.003221125,0.00341042,0.003284198,0.003049451,0.00355493,5.82
LE95,0.012603939,0.015949408,0.020438903,0.022209338,0.025607706,0.019840961,0.016377344,0.016075968,0.014818253,0.010806966,0.002853229,0.002908594,0.002623931,0.002459645,0.003054785,2.9
LE96,0.009598473,0.012411409,0.01648454,0.017806627,0.020012267,0.012547141,0.009456511,0.009151978,0.008349945,0.005564,0.001470234,0.001535563,0.001355792,0.001200017,0.001533336,2.65
LE97,0.007572537,0.01011403,0.013485701,0.015159098,0.01686063,0.011422814,0.008685783,0.008126056,0.007402179,0.005400292,0.000976353,0.001416602,0.00151664,0.001439559,0.001595662,5.2
LE98,0.007786109,0.009902328,0.013141418,0.013983043,0.014907667,0.00774329,0.005356026,0.005356021,0.004854376,0.003105273,0.00081184,0.000617103,0.000576989,0.000806747,0.001030153,3.95
LE99,0.00399399,0.005346508,0.008159667,0.009423216,0.012142472,0.006815437,0.004907135,0.004738018,0.004349541,0.002725653,0.000731908,0.000700599,0.000650617,0.000633494,0.000760311,3.57
LE100,0.004284824,0.006719902,0.010779424,0.012201742,0.014532246,0.007994935,0.005661783,0.005486787,0.005044248,0.003161853,0.000787985,0.000912131,0.000841967,0.000693996,0.000913352,2.19
LE101,0.009578456,0.012473722,0.01702093,0.019274883,0.024650579,0.019764472,0.016271922,0.015793518,0.014780625,0.011256167,0.002993354,0.003000928,0.002669483,0.002581426,0.003192621,7.55
LE102,0.012098489,0.015235193,0.020006187,0.021888274,0.025541263,0.017800576,0.013738811,0.013323982,0.012260254,0.008496641,0.002195071,0.002156551,0.001883333,0.001867776,0.002368575,5.26
LE103,0.009528973,0.013249887,0.019118797,0.021137572,0.024594685,0.016607165,0.012643405,0.012309057,0.01137218,0.00768191,0.001994217,0.0018886,0.001634137,0.00159482,0.002108971,4.28
LE104,0.008482323,0.011630496,0.016410777,0.017761855,0.019603157,0.009785511,0.006770328,0.006568477,0.005977934,0.003598956,0.001052599,0.001097547,0.001004342,0.000915191,0.001055645,1.56
LE105,0.004041312,0.008221877,0.013331724,0.016197034,0.024216606,0.024742641,0.023872739,0.023928816,0.022409513,0.018047989,0.004779822,0.004578055,0.003791691,0.003631216,0.005036331,4.1
LE106,0.010533016,0.013912554,0.018921792,0.021002374,0.025083262,0.017401664,0.013210901,0.012825831,0.011722017,0.007795144,0.002216494,0.002071381,0.001780858,0.001747614,0.002283411,2.89
LE107,0.000453985,0.005566915,0.011579377,0.015537671,0.025683253,0.029878923,0.030961194,0.03165757,0.0301657,0.02727435,0.01067468,0.010934184,0.009649387,0.009117688,0.011410611,4.4
LE108,0.005943662,0.008819849,0.012873752,0.015007379,0.020369602,0.018777865,0.016483585,0.01623541,0.015193955,0.012054542,0.0031483,0.003086698,0.002776468,0.002682958,0.003342589,6.2
LE109,0.000377176,0.003957925,0.009118147,0.012318749,0.020845953,0.022990857,0.021965283,0.021687663,0.020447496,0.019772032,0.005401702,0.004954469,0.004377799,0.004507357,0.005746169,18.65
LE110,0.002392239,0.006336579,0.011641118,0.014774475,0.022670023,0.024318579,0.024117393,0.02429224,0.022859613,0.018984163,0.004934031,0.005207313,0.004628187,0.004322275,0.005308995,2.82
LE112,0.001849223,0.002587734,0.004331814,0.005513392,0.008743855,0.005824171,0.004241534,0.004048928,0.004155085,0.004127693,0.001263445,0.001825823,0.001896268,0.001595685,0.001538279,37.57
LE113,0.001100044,0.001438658,0.003015943,0.003989519,0.006447759,0.002669668,0.002057581,0.001939614,0.001888595,0.00154062,0.000361153,0.000686468,0.000815192,0.000574323,0.000629854,16.71
LE114,0.004208945,0.005247922,0.00716091,0.008338319,0.011625743,0.010545734,0.009210311,0.00904911,0.008465098,0.005974926,0.00164532,0.001402638,0.001447483,0.001369788,0.001880188,6.27
LE115,0.001505659,0.002319508,0.00414141,0.005143489,0.008416203,0.006014097,0.004391323,0.004271204,0.004300173,0.003915178,0.000945842,0.001173477,0.001037909,0.000899436,0.00111441,35.41
LE116,0.000241659,0.003341564,0.007974436,0.010771992,0.01813027,0.020541471,0.020709144,0.020863252,0.019976714,0.018460229,0.005831098,0.006310205,0.005761484,0.005444641,0.007073218,15.31
LE117,0.007628659,0.009483994,0.014042674,0.016863481,0.024645267,0.015961829,0.011926092,0.010935964,0.01015398,0.009340125,0.002573827,0.002637705,0.002404867,0.002328486,0.00283464,20.09
LE118,0.003741361,0.004045234,0.005626462,0.006424918,0.008755066,0.004493452,0.003175258,0.002979094,0.002822964,0.002443298,0.000648999,0.000543258,0.00048561,0.000552077,0.000575492,15.58
LE119,0.004976829,0.00915884,0.015695693,0.019527314,0.030245476,0.031424564,0.029244846,0.028690613,0.027354187,0.024938149,0.006664099,0.006905306,0.006285216,0.005956448,0.0075812,22.27
LE120,0.004391343,0.004963594,0.007071327,0.00847744,0.013072308,0.009003872,0.007277016,0.006508455,0.006234676,0.007840746,0.002127831,0.002344775,0.002159331,0.002007109,0.002364394,51.92
LE121,0.005180361,0.007940537,0.013059246,0.016181236,0.0252828,0.025234274,0.02207365,0.021157746,0.020172753,0.019554496,0.00530419,0.005552809,0.005118304,0.004888817,0.006020077,31.35
LE122,0.011854166,0.015083426,0.02097566,0.024282222,0.031904093,0.023167856,0.018574225,0.017556964,0.016211126,0.013761561,0.003674792,0.003871145,0.003405463,0.00320764,0.004019115,12.21
LE123,0.009790438,0.011292055,0.014724576,0.016526685,0.020306492,0.011789142,0.008581063,0.008121242,0.00749546,0.005706291,0.001524598,0.001510332,0.001356145,0.001281696,0.001615886,14.52
LE124,0.008820221,0.010093366,0.014756001,0.017719589,0.025368765,0.016102337,0.012203106,0.010921807,0.010182507,0.011326016,0.003011937,0.003140147,0.002891648,0.002731984,0.003291163,32.5
LE125,0.004840029,0.005762457,0.009066241,0.010860669,0.015429855,0.008456719,0.006300664,0.005681652,0.005251336,0.005266081,0.001412407,0.001519649,0.00139179,0.001329696,0.001579298,21.52
LE126,0.004582652,0.005071898,0.007016664,0.007797373,0.009453126,0.004417738,0.003279313,0.003022004,0.002750377,0.002041121,0.000457254,0.000510363,0.000556546,0.000485131,0.000601543,7.33
LE127,0.002011655,0.002533802,0.005597109,0.007653797,0.014227616,0.008115781,0.005987801,0.004899449,0.004572437,0.007371361,0.001857185,0.001917253,0.001733667,0.001622944,0.00193332,39.98
LE128,0.00383472,0.004668822,0.006858688,0.007982292,0.011774238,0.006803119,0.004711442,0.004306347,0.00424775,0.003729144,0.000920111,0.000960085,0.000957585,0.000869235,0.001061822,23.1
LE129,0.005600494,0.007533383,0.011425597,0.013607724,0.020178717,0.017354254,0.014596842,0.014012315,0.013172237,0.010871726,0.002967065,0.003055817,0.002755095,0.00264495,0.003221229,15.97
LE130,0.006172879,0.006986991,0.009457694,0.010700116,0.013954122,0.006934579,0.004737762,0.004460837,0.004219537,0.003213323,0.000930306,0.000970715,0.000853565,0.000866717,0.000979598,16.17
LE131,0.006784125,0.007978598,0.010925948,0.012135864,0.014569583,0.007401988,0.005296,0.004954554,0.004608327,0.003408313,0.00098294,0.001034068,0.000864881,0.000818058,0.001013513,10.32
LE132,0.004123934,0.004749482,0.007080588,0.008383921,0.011725811,0.006102401,0.004367576,0.004049992,0.003742731,0.003191152,0.000892353,0.000969948,0.00090838,0.000871035,0.000879098,16.1
LE133,0.004253558,0.004514191,0.007091827,0.008794566,0.013827466,0.006847557,0.004890762,0.004255745,0.003993711,0.004714193,0.001320645,0.001464783,0.001337939,0.001200139,0.001418865,27.06
LE134,0.003274725,0.003522341,0.005869363,0.007354133,0.011973902,0.005864559,0.004624269,0.003954098,0.003713497,0.004847109,0.001343609,0.001558786,0.001483419,0.001302996,0.001557787,30.56
LE135,0.001420036,0.000103546,0.003190103,0.006310883,0.020344932,0.006638326,0.005881405,0.003530516,0.003612577,0.032341876,0.023861739,0.024689681,0.022325167,0.021308319,0.026132962,531.7
LE136,0.002355745,0.00249602,0.004856238,0.006583755,0.011838111,0.00548695,0.004374629,0.003518649,0.00334038,0.005803331,0.001537493,0.001636343,0.001459257,0.001392494,0.001630168,38.02
LE137,0.004577769,0.006411549,0.010317909,0.012666994,0.019630093,0.016714853,0.014255535,0.013422141,0.012679246,0.01235019,0.003394084,0.003585327,0.003222417,0.003076613,0.003765706,35.12
LE138,0.006227744,0.007332483,0.010574407,0.012298582,0.016668642,0.008546141,0.005907142,0.005463339,0.005111759,0.004343667,0.001161522,0.001391501,0.001312124,0.001154595,0.001315637,15.05
LE139,0.004438459,0.00527271,0.007689252,0.008752139,0.011232977,0.005596114,0.003865739,0.003645208,0.003439308,0.002548357,0.000674613,0.000808118,0.000744408,0.000670088,0.000746222,12.39
LE140,0.00367557,0.004210946,0.007068585,0.00871789,0.012854197,0.006166142,0.004437438,0.003911032,0.003733362,0.003520522,0.000982948,0.001507163,0.00147232,0.00122575,0.001290812,17.16
LE141,0.002893826,0.002888981,0.006569373,0.009192681,0.018329951,0.008418849,0.006732434,0.005130175,0.004758395,0.010940751,0.002885053,0.003033839,0.002772101,0.002676642,0.003335079,111.87
LE142,0.003333725,0.003491359,0.006344801,0.008152038,0.014040325,0.007368737,0.005935671,0.004886657,0.004526885,0.007773384,0.002037915,0.002146839,0.001826983,0.001701539,0.002319998,54.72
LE143,0.00202727,0.002211612,0.00587392,0.008419129,0.016760696,0.007674295,0.006766686,0.005042352,0.004713334,0.014193251,0.003938244,0.004036606,0.003710394,0.003565163,0.004433497,110.88
LE144,0.002801891,0.00309567,0.005768477,0.007551418,0.012735393,0.006227129,0.005101305,0.004113839,0.003793461,0.006238623,0.001613422,0.001822076,0.001617957,0.001352782,0.00178469,31.45
LE145,0.003867719,0.005220799,0.009655496,0.012447076,0.020906209,0.013897045,0.012449802,0.010881293,0.010283161,0.015825436,0.004309909,0.004418972,0.00393831,0.003810936,0.004921965,120.78
LE146,0.006974184,0.007125478,0.010457697,0.01264831,0.017681862,0.0095321,0.006875473,0.006105069,0.005687205,0.005580487,0.001549493,0.001881546,0.001615445,0.001462345,0.001755136,22.04
LE147,0.004289596,0.004972353,0.007927319,0.009412935,0.012841613,0.006764774,0.004746279,0.004332234,0.004061717,0.003768472,0.001027207,0.001203576,0.001120744,0.001014475,0.001171217,15.91
LE148,0.004660002,0.005182221,0.008125645,0.009881725,0.013693919,0.006790502,0.005237272,0.00467648,0.004299628,0.00396507,0.000977026,0.001137299,0.001007205,0.000852627,0.001131767,16.24
LE149,0.003623919,0.003970441,0.007736687,0.010120303,0.017531433,0.009985086,0.007982238,0.006511938,0.006118394,0.011004192,0.00284985,0.003147482,0.002942891,0.00281044,0.003362477,73.33
LE150,0.004228816,0.004447594,0.007096084,0.008680834,0.012302697,0.00490281,0.003471549,0.003171058,0.002985094,0.002521284,0.000655706,0.000737479,0.000610659,0.000633349,0.000857106,12.97
LE151,0.003116456,0.003938709,0.008601994,0.0115756,0.021312294,0.012240055,0.01061983,0.008652464,0.00810091,0.016180999,0.004283048,0.004531438,0.003918462,0.003482063,0.004547559,116
LE152,0.001155914,0.001265013,0.005599897,0.008321891,0.01714488,0.009025037,0.007135328,0.00490223,0.004570343,0.014686831,0.003930105,0.004323682,0.003937889,0.003650658,0.004411153,113.49
LE153,0.002493403,0.002916751,0.00718243,0.010094744,0.020275414,0.011294372,0.009121053,0.007181241,0.006784943,0.015263414,0.003893652,0.004248596,0.003675222,0.003489208,0.004252129,92.55
LE154,0.002768245,0.003706932,0.006680117,0.008382468,0.01263237,0.006960774,0.005121456,0.004609415,0.004290571,0.004264217,0.00105455,0.001100806,0.000993821,0.000911917,0.001336702,22.55
LE155,0.005391057,0.006376165,0.009846925,0.011746568,0.015830956,0.009477752,0.007540347,0.006807207,0.006273062,0.005906261,0.001605251,0.001591602,0.00147544,0.001429922,0.001777082,18.89
LE156,0.00679807,0.010317572,0.01679122,0.020470331,0.030520351,0.025097961,0.021979329,0.020219818,0.019027809,0.022197061,0.005828538,0.005824878,0.005347104,0.005150314,0.006451924,46.9
LE157,0.010764136,0.011700704,0.014352166,0.015509881,0.017861506,0.009981022,0.007323257,0.006931291,0.006386352,0.004603394,0.001224422,0.001112276,0.001037879,0.001046731,0.00124436,8.88
LE158,0.003445747,0.004949767,0.008418483,0.010446978,0.016215685,0.01211406,0.010203121,0.008959827,0.008407625,0.012112044,0.003230859,0.00320273,0.002878331,0.002812396,0.003595951,66.56
LE159,0.008053475,0.009188836,0.011791829,0.012595291,0.013895508,0.006196539,0.004210477,0.003963805,0.003586368,0.00241749,0.000558948,0.000602897,0.000612022,0.000559413,0.000607013,5.56
LE160,0.002643303,0.005599133,0.011170108,0.014403571,0.023385006,0.020011659,0.01783618,0.016193616,0.015359391,0.020237621,0.005250619,0.005239041,0.00473449,0.00457454,0.006075411,45.6
LE161,0.009117762,0.011901329,0.017661041,0.020629958,0.028510112,0.022583836,0.018873056,0.017266589,0.01607666,0.018331449,0.004887843,0.004912935,0.004357876,0.004160932,0.005345296,41.23
LE162,0.007188641,0.010277047,0.015791648,0.018759436,0.026657108,0.022131602,0.019640524,0.018296641,0.017157945,0.018869533,0.005020206,0.005036989,0.004448685,0.004294978,0.005613242,39.43
LE163,0.009324955,0.011093141,0.015729108,0.018179613,0.024343156,0.017513836,0.014230299,0.013007075,0.012135761,0.01241581,0.003278805,0.003286153,0.002959207,0.003018708,0.003696463,28.04
LE164,0.007569532,0.008525779,0.01184494,0.014028425,0.01981746,0.013044002,0.009291297,0.008356652,0.007884721,0.008095957,0.002159222,0.002159311,0.002012379,0.001907212,0.002358452,29.32
LE165,0.007392179,0.008326302,0.010524182,0.011211683,0.01177923,0.0050769,0.003446165,0.003298177,0.003043383,0.001899405,0.000560416,0.0006177,0.000534406,0.000440094,0.000609716,3.97
LE166,0.005743517,0.009010287,0.015047034,0.018726927,0.029126179,0.022955225,0.02012556,0.018362443,0.017239583,0.021800346,0.005643128,0.005774302,0.00524683,0.004948954,0.006279012,61.91
LE167,0.005391225,0.006334357,0.009177067,0.010800112,0.015459729,0.008821915,0.006185972,0.00565741,0.00536159,0.005443675,0.001205011,0.001497721,0.001284565,0.001114521,0.001302114,29.45
LE168,0.000149307,0.000625919,0.006104281,0.010008719,0.023582023,0.012362159,0.009877787,0.006840662,0.006396441,0.024503531,0.011728822,0.012035758,0.010910893,0.010381048,0.012679893,180.38
LE169,0.010765792,0.013670072,0.019785183,0.02306694,0.032359563,0.024547458,0.020450007,0.018929221,0.017571989,0.017841863,0.004654722,0.004641047,0.004408169,0.004178939,0.005099113,33.49
LE170,0.000742494,0.000291431,0.005518345,0.009107613,0.021538002,0.009202594,0.006477541,0.003854209,0.003698825,0.017072755,0.007239136,0.007441159,0.006720912,0.0062707,0.007433519,166.81
LE171,0.000748548,0.000297532,0.004900485,0.008148146,0.018465541,0.008056855,0.00480776,0.002749185,0.002581963,0.008639247,0.002467935,0.00269797,0.002478513,0.002218429,0.002529588,35.15
LE172,0.006723863,0.008120154,0.013034294,0.016086711,0.02607011,0.016863658,0.012724394,0.011170217,0.010500356,0.012265326,0.003317267,0.003462728,0.003087344,0.002921943,0.003593071,33.54
LE173,0.001404867,0.001575168,0.00658589,0.010142697,0.022928856,0.011866853,0.009196351,0.006786448,0.006437886,0.015551423,0.004094262,0.004265549,0.003889733,0.003620791,0.004564472,89.16
LE174,0.005453886,0.006691255,0.010750666,0.012943008,0.018621097,0.010961823,0.007931186,0.00708519,0.006604085,0.006261733,0.001594491,0.001792835,0.001556659,0.001518727,0.001738859,17.74
LE175,0.004760062,0.005734144,0.007765924,0.008441528,0.009719355,0.004113042,0.002741884,0.002626675,0.002381227,0.001526698,0.000403949,0.000396215,0.000375186,0.000338354,0.000441839,3.63
LE176,0.000435957,0.005086015,0.01144584,0.015512483,0.026463848,0.031790035,0.034475369,0.035603051,0.033911303,0.030379092,0.010585458,0.011084418,0.010295009,0.009739057,0.012255242,5.12
LE177,0.00499222,0.006565037,0.009451693,0.01121528,0.016468344,0.01532834,0.012658648,0.011967065,0.011498449,0.009639221,0.002373812,0.002522589,0.002110489,0.002033784,0.002535394,16.14
LE178,0.000364191,0.005260026,0.011233536,0.015222824,0.02602137,0.032606935,0.036483677,0.037709569,0.036410248,0.035073408,0.019307085,0.020271455,0.018300599,0.017572732,0.022060191,4.81
LE179,0.005952514,0.008732981,0.01360019,0.016389127,0.024401916,0.02331971,0.019467474,0.01848169,0.017655506,0.015549651,0.004184813,0.004187885,0.003915354,0.003543403,0.004456152,21.67
LE180,0.007886448,0.009972668,0.013534295,0.01489934,0.017864531,0.009449728,0.00657268,0.006387093,0.005795395,0.00372872,0.001107665,0.001085299,0.001187261,0.001086082,0.00115184,3.44
LE181,0.006115503,0.009195473,0.014153077,0.01697927,0.024655531,0.023394199,0.021171781,0.020984233,0.019523091,0.014381237,0.003780732,0.00392712,0.003583504,0.003379664,0.00406453,2.99
LE182,0.003976034,0.004339657,0.005594394,0.006437921,0.009944157,0.007235137,0.004456763,0.004091191,0.004154972,0.004449071,0.001077399,0.001078376,0.000957772,0.000944059,0.00117765,43.02
LE183,0.002626636,0.002761719,0.003515134,0.00405379,0.006578594,0.004189637,0.002474951,0.002280128,0.002469123,0.00261269,0.000676772,0.000668847,0.0006025,0.000514687,0.000698814,42.01
LE184,0.004852469,0.006287582,0.009163675,0.010972813,0.016347386,0.01599422,0.013876036,0.013381369,0.012644513,0.010821605,0.002929097,0.002983795,0.00268602,0.002609598,0.003193689,19.99
LE185,0.004612553,0.005156916,0.006530237,0.00743928,0.010655427,0.008476627,0.005999503,0.005615048,0.005551309,0.00491817,0.001378535,0.001104704,0.001070327,0.001171951,0.001353436,33.76
LE186,0.004342427,0.006698384,0.010883018,0.013527612,0.02075278,0.022341391,0.020708214,0.020121513,0.019229825,0.018274354,0.004667028,0.00461354,0.004236828,0.004222485,0.005323107,28.91
LE187,0.003991553,0.004227483,0.005204502,0.005826545,0.008591277,0.005886327,0.003739374,0.003446819,0.003501922,0.003301289,0.000871731,0.000748242,0.000736896,0.000750101,0.000812473,36.06
LE188,0.003160658,0.00337386,0.004229034,0.004750236,0.006250155,0.002659228,0.001729612,0.001714917,0.001654629,0.001106513,0.000324452,0.000372526,0.000444889,0.00028552,0.00034277,10.24
LE189,0.002710909,0.002915048,0.003674211,0.00409238,0.00556709,0.003077811,0.002103467,0.002033948,0.001917074,0.001320583,0.000374119,0.000365682,0.00032833,0.000309647,0.000372996,8.31
LE190,0.005079523,0.006289511,0.008886316,0.010306037,0.014807457,0.010860121,0.007740425,0.007321826,0.006921535,0.006172848,0.001696913,0.001645385,0.001411191,0.001305797,0.001928395,28.35
LE191,0.004860758,0.005505683,0.007076489,0.007483862,0.007901069,0.002849017,0.001836347,0.001888686,0.001708776,0.000995677,0.000290232,0.000419395,0.000448709,0.000186294,0.000311144,3.04
LE192,0.005320821,0.006622516,0.009162068,0.010565374,0.014652248,0.010840478,0.00839302,0.007970221,0.00766381,0.005862465,0.001736696,0.001775967,0.001544324,0.001206229,0.001801688,11.18
LE193,0.003655974,0.006081534,0.010486892,0.012966686,0.020364563,0.02069291,0.018216805,0.017550404,0.016790513,0.01632758,0.004366785,0.00467634,0.004218456,0.004015401,0.005061087,32.08
LE194,0.00911641,0.01007379,0.01235738,0.013733951,0.018338204,0.015251951,0.011624011,0.010998961,0.010515317,0.008861448,0.002696019,0.002007511,0.001641139,0.001903605,0.00279508,25.88
LE195,0.004349769,0.004808577,0.006109097,0.006782057,0.008346096,0.005178334,0.003659731,0.003716654,0.003303992,0.00238426,0.000672534,0.000682473,0.00080961,0.00064213,0.000697312,8.61
LE196,0.007178458,0.009230565,0.013009116,0.01501745,0.020793896,0.015922695,0.012050835,0.011461839,0.010830639,0.008481447,0.002384529,0.002256717,0.002120653,0.002104382,0.002503328,14.92
LE197,0.003801247,0.004652431,0.00733873,0.009156581,0.01415157,0.008815458,0.007296339,0.00661328,0.006232695,0.007253704,0.00197623,0.002039658,0.001878661,0.001841321,0.002162164,35.15
LE198,0.003263867,0.003456644,0.004692583,0.005376808,0.006689642,0.002214604,0.001473551,0.001468972,0.001449051,0.000869673,0.000229384,0.000288338,0.000229078,0.000253779,0.000253709,6.7
LE199,0.000934234,0.001338513,0.004117288,0.006135225,0.012559945,0.006814569,0.005668073,0.004585771,0.00439412,0.009882799,0.00254368,0.002810885,0.002491341,0.002321141,0.002968881,88.92
LE200,0.003794509,0.004440494,0.00713288,0.008848724,0.01423471,0.007973697,0.00705336,0.006293495,0.005920643,0.007561764,0.00230441,0.002411587,0.002197737,0.00191266,0.002401126,26.39
LE201,0.004366112,0.006003766,0.009352333,0.011422505,0.017324415,0.015494456,0.012716656,0.011966236,0.011404355,0.011649329,0.003185888,0.003300166,0.003050562,0.002939819,0.003531619,36.51
LE202,0.003728328,0.004708705,0.007460943,0.009189489,0.013697838,0.008288888,0.006651303,0.006094842,0.005729383,0.005878445,0.001446044,0.001516377,0.001322571,0.001290801,0.001650682,28.86
LE203,0.00332889,0.004106435,0.006126824,0.007157024,0.009548955,0.004582412,0.003306889,0.003112981,0.002905478,0.002089223,0.000607132,0.000562342,0.000475362,0.000591855,0.00057687,8.03
LE204,0.004790267,0.006395886,0.009448621,0.011053789,0.014875294,0.008659126,0.006339899,0.005956229,0.005463966,0.004256587,0.001191623,0.001159919,0.001027648,0.001041522,0.001223321,7.92
LE205,0.000383402,0.000194025,0.003545847,0.006131695,0.014298204,0.004348943,0.004518854,0.002886669,0.003017074,0.016865207,0.006643753,0.00673522,0.006176178,0.006066377,0.007409162,143.23
LE206,0.004038172,0.00432559,0.006500658,0.007795673,0.011470247,0.004911056,0.003923244,0.003533763,0.003339873,0.003035601,0.001155606,0.000517963,0.000499821,0.000892244,0.001139103,18.4
LE207,0.001764961,0.002677979,0.005485214,0.00733797,0.012672314,0.007677068,0.007336141,0.006348911,0.006150382,0.010224322,0.002881796,0.002714965,0.002414266,0.002433096,0.003241807,97.5
LE208,0.000964131,0.00219601,0.00563009,0.007601638,0.013325368,0.00851332,0.007802101,0.00719164,0.006697198,0.008204567,0.002151844,0.002709255,0.002732984,0.001812435,0.002718096,49.79
LE209,0.001708957,0.003169715,0.006481265,0.008439497,0.014738573,0.013800704,0.011059629,0.009980754,0.009983856,0.012946513,0.003335054,0.003534917,0.003053588,0.002970264,0.004059372,71.27
LE210,0.007446558,0.009670837,0.013621057,0.015664837,0.020836016,0.01530172,0.012877905,0.012447443,0.011563628,0.009210368,0.002551978,0.002510135,0.002275096,0.00217776,0.0028353,13.98
LE211,0.003822445,0.004647035,0.006886107,0.007980599,0.010385289,0.004359685,0.003208361,0.003039242,0.002828778,0.00202057,0.00068245,0.000678362,0.000578563,0.000605982,0.000682442,7.64
LE212,0.005519158,0.007609701,0.011133698,0.012852486,0.016704445,0.010378934,0.008065714,0.007874546,0.007234517,0.004998004,0.001327799,0.001501238,0.001238764,0.001286465,0.001563621,6.82
LE213,0.006224233,0.005768915,0.008876599,0.010995665,0.017849891,0.007956149,0.006820934,0.005717558,0.005330162,0.008508873,0.002609412,0.00228996,0.002224749,0.002376475,0.002829946,52.36
LE214,0.005613401,0.00540629,0.008199465,0.010150016,0.016667097,0.007574205,0.006516972,0.00543418,0.004978283,0.008075192,0.002296908,0.002310546,0.001984967,0.002005392,0.002556092,42.9
LE215,0.00129751,0.001275474,0.004144451,0.006175385,0.012590913,0.004860259,0.004759236,0.003462949,0.003362272,0.01223665,0.003454799,0.003497933,0.003171342,0.003031548,0.003863612,74.3
LE216,0.001682552,0.001892431,0.004129234,0.005660257,0.010997607,0.005955166,0.00576511,0.004815899,0.004614483,0.009038343,0.002437116,0.002558969,0.002129807,0.002055794,0.002837507,49.63
LE217,0.005090125,0.005889803,0.009004007,0.01082607,0.015936615,0.00839579,0.006158071,0.005754951,0.005551604,0.005365611,0.001484651,0.001560472,0.001345348,0.00138432,0.001706575,20.22
LE218,0.004411024,0.005065554,0.0085217,0.010603108,0.016470539,0.009002428,0.008129332,0.007264832,0.006743619,0.00903387,0.002787937,0.002828706,0.002356764,0.002480099,0.003201134,30.36
LE219,0.005016113,0.005576831,0.011225927,0.014903002,0.027987065,0.014975172,0.012618511,0.010210337,0.009757815,0.015946322,0.004235394,0.004188805,0.0037709,0.003752135,0.004623453,52.87
LE220,0.002943047,0.003643945,0.005696521,0.006540339,0.007460978,0.002452466,0.001892253,0.001916036,0.001857173,0.001055779,0.000421709,0.000573277,0.00046068,0.000265867,0.000431322,5.63
LE221,0.002810608,0.003225966,0.007233037,0.009893981,0.019180469,0.009811005,0.00903856,0.007287516,0.006838603,0.015510577,0.004511195,0.004600559,0.004463842,0.004202562,0.004976407,100.53
LE222,0.002861827,0.003432135,0.006928519,0.009303694,0.018118485,0.009497588,0.00793185,0.006401247,0.006240905,0.009851154,0.00295653,0.002928053,0.002425665,0.002437653,0.002992072,51.57
LE223,0.001668156,0.003160787,0.006929205,0.009204508,0.015756531,0.011628279,0.010398575,0.009269947,0.00885177,0.013971365,0.003966403,0.004228716,0.003812702,0.003842601,0.004447089,81.47
LE224,0.003850354,0.004659791,0.008309363,0.010447894,0.016941086,0.009726238,0.008528745,0.007473561,0.006968435,0.009174263,0.00235226,0.002452593,0.00216397,0.001844943,0.002561576,42.47
LE225,0.004937603,0.006134743,0.009167399,0.010373187,0.012544011,0.005235231,0.003851072,0.003497585,0.003397036,0.002296634,0.000467293,0.000969647,0.000933882,0.000474666,0.000704908,6.22
LE226,0.003191607,0.004108551,0.007902716,0.010039698,0.016050448,0.009221346,0.00780575,0.006852299,0.006076549,0.007919275,0.001732851,0.002346276,0.002109975,0.001840993,0.002315614,29.29
LE227,0.004119967,0.00363358,0.008790752,0.012262905,0.025091021,0.011728949,0.009001826,0.00668985,0.006084771,0.014905804,0.004079291,0.004244177,0.003890588,0.003599332,0.004584716,68.01
LE228,0.004676233,0.004710455,0.006878276,0.008081917,0.010855162,0.004380971,0.003323058,0.003115276,0.002889908,0.002377436,0.000848328,0.001071338,0.001098717,0.000726509,0.000956119,13.36
LE229,0.002387589,0.000172546,0.005287454,0.009405595,0.026109247,0.008770358,0.007922338,0.004445596,0.004121581,0.046236288,0.063522382,0.06641906,0.060038985,0.057146008,0.067545737,140.89
LE230,0.008235557,0.008396003,0.01330073,0.016349331,0.029065158,0.017745543,0.013942328,0.012268849,0.010875287,0.017842181,0.005147488,0.006181165,0.006749549,0.005571466,0.006047628,59.87
LE231,0.00180629,0.000147541,0.005280159,0.009024902,0.021631363,0.00716385,0.00707554,0.004152316,0.003883945,0.032427644,0.032868313,0.034032388,0.030583748,0.028878722,0.03440047,93.65
LE232,0.004840051,0.004999355,0.009534892,0.012228331,0.020433637,0.010460513,0.008825037,0.007323139,0.006776026,0.012606831,0.003316608,0.003824422,0.003232782,0.002891495,0.003870709,72.35
LE233,0.005361114,0.006594674,0.009680116,0.011051548,0.013298477,0.006284497,0.00468742,0.004366849,0.00408024,0.002750411,0.000764652,0.000527808,0.000529986,0.000804975,0.000744913,8.95
LE234,0.005212057,0.00608613,0.010765226,0.013356616,0.021191663,0.011714913,0.009758226,0.008382984,0.007836396,0.010300051,0.002653624,0.002862053,0.002557703,0.002386791,0.003085688,41.19
LE235,0.008273623,0.008575497,0.01166658,0.013381583,0.019489675,0.011750557,0.009147111,0.008255061,0.007658323,0.009106519,0.002441748,0.002517472,0.002480901,0.002253622,0.002618441,52.5
LE236,0.004337564,0.006826164,0.01201855,0.014940781,0.023745771,0.019724552,0.017168372,0.015725785,0.015052162,0.0190596,0.005074691,0.005164204,0.004659103,0.004428751,0.005688719,39.63
LE237,0.005635262,0.006742831,0.010056458,0.011995466,0.018468844,0.01323839,0.010725422,0.009348164,0.009150896,0.01174595,0.00318784,0.003278482,0.003012785,0.002584193,0.00342605,69.27
LE238,0.006630297,0.007998206,0.012552322,0.01498282,0.023080403,0.015650748,0.012379312,0.010898849,0.010372418,0.013734306,0.003794346,0.003781698,0.003497987,0.003358334,0.004147813,54.02
LE239,0.007839303,0.009448364,0.014223317,0.016742216,0.024546314,0.01726618,0.014002927,0.012845093,0.011891144,0.014183657,0.003797378,0.004157534,0.003947484,0.003522111,0.004328036,63.91
LE240,0.0083101,0.008747385,0.011755885,0.013337849,0.018203713,0.010368091,0.007697455,0.007080227,0.00679601,0.006734449,0.00177521,0.002067139,0.001932422,0.001675815,0.00194005,45.48
LE241,0.007933886,0.009330673,0.013663438,0.015952314,0.023564187,0.015227726,0.011066104,0.009847718,0.009509055,0.009923215,0.00255872,0.00255077,0.00219655,0.002118312,0.002734305,31.98
LE242,0.004286121,0.006728637,0.012147355,0.015194851,0.024497929,0.018825129,0.016263865,0.014402989,0.013880622,0.019149251,0.005092991,0.005231665,0.004690153,0.00434391,0.005567193,35.23
LE243,0.005080867,0.007099629,0.011370269,0.013769612,0.022243316,0.016771534,0.012643949,0.011137317,0.010963983,0.014791187,0.003930318,0.003630193,0.00302056,0.003254885,0.004361822,70.64
LE244,0.003193284,0.004018447,0.007144931,0.008850608,0.014854982,0.009337909,0.006810623,0.006321488,0.005964471,0.007600527,0.002094374,0.002846785,0.0027726,0.002542635,0.002536107,45.97
LE245,0.007446886,0.009262265,0.013540518,0.016118711,0.024902477,0.020845561,0.017498444,0.016240621,0.015826919,0.022536876,0.010716475,0.012953111,0.011712454,0.010260875,0.011593922,106.76
LE246,0.003086465,0.004554644,0.008416902,0.010453664,0.018244408,0.013531587,0.010079872,0.008961355,0.008845334,0.012307703,0.003110073,0.00334915,0.002685034,0.00292991,0.003432889,93.65
LE247,0.003076357,0.005401346,0.010132616,0.012642825,0.020339274,0.019061666,0.015278325,0.014359349,0.013683426,0.017181189,0.004618805,0.00520789,0.005018933,0.004508856,0.00554959,69.37
LE248,0.006798317,0.00853648,0.012808087,0.015137104,0.022549668,0.016282708,0.012232234,0.011166631,0.010651855,0.012061241,0.003535179,0.003646429,0.003269906,0.003081958,0.003867982,46.75
LE249,0.006599895,0.007289806,0.010347026,0.01196024,0.017437406,0.009528812,0.00636902,0.005795503,0.005519231,0.004875128,0.001429195,0.001307959,0.001155695,0.001291999,0.001382425,22.62
LE250,0.005697434,0.007042184,0.01079432,0.012764783,0.019167017,0.012039461,0.008295866,0.007655219,0.007319228,0.006827003,0.001663276,0.002177048,0.002026345,0.001486735,0.00205396,25.22
LE251,0.00495431,0.006837452,0.010256635,0.011942351,0.017232682,0.014153532,0.010628983,0.010045299,0.009509278,0.008947424,0.002490387,0.002635632,0.002403577,0.002226056,0.002744385,28.93
LE252,0.002986635,0.005740966,0.010869036,0.013805579,0.02324677,0.019754848,0.016257934,0.014461193,0.013874437,0.019455423,0.005144039,0.004962821,0.004393034,0.004420425,0.005760996,84.24
LE253,0.00481685,0.006318173,0.009890352,0.011653223,0.017945887,0.014556587,0.010658828,0.010596598,0.009531182,0.009765462,0.002821003,0.003273359,0.003054633,0.002102067,0.003313779,32.44
LE254,0.00477631,0.007067051,0.011425825,0.013811235,0.021910736,0.019227679,0.014418852,0.013118989,0.012743138,0.015904068,0.004270767,0.004468244,0.003993486,0.003671192,0.004667908,64.3
LE255,0.009091597,0.010791649,0.014529712,0.016534836,0.023831372,0.019471488,0.013688314,0.012614869,0.012072867,0.014341831,0.004049016,0.004142888,0.004188146,0.00370987,0.004347814,56.4
LE256,0.004456194,0.005501817,0.007970256,0.00927281,0.014104939,0.010488121,0.007134675,0.006926343,0.006774313,0.007250504,0.002538711,0.002477735,0.002424579,0.001903678,0.002580461,54.5
LE257,0.006641953,0.008682198,0.012671647,0.014705642,0.021219892,0.01628675,0.011731355,0.010749624,0.010452167,0.01027818,0.0029096,0.002463758,0.002109097,0.00246464,0.002980907,35.04
LE258,0.006440139,0.008813485,0.013152907,0.015017814,0.019379636,0.012350322,0.009342667,0.008966965,0.008186106,0.005888232,0.001462766,0.001614532,0.001558337,0.001431654,0.001687029,10.8
LE259,0.004589156,0.005638631,0.007779878,0.008500945,0.00942847,0.003907385,0.002710254,0.002637494,0.002396482,0.001523156,0.000470478,0.000758559,0.000480231,0.000381285,0.000479263,4.74
LE260,0.005132625,0.00675861,0.010277626,0.012257842,0.018263559,0.014181598,0.010553311,0.009806078,0.00937969,0.009105938,0.002355347,0.002763087,0.002347143,0.002113154,0.002481697,34.52
LE261,0.004928469,0.006197834,0.009013807,0.010280095,0.013667789,0.008266918,0.006102062,0.005731638,0.005267902,0.004164326,0.000875554,0.001387364,0.001081482,0.000694173,0.000896638,12.34
LE262,0.007114536,0.009935209,0.01499204,0.017560503,0.024796501,0.021060435,0.017302832,0.016632985,0.015619997,0.014373016,0.004071157,0.004446365,0.004199426,0.003778566,0.004557678,25.81
LE263,0.00628326,0.008302667,0.012070502,0.013782646,0.017770141,0.011566991,0.008590764,0.008110613,0.007603761,0.00562756,0.0014325,0.001465003,0.00122744,0.001208901,0.001511203,13.46
LE264,0.006191538,0.00732597,0.009980668,0.011090757,0.013129662,0.006363869,0.00435215,0.004123785,0.003978221,0.002576506,0.000649607,0.000609671,0.000550961,0.000593182,0.000702769,8.59
LE265,0.006624752,0.008557158,0.012061171,0.013498917,0.017002457,0.010416328,0.007516234,0.007193054,0.006720572,0.004751566,0.001348958,0.001364141,0.001324985,0.001206205,0.001385198,9.69
LE266,0.008676723,0.01233873,0.017847829,0.020387537,0.02657518,0.021249898,0.017593942,0.017266076,0.01587168,0.012401748,0.003297147,0.003369892,0.003027153,0.003112071,0.003660792,10.8
LE267,0.006693148,0.009782524,0.015016909,0.017489004,0.023523864,0.017760151,0.014356735,0.013946639,0.012798961,0.008952807,0.002218925,0.002495722,0.002034361,0.001804109,0.002325217,5.46
LE268,0.004983178,0.007383742,0.01170409,0.013922282,0.019842725,0.018265506,0.015834749,0.015436319,0.01458189,0.013002918,0.003596923,0.003406097,0.003301412,0.003305162,0.003799498,22.88
LE269,0.008380389,0.010575759,0.01461542,0.016464639,0.021365122,0.014718012,0.010678347,0.009986192,0.00958413,0.007706782,0.002051975,0.001825631,0.001367602,0.001491798,0.002114761,22.88
LE270,0.004540535,0.006130305,0.00907233,0.01026454,0.013871441,0.007911224,0.005540674,0.005287815,0.005156212,0.003896334,0.000984548,0.001328353,0.001351109,0.000806449,0.001322535,19.7
LE271,0.006592428,0.009811386,0.014609794,0.016839693,0.022035943,0.01541273,0.01223153,0.011911349,0.010880555,0.007816583,0.00190105,0.002388948,0.002545535,0.001970362,0.002218778,6.29
